CHANNEL,EXPECTED_SIGN,name,family,kind,a,b,description,MODEL_VARIANT,FOCAL_REGRESSOR,MODEL_STATUS,COEFFICIENT,STANDARD_ERROR,T_STATISTIC,P_VALUE,CI_LOWER_95,CI_UPPER_95,N_OBSERVATIONS,N_ETFS,N_DATES,COVARIANCE_METHOD,MONTH_FE,COVARIANCE_STATUS,TARGET_VARIANCE,NEGATIVE_DIAGONAL_COUNT,ZERO_DIAGONAL_COUNT,NONFINITE_COV_ELEMENTS,MIN_COV_EIGENVALUE,REGRESSORS,DESIGN_RANK,N_REGRESSORS,CONDITION_NUMBER,WITHIN_ITERATIONS,WITHIN_CONVERGENCE,DF_INFERENCE,cont,binary,cpu,vix,SAMPLE_WINDOW,ERROR_MESSAGE,shock,HOLM_P_WITHIN_FAMILY,BH_Q_WITHIN_FAMILY,EXPECTED_SIGN_MATCH
INTERNAL_FINANCIAL_CAPACITY,POSITIVE,CPU_VIX_CONTINUOUS,SAMPLE_WINDOW_STABILITY,CONTINUOUS,,,FULL_SAMPLE,ETF_FE_DATE_CLUSTER,CPU_VIX_X_ARCH,RELIABLE_ESTIMATE,-9.613480630341352e-05,0.001769035451431982,-0.05434306374448021,0.9567186396793698,-0.0035854899928036777,0.0033932203801968503,1777,23,192,DATE_CLUSTER,False,VALID,3.1294864284231567e-06,0.0,0.0,0.0,1.9385320677641784e-07,CPU_Z|VIX_LEVEL_Z|CPU_X_VIX|CPU_X_ARCH|VIX_X_ARCH|CPU_VIX_X_ARCH|MARKET_RETURN|ENERGY_RETURN|TREASURY_RETURN|VIX_CHANGE,10.0,10.0,48.57442769879292,1.0,1.1027257391465399e-16,191.0,,,,,FULL_SAMPLE,,,1.0,0.9567186396793698,False
INTERNAL_FINANCIAL_CAPACITY,POSITIVE,CPU_AND_VIX_STRESS,SAMPLE_WINDOW_STABILITY,BINARY_PAIR,HIGH_CPU_REGIME,HIGH_VIX_REGIME,FULL_SAMPLE,ETF_FE_DATE_CLUSTER,CPU_AND_VIX_STRESS_AB_X_ARCH,RELIABLE_ESTIMATE,-0.007142148045875695,0.006292078177215573,-1.1351016062925496,0.25775518310816964,-0.01955303308707717,0.005268736995325781,1777,23,192,DATE_CLUSTER,False,VALID,3.959024778819245e-05,0.0,0.0,0.0,8.63096331641404e-07,HIGH_CPU_REGIME|HIGH_VIX_REGIME|CPU_AND_VIX_STRESS_AB|CPU_AND_VIX_STRESS_A_X_ARCH|CPU_AND_VIX_STRESS_B_X_ARCH|CPU_AND_VIX_STRESS_AB_X_ARCH|MARKET_RETURN|ENERGY_RETURN|TREASURY_RETURN|VIX_CHANGE,10.0,10.0,25.038090194764308,1.0,3.148859901019015e-17,191.0,,,,,FULL_SAMPLE,,,1.0,0.48687090142654266,False
INTERNAL_FINANCIAL_CAPACITY,POSITIVE,CPU_VIX_CONTINUOUS,SAMPLE_WINDOW_STABILITY,CONTINUOUS,,,EXCLUDE_2020,ETF_FE_DATE_CLUSTER,CPU_VIX_X_ARCH,RELIABLE_ESTIMATE,0.0020236893421531456,0.001644180281467047,1.2308196156856201,0.22000518892636217,-0.001220780541480782,0.005268159225787073,1619,23,180,DATE_CLUSTER,False,VALID,2.703328797965058e-06,0.0,0.0,0.0,2.6058432492440807e-07,CPU_Z|VIX_LEVEL_Z|CPU_X_VIX|CPU_X_ARCH|VIX_X_ARCH|CPU_VIX_X_ARCH|MARKET_RETURN|ENERGY_RETURN|TREASURY_RETURN|VIX_CHANGE,10.0,10.0,50.014259676092465,1.0,2.5921204651532377e-17,179.0,,,,,EXCLUDE_2020,,,1.0,0.4675110264685196,True
INTERNAL_FINANCIAL_CAPACITY,POSITIVE,CPU_AND_VIX_STRESS,SAMPLE_WINDOW_STABILITY,BINARY_PAIR,HIGH_CPU_REGIME,HIGH_VIX_REGIME,EXCLUDE_2020,ETF_FE_DATE_CLUSTER,CPU_AND_VIX_STRESS_AB_X_ARCH,RELIABLE_ESTIMATE,0.000625149717255658,0.006241032212494163,0.10016767995591286,0.9203233042101031,-0.01169031306043875,0.012940612494950066,1619,23,180,DATE_CLUSTER,False,VALID,3.895048307738979e-05,0.0,0.0,0.0,7.693029421984571e-07,HIGH_CPU_REGIME|HIGH_VIX_REGIME|CPU_AND_VIX_STRESS_AB|CPU_AND_VIX_STRESS_A_X_ARCH|CPU_AND_VIX_STRESS_B_X_ARCH|CPU_AND_VIX_STRESS_AB_X_ARCH|MARKET_RETURN|ENERGY_RETURN|TREASURY_RETURN|VIX_CHANGE,10.0,10.0,26.811080178319415,1.0,1.4482958789427614e-16,179.0,,,,,EXCLUDE_2020,,,1.0,0.9567186396793698,True
INTERNAL_FINANCIAL_CAPACITY,POSITIVE,CPU_VIX_CONTINUOUS,SAMPLE_WINDOW_STABILITY,CONTINUOUS,,,EXCLUDE_2022,ETF_FE_DATE_CLUSTER,CPU_VIX_X_ARCH,RELIABLE_ESTIMATE,0.001147533410458075,0.0015146486329127506,0.7576235078701432,0.44967261585344337,-0.0018413309672292153,0.004136397788145365,1576,23,180,DATE_CLUSTER,False,VALID,2.294160481184464e-06,0.0,0.0,0.0,1.6987213925961025e-07,CPU_Z|VIX_LEVEL_Z|CPU_X_VIX|CPU_X_ARCH|VIX_X_ARCH|CPU_VIX_X_ARCH|MARKET_RETURN|ENERGY_RETURN|TREASURY_RETURN|VIX_CHANGE,10.0,10.0,49.17176682114433,1.0,1.165170610869295e-16,179.0,,,,,EXCLUDE_2022,,,1.0,0.6505901676177479,True
INTERNAL_FINANCIAL_CAPACITY,POSITIVE,CPU_AND_VIX_STRESS,SAMPLE_WINDOW_STABILITY,BINARY_PAIR,HIGH_CPU_REGIME,HIGH_VIX_REGIME,EXCLUDE_2022,ETF_FE_DATE_CLUSTER,CPU_AND_VIX_STRESS_AB_X_ARCH,RELIABLE_ESTIMATE,-0.0031707771194828703,0.0075709737404105505,-0.4188070422908281,0.6758592532997573,-0.018110620740906115,0.011769066501940376,1576,23,180,DATE_CLUSTER,False,VALID,5.7319643377986125e-05,0.0,0.0,0.0,1.2980598491030397e-06,HIGH_CPU_REGIME|HIGH_VIX_REGIME|CPU_AND_VIX_STRESS_AB|CPU_AND_VIX_STRESS_A_X_ARCH|CPU_AND_VIX_STRESS_B_X_ARCH|CPU_AND_VIX_STRESS_AB_X_ARCH|MARKET_RETURN|ENERGY_RETURN|TREASURY_RETURN|VIX_CHANGE,10.0,10.0,23.2414713369468,1.0,2.9005985430800013e-17,179.0,,,,,EXCLUDE_2022,,,1.0,0.806288232006728,False
INTERNAL_FINANCIAL_CAPACITY,POSITIVE,CPU_VIX_CONTINUOUS,SAMPLE_WINDOW_STABILITY,CONTINUOUS,,,EXCLUDE_2020_2022,ETF_FE_DATE_CLUSTER,CPU_VIX_X_ARCH,RELIABLE_ESTIMATE,0.0025017810125885663,0.0030649317852044417,0.8162599326567683,0.41560417365443536,-0.003552645793466068,0.008556207818643202,1229,23,156,DATE_CLUSTER,False,VALID,9.393806847956487e-06,0.0,0.0,0.0,1.795859423151095e-07,CPU_Z|VIX_LEVEL_Z|CPU_X_VIX|CPU_X_ARCH|VIX_X_ARCH|CPU_VIX_X_ARCH|MARKET_RETURN|ENERGY_RETURN|TREASURY_RETURN|VIX_CHANGE,10.0,10.0,52.28099517262232,1.0,5.3546354584748703e-17,155.0,,,,,EXCLUDE_2020_2022,,,1.0,0.6333875479144275,True
INTERNAL_FINANCIAL_CAPACITY,POSITIVE,CPU_AND_VIX_STRESS,SAMPLE_WINDOW_STABILITY,BINARY_PAIR,HIGH_CPU_REGIME,HIGH_VIX_REGIME,EXCLUDE_2020_2022,ETF_FE_DATE_CLUSTER,CPU_AND_VIX_STRESS_AB_X_ARCH,RELIABLE_ESTIMATE,0.011387466060052623,0.013097387305411651,0.8694456225897426,0.3859478053841346,-0.014484944273502184,0.03725987639360743,1229,23,156,DATE_CLUSTER,False,VALID,0.00017154155422795825,0.0,0.0,0.0,1.0039625134520483e-06,HIGH_CPU_REGIME|HIGH_VIX_REGIME|CPU_AND_VIX_STRESS_AB|CPU_AND_VIX_STRESS_A_X_ARCH|CPU_AND_VIX_STRESS_B_X_ARCH|CPU_AND_VIX_STRESS_AB_X_ARCH|MARKET_RETURN|ENERGY_RETURN|TREASURY_RETURN|VIX_CHANGE,10.0,10.0,23.32997793502788,1.0,2.741681757312734e-17,155.0,,,,,EXCLUDE_2020_2022,,,1.0,0.6333875479144275,True
INTERNAL_FINANCIAL_CAPACITY,POSITIVE,CPU_VIX_CONTINUOUS,SAMPLE_WINDOW_STABILITY,CONTINUOUS,,,EXCLUDE_PANDEMIC_2020M03_2021M12,ETF_FE_DATE_CLUSTER,CPU_VIX_X_ARCH,RELIABLE_ESTIMATE,0.0004174926197792319,0.002915029552535572,0.14322071603565234,0.8862864914153843,-0.0053370685240624795,0.006172053763620943,1454,23,170,DATE_CLUSTER,False,VALID,8.497397292155737e-06,0.0,0.0,0.0,1.5850111880357375e-07,CPU_Z|VIX_LEVEL_Z|CPU_X_VIX|CPU_X_ARCH|VIX_X_ARCH|CPU_VIX_X_ARCH|MARKET_RETURN|ENERGY_RETURN|TREASURY_RETURN|VIX_CHANGE,10.0,10.0,46.23994555008449,1.0,7.238593035382726e-17,169.0,,,,,EXCLUDE_PANDEMIC_2020M03_2021M12,,,1.0,0.956626689146764,True
INTERNAL_FINANCIAL_CAPACITY,POSITIVE,CPU_AND_VIX_STRESS,SAMPLE_WINDOW_STABILITY,BINARY_PAIR,HIGH_CPU_REGIME,HIGH_VIX_REGIME,EXCLUDE_PANDEMIC_2020M03_2021M12,ETF_FE_DATE_CLUSTER,CPU_AND_VIX_STRESS_AB_X_ARCH,RELIABLE_ESTIMATE,-0.00284948389499291,0.007098032353088131,-0.40144701422122836,0.6885982063939186,-0.0168617127388766,0.01116274494889078,1454,23,170,DATE_CLUSTER,False,VALID,5.038206328548583e-05,0.0,0.0,0.0,5.322312319468358e-07,HIGH_CPU_REGIME|HIGH_VIX_REGIME|CPU_AND_VIX_STRESS_AB|CPU_AND_VIX_STRESS_A_X_ARCH|CPU_AND_VIX_STRESS_B_X_ARCH|CPU_AND_VIX_STRESS_AB_X_ARCH|MARKET_RETURN|ENERGY_RETURN|TREASURY_RETURN|VIX_CHANGE,10.0,10.0,26.1754071139379,1.0,4.3065047172530145e-17,169.0,,,,,EXCLUDE_PANDEMIC_2020M03_2021M12,,,1.0,0.8073220350825252,False
INTERNAL_FINANCIAL_CAPACITY,POSITIVE,CPU_VIX_CONTINUOUS,SAMPLE_WINDOW_STABILITY,CONTINUOUS,,,PRE_2020,ETF_FE_DATE_CLUSTER,CPU_VIX_X_ARCH,RELIABLE_ESTIMATE,-0.00375161293563992,0.0058872365534680055,-0.6372451491574515,0.5251892809820559,-0.015408929307834697,0.007905703436554858,422,11,120,DATE_CLUSTER,False,VALID,3.465955423648984e-05,0.0,0.0,0.0,2.3379258727056373e-07,CPU_Z|VIX_LEVEL_Z|CPU_X_VIX|CPU_X_ARCH|VIX_X_ARCH|CPU_VIX_X_ARCH|MARKET_RETURN|ENERGY_RETURN|TREASURY_RETURN|VIX_CHANGE,10.0,10.0,48.13821357208148,1.0,8.57660440824173e-17,119.0,,,,,PRE_2020,,,1.0,0.728834104219996,False
INTERNAL_FINANCIAL_CAPACITY,POSITIVE,CPU_AND_VIX_STRESS,SAMPLE_WINDOW_STABILITY,BINARY_PAIR,HIGH_CPU_REGIME,HIGH_VIX_REGIME,PRE_2020,ETF_FE_DATE_CLUSTER,CPU_AND_VIX_STRESS_AB_X_ARCH,ESTIMATION_ERROR,,,,,,,422,11,120,DATE_CLUSTER,False,,,,,,,,,,,,,,,,,,PRE_2020,ValueError: focal regressor has no within variation,,,,False
INTERNAL_FINANCIAL_CAPACITY,POSITIVE,CPU_VIX_CONTINUOUS,SAMPLE_WINDOW_STABILITY,CONTINUOUS,,,POST_2020,ETF_FE_DATE_CLUSTER,CPU_VIX_X_ARCH,RELIABLE_ESTIMATE,-0.00011616062487712242,0.002121525011148531,-0.054753361033550337,0.9564887376514272,-0.004346361350575353,0.004114040100821107,1355,23,72,DATE_CLUSTER,False,VALID,4.500868372928775e-06,0.0,0.0,0.0,2.4312026699768076e-07,CPU_Z|VIX_LEVEL_Z|CPU_X_VIX|CPU_X_ARCH|VIX_X_ARCH|CPU_VIX_X_ARCH|MARKET_RETURN|ENERGY_RETURN|TREASURY_RETURN|VIX_CHANGE,10.0,10.0,53.9721095391878,1.0,2.5096775826028444e-16,71.0,,,,,POST_2020,,,1.0,0.9567186396793698,False
INTERNAL_FINANCIAL_CAPACITY,POSITIVE,CPU_AND_VIX_STRESS,SAMPLE_WINDOW_STABILITY,BINARY_PAIR,HIGH_CPU_REGIME,HIGH_VIX_REGIME,POST_2020,ETF_FE_DATE_CLUSTER,CPU_AND_VIX_STRESS_AB_X_ARCH,RELIABLE_ESTIMATE,-0.009978541198635222,0.007351491353456172,-1.357349239612992,0.17896934317461566,-0.024636998626633617,0.0046799162293631735,1355,23,72,DATE_CLUSTER,False,VALID,5.404442511994086e-05,0.0,0.0,0.0,1.1475618516486e-06,HIGH_CPU_REGIME|HIGH_VIX_REGIME|CPU_AND_VIX_STRESS_AB|CPU_AND_VIX_STRESS_A_X_ARCH|CPU_AND_VIX_STRESS_B_X_ARCH|CPU_AND_VIX_STRESS_AB_X_ARCH|MARKET_RETURN|ENERGY_RETURN|TREASURY_RETURN|VIX_CHANGE,10.0,10.0,26.954188023898148,1.0,3.236443503519829e-17,71.0,,,,,POST_2020,,,1.0,0.41965225296116776,False
INTERNAL_FINANCIAL_CAPACITY,POSITIVE,CPU_VIX_CONTINUOUS,SAMPLE_WINDOW_STABILITY,CONTINUOUS,,,POST_2015,ETF_FE_DATE_CLUSTER,CPU_VIX_X_ARCH,RELIABLE_ESTIMATE,-0.00013417646215982054,0.0017761760492285355,-0.07554232150472852,0.9398984681064328,-0.0036478763752016657,0.0033795234508820246,1657,23,132,DATE_CLUSTER,False,VALID,3.154801357853089e-06,0.0,0.0,0.0,2.0744172750694025e-07,CPU_Z|VIX_LEVEL_Z|CPU_X_VIX|CPU_X_ARCH|VIX_X_ARCH|CPU_VIX_X_ARCH|MARKET_RETURN|ENERGY_RETURN|TREASURY_RETURN|VIX_CHANGE,10.0,10.0,50.28688629374685,1.0,9.252975238426923e-17,131.0,,,,,POST_2015,,,1.0,0.9567186396793698,False
INTERNAL_FINANCIAL_CAPACITY,POSITIVE,CPU_AND_VIX_STRESS,SAMPLE_WINDOW_STABILITY,BINARY_PAIR,HIGH_CPU_REGIME,HIGH_VIX_REGIME,POST_2015,ETF_FE_DATE_CLUSTER,CPU_AND_VIX_STRESS_AB_X_ARCH,RELIABLE_ESTIMATE,-0.007227945286258707,0.00630043781758379,-1.1472131771678393,0.2533844331704585,-0.019691714191027505,0.005235823618510091,1657,23,132,DATE_CLUSTER,False,VALID,3.969551669323999e-05,0.0,0.0,0.0,9.309646364736767e-07,HIGH_CPU_REGIME|HIGH_VIX_REGIME|CPU_AND_VIX_STRESS_AB|CPU_AND_VIX_STRESS_A_X_ARCH|CPU_AND_VIX_STRESS_B_X_ARCH|CPU_AND_VIX_STRESS_AB_X_ARCH|MARKET_RETURN|ENERGY_RETURN|TREASURY_RETURN|VIX_CHANGE,10.0,10.0,25.76926386850227,1.0,2.345069756299365e-17,131.0,,,,,POST_2015,,,1.0,0.48687090142654266,False
INTERNAL_FINANCIAL_CAPACITY,POSITIVE,CPU_VIX_CONTINUOUS,SAMPLE_WINDOW_STABILITY,CONTINUOUS,,,POST_2017,ETF_FE_DATE_CLUSTER,CPU_VIX_X_ARCH,RELIABLE_ESTIMATE,-0.00014691676660979263,0.0017792306908843056,-0.08257319714779239,0.9343451870933911,-0.003674034099925045,0.0033802005667054598,1609,23,108,DATE_CLUSTER,False,VALID,3.1656618513846434e-06,0.0,0.0,0.0,2.1094849618369748e-07,CPU_Z|VIX_LEVEL_Z|CPU_X_VIX|CPU_X_ARCH|VIX_X_ARCH|CPU_VIX_X_ARCH|MARKET_RETURN|ENERGY_RETURN|TREASURY_RETURN|VIX_CHANGE,10.0,10.0,51.07203179996253,1.0,1.3061853235645875e-16,107.0,,,,,POST_2017,,,1.0,0.9567186396793698,False
INTERNAL_FINANCIAL_CAPACITY,POSITIVE,CPU_AND_VIX_STRESS,SAMPLE_WINDOW_STABILITY,BINARY_PAIR,HIGH_CPU_REGIME,HIGH_VIX_REGIME,POST_2017,ETF_FE_DATE_CLUSTER,CPU_AND_VIX_STRESS_AB_X_ARCH,RELIABLE_ESTIMATE,-0.007257187143766471,0.006306014632196523,-1.150835760309461,0.2523651286347516,-0.019758125682717433,0.005243751395184491,1609,23,108,DATE_CLUSTER,False,VALID,3.9765820541476646e-05,0.0,0.0,0.0,9.658555140075508e-07,HIGH_CPU_REGIME|HIGH_VIX_REGIME|CPU_AND_VIX_STRESS_AB|CPU_AND_VIX_STRESS_A_X_ARCH|CPU_AND_VIX_STRESS_B_X_ARCH|CPU_AND_VIX_STRESS_AB_X_ARCH|MARKET_RETURN|ENERGY_RETURN|TREASURY_RETURN|VIX_CHANGE,10.0,10.0,26.029338641534263,1.0,2.8152330270171775e-17,107.0,,,,,POST_2017,,,1.0,0.48687090142654266,False
EXTERNAL_FINANCING_DEPENDENCE,NEGATIVE,CPU_VIX_CONTINUOUS,SAMPLE_WINDOW_STABILITY,CONTINUOUS,,,FULL_SAMPLE,ETF_FE_DATE_CLUSTER,CPU_VIX_X_ARCH,RELIABLE_ESTIMATE,-0.0065355912218848615,0.0022703908290000164,-2.8786194598766213,0.0044495389718504615,-0.011013850834003462,-0.0020573316097662617,883,11,192,DATE_CLUSTER,False,VALID,5.154674516407381e-06,0.0,0.0,0.0,4.954434678419203e-07,CPU_Z|VIX_LEVEL_Z|CPU_X_VIX|CPU_X_ARCH|VIX_X_ARCH|CPU_VIX_X_ARCH|MARKET_RETURN|ENERGY_RETURN|TREASURY_RETURN|VIX_CHANGE,10.0,10.0,71.19006915236682,1.0,9.316820625676569e-17,191.0,,,,,FULL_SAMPLE,,,0.30175252536157543,0.08353818036245594,True
EXTERNAL_FINANCING_DEPENDENCE,NEGATIVE,CPU_AND_VIX_STRESS,SAMPLE_WINDOW_STABILITY,BINARY_PAIR,HIGH_CPU_REGIME,HIGH_VIX_REGIME,FULL_SAMPLE,ETF_FE_DATE_CLUSTER,CPU_AND_VIX_STRESS_AB_X_ARCH,RELIABLE_ESTIMATE,-0.016124357944374956,0.010765567798573315,-1.4977712505337435,0.13584349108692334,-0.03735903122532269,0.005110315336572781,883,11,192,DATE_CLUSTER,False,VALID,0.00011589745002567871,0.0,0.0,0.0,2.7440649504607404e-06,HIGH_CPU_REGIME|HIGH_VIX_REGIME|CPU_AND_VIX_STRESS_AB|CPU_AND_VIX_STRESS_A_X_ARCH|CPU_AND_VIX_STRESS_B_X_ARCH|CPU_AND_VIX_STRESS_AB_X_ARCH|MARKET_RETURN|ENERGY_RETURN|TREASURY_RETURN|VIX_CHANGE,10.0,10.0,36.21488107687065,1.0,5.733428077339427e-17,191.0,,,,,FULL_SAMPLE,,,1.0,0.36949429575643145,True
EXTERNAL_FINANCING_DEPENDENCE,NEGATIVE,CPU_VIX_CONTINUOUS,SAMPLE_WINDOW_STABILITY,CONTINUOUS,,,EXCLUDE_2020,ETF_FE_DATE_CLUSTER,CPU_VIX_X_ARCH,RELIABLE_ESTIMATE,-0.007061064932071606,0.0024501999489564977,-2.8818321276509717,0.004437537137670227,-0.011896057805345564,-0.002226072058797648,799,11,180,DATE_CLUSTER,False,VALID,6.003479789866424e-06,0.0,0.0,0.0,5.064677834112669e-07,CPU_Z|VIX_LEVEL_Z|CPU_X_VIX|CPU_X_ARCH|VIX_X_ARCH|CPU_VIX_X_ARCH|MARKET_RETURN|ENERGY_RETURN|TREASURY_RETURN|VIX_CHANGE,10.0,10.0,75.18058691053076,1.0,4.81467181517668e-17,179.0,,,,,EXCLUDE_2020,,,0.30175252536157543,0.08353818036245594,True
EXTERNAL_FINANCING_DEPENDENCE,NEGATIVE,CPU_AND_VIX_STRESS,SAMPLE_WINDOW_STABILITY,BINARY_PAIR,HIGH_CPU_REGIME,HIGH_VIX_REGIME,EXCLUDE_2020,ETF_FE_DATE_CLUSTER,CPU_AND_VIX_STRESS_AB_X_ARCH,RELIABLE_ESTIMATE,-0.015336434286632629,0.014857977598055655,-1.0322020063241706,0.30337009768487433,-0.04465576221677074,0.013982893643505483,799,11,180,DATE_CLUSTER,False,VALID,0.00022075949830432367,0.0,0.0,0.0,2.3217617043217357e-06,HIGH_CPU_REGIME|HIGH_VIX_REGIME|CPU_AND_VIX_STRESS_AB|CPU_AND_VIX_STRESS_A_X_ARCH|CPU_AND_VIX_STRESS_B_X_ARCH|CPU_AND_VIX_STRESS_AB_X_ARCH|MARKET_RETURN|ENERGY_RETURN|TREASURY_RETURN|VIX_CHANGE,10.0,10.0,39.40631508136156,1.0,1.5117930548087238e-16,179.0,,,,,EXCLUDE_2020,,,1.0,0.5428728063834594,True
EXTERNAL_FINANCING_DEPENDENCE,NEGATIVE,CPU_VIX_CONTINUOUS,SAMPLE_WINDOW_STABILITY,CONTINUOUS,,,EXCLUDE_2022,ETF_FE_DATE_CLUSTER,CPU_VIX_X_ARCH,RELIABLE_ESTIMATE,-0.005824693289583225,0.002100503588132069,-2.7729984954526996,0.00614251326194529,-0.00996962843384775,-0.0016797581453186997,775,11,180,DATE_CLUSTER,False,VALID,4.412115323755698e-06,0.0,0.0,0.0,5.384445013311463e-07,CPU_Z|VIX_LEVEL_Z|CPU_X_VIX|CPU_X_ARCH|VIX_X_ARCH|CPU_VIX_X_ARCH|MARKET_RETURN|ENERGY_RETURN|TREASURY_RETURN|VIX_CHANGE,10.0,10.0,72.80513228413847,1.0,1.1775526790217788e-16,179.0,,,,,EXCLUDE_2022,,,0.39700325417595683,0.08353818036245594,True
EXTERNAL_FINANCING_DEPENDENCE,NEGATIVE,CPU_AND_VIX_STRESS,SAMPLE_WINDOW_STABILITY,BINARY_PAIR,HIGH_CPU_REGIME,HIGH_VIX_REGIME,EXCLUDE_2022,ETF_FE_DATE_CLUSTER,CPU_AND_VIX_STRESS_AB_X_ARCH,RELIABLE_ESTIMATE,-0.020923467741409404,0.009987620899153806,-2.0949401216441976,0.03758367360877835,-0.040632094332858276,-0.0012148411499605313,775,11,180,DATE_CLUSTER,False,VALID,9.975257122521389e-05,0.0,0.0,0.0,3.59598918089004e-06,HIGH_CPU_REGIME|HIGH_VIX_REGIME|CPU_AND_VIX_STRESS_AB|CPU_AND_VIX_STRESS_A_X_ARCH|CPU_AND_VIX_STRESS_B_X_ARCH|CPU_AND_VIX_STRESS_AB_X_ARCH|MARKET_RETURN|ENERGY_RETURN|TREASURY_RETURN|VIX_CHANGE,10.0,10.0,33.644092705584015,1.0,2.918812145385492e-17,179.0,,,,,EXCLUDE_2022,,,1.0,0.19513404505013926,True
EXTERNAL_FINANCING_DEPENDENCE,NEGATIVE,CPU_VIX_CONTINUOUS,SAMPLE_WINDOW_STABILITY,CONTINUOUS,,,EXCLUDE_2020_2022,ETF_FE_DATE_CLUSTER,CPU_VIX_X_ARCH,RELIABLE_ESTIMATE,-0.003738216863084447,0.0030087086322363103,-1.2424655624781815,0.2159412812516426,-0.009681581176298491,0.0022051474501295974,595,11,156,DATE_CLUSTER,False,VALID,9.052327633693288e-06,0.0,0.0,0.0,6.44472383892805e-07,CPU_Z|VIX_LEVEL_Z|CPU_X_VIX|CPU_X_ARCH|VIX_X_ARCH|CPU_VIX_X_ARCH|MARKET_RETURN|ENERGY_RETURN|TREASURY_RETURN|VIX_CHANGE,10.0,10.0,78.4477833225792,1.0,9.250303604334813e-17,155.0,,,,,EXCLUDE_2020_2022,,,1.0,0.4675110264685196,True
EXTERNAL_FINANCING_DEPENDENCE,NEGATIVE,CPU_AND_VIX_STRESS,SAMPLE_WINDOW_STABILITY,BINARY_PAIR,HIGH_CPU_REGIME,HIGH_VIX_REGIME,EXCLUDE_2020_2022,ETF_FE_DATE_CLUSTER,CPU_AND_VIX_STRESS_AB_X_ARCH,RELIABLE_ESTIMATE,-0.010469230519307565,0.007988509565042105,-1.310536143703345,0.19195310144953645,-0.026249629510402436,0.005311168471787305,595,11,156,DATE_CLUSTER,False,VALID,6.381628507076921e-05,0.0,0.0,0.0,3.325214250384739e-06,HIGH_CPU_REGIME|HIGH_VIX_REGIME|CPU_AND_VIX_STRESS_AB|CPU_AND_VIX_STRESS_A_X_ARCH|CPU_AND_VIX_STRESS_B_X_ARCH|CPU_AND_VIX_STRESS_AB_X_ARCH|MARKET_RETURN|ENERGY_RETURN|TREASURY_RETURN|VIX_CHANGE,10.0,10.0,35.53003328410435,1.0,4.2076519672768536e-17,155.0,,,,,EXCLUDE_2020_2022,,,1.0,0.4350936966189493,True
EXTERNAL_FINANCING_DEPENDENCE,NEGATIVE,CPU_VIX_CONTINUOUS,SAMPLE_WINDOW_STABILITY,CONTINUOUS,,,EXCLUDE_PANDEMIC_2020M03_2021M12,ETF_FE_DATE_CLUSTER,CPU_VIX_X_ARCH,RELIABLE_ESTIMATE,-0.006345116532425904,0.00288378801886998,-2.20027148004875,0.029144075861091825,-0.01203800375068094,-0.000652229314170868,717,11,170,DATE_CLUSTER,False,VALID,8.316233337778046e-06,0.0,0.0,0.0,5.972352412273789e-07,CPU_Z|VIX_LEVEL_Z|CPU_X_VIX|CPU_X_ARCH|VIX_X_ARCH|CPU_VIX_X_ARCH|MARKET_RETURN|ENERGY_RETURN|TREASURY_RETURN|VIX_CHANGE,10.0,10.0,68.36680041054474,1.0,7.742141036437633e-17,169.0,,,,,EXCLUDE_PANDEMIC_2020M03_2021M12,,,1.0,0.19513404505013926,True
EXTERNAL_FINANCING_DEPENDENCE,NEGATIVE,CPU_AND_VIX_STRESS,SAMPLE_WINDOW_STABILITY,BINARY_PAIR,HIGH_CPU_REGIME,HIGH_VIX_REGIME,EXCLUDE_PANDEMIC_2020M03_2021M12,ETF_FE_DATE_CLUSTER,CPU_AND_VIX_STRESS_AB_X_ARCH,RELIABLE_ESTIMATE,-0.008581833706060556,0.014500489880282108,-0.5918306055114875,0.5547549125636256,-0.037207257266229796,0.020043589854108687,717,11,170,DATE_CLUSTER,False,VALID,0.0002102642067681638,0.0,0.0,0.0,2.8533470871326044e-06,HIGH_CPU_REGIME|HIGH_VIX_REGIME|CPU_AND_VIX_STRESS_AB|CPU_AND_VIX_STRESS_A_X_ARCH|CPU_AND_VIX_STRESS_B_X_ARCH|CPU_AND_VIX_STRESS_AB_X_ARCH|MARKET_RETURN|ENERGY_RETURN|TREASURY_RETURN|VIX_CHANGE,10.0,10.0,39.203557348966164,1.0,8.975076996490326e-17,169.0,,,,,EXCLUDE_PANDEMIC_2020M03_2021M12,,,1.0,0.7408690272434143,True
EXTERNAL_FINANCING_DEPENDENCE,NEGATIVE,CPU_VIX_CONTINUOUS,SAMPLE_WINDOW_STABILITY,CONTINUOUS,,,PRE_2020,ETF_FE_DATE_CLUSTER,CPU_VIX_X_ARCH,RELIABLE_ESTIMATE,-0.004681212043542612,0.004421168604284115,-1.0588178064520124,0.2918272579638438,-0.01343556745068089,0.004073143363595666,208,6,120,DATE_CLUSTER,False,VALID,1.9546731827507552e-05,0.0,0.0,0.0,4.148040719222392e-07,CPU_Z|VIX_LEVEL_Z|CPU_X_VIX|CPU_X_ARCH|VIX_X_ARCH|CPU_VIX_X_ARCH|MARKET_RETURN|ENERGY_RETURN|TREASURY_RETURN|VIX_CHANGE,10.0,10.0,49.50595882735128,1.0,6.725389476094698e-17,119.0,,,,,PRE_2020,,,1.0,0.5363311767984157,True
EXTERNAL_FINANCING_DEPENDENCE,NEGATIVE,CPU_AND_VIX_STRESS,SAMPLE_WINDOW_STABILITY,BINARY_PAIR,HIGH_CPU_REGIME,HIGH_VIX_REGIME,PRE_2020,ETF_FE_DATE_CLUSTER,CPU_AND_VIX_STRESS_AB_X_ARCH,ESTIMATION_ERROR,,,,,,,208,6,120,DATE_CLUSTER,False,,,,,,,,,,,,,,,,,,PRE_2020,ValueError: focal regressor has no within variation,,,,False
EXTERNAL_FINANCING_DEPENDENCE,NEGATIVE,CPU_VIX_CONTINUOUS,SAMPLE_WINDOW_STABILITY,CONTINUOUS,,,POST_2020,ETF_FE_DATE_CLUSTER,CPU_VIX_X_ARCH,RELIABLE_ESTIMATE,-0.0077473815655691985,0.002860310101332074,-2.708580989858816,0.008461830708571483,-0.013450677922102135,-0.0020440852090362607,675,11,72,DATE_CLUSTER,False,VALID,8.181373875782298e-06,0.0,0.0,0.0,8.855686868292451e-07,CPU_Z|VIX_LEVEL_Z|CPU_X_VIX|CPU_X_ARCH|VIX_X_ARCH|CPU_VIX_X_ARCH|MARKET_RETURN|ENERGY_RETURN|TREASURY_RETURN|VIX_CHANGE,10.0,10.0,80.73185773056387,1.0,2.5115711979297987e-16,71.0,,,,,POST_2020,,,0.5330953346400034,0.0959007480304768,True
EXTERNAL_FINANCING_DEPENDENCE,NEGATIVE,CPU_AND_VIX_STRESS,SAMPLE_WINDOW_STABILITY,BINARY_PAIR,HIGH_CPU_REGIME,HIGH_VIX_REGIME,POST_2020,ETF_FE_DATE_CLUSTER,CPU_AND_VIX_STRESS_AB_X_ARCH,RELIABLE_ESTIMATE,-0.01971401976103619,0.01263336237307873,-1.5604729112374789,0.12309478181327978,-0.044904228878427,0.005476189356354615,675,11,72,DATE_CLUSTER,False,VALID,0.00015960184484952142,0.0,0.0,0.0,4.054658668107892e-06,HIGH_CPU_REGIME|HIGH_VIX_REGIME|CPU_AND_VIX_STRESS_AB|CPU_AND_VIX_STRESS_A_X_ARCH|CPU_AND_VIX_STRESS_B_X_ARCH|CPU_AND_VIX_STRESS_AB_X_ARCH|MARKET_RETURN|ENERGY_RETURN|TREASURY_RETURN|VIX_CHANGE,10.0,10.0,40.00417129322886,1.0,4.128384876754286e-17,71.0,,,,,POST_2020,,,1.0,0.34876854847095934,True
EXTERNAL_FINANCING_DEPENDENCE,NEGATIVE,CPU_VIX_CONTINUOUS,SAMPLE_WINDOW_STABILITY,CONTINUOUS,,,POST_2015,ETF_FE_DATE_CLUSTER,CPU_VIX_X_ARCH,RELIABLE_ESTIMATE,-0.0066023909937161064,0.002338366782617103,-2.8235052955750173,0.005492548076164742,-0.011228238281945408,-0.001976543705486805,823,11,132,DATE_CLUSTER,False,VALID,5.467959210047062e-06,0.0,0.0,0.0,6.064612029141653e-07,CPU_Z|VIX_LEVEL_Z|CPU_X_VIX|CPU_X_ARCH|VIX_X_ARCH|CPU_VIX_X_ARCH|MARKET_RETURN|ENERGY_RETURN|TREASURY_RETURN|VIX_CHANGE,10.0,10.0,74.17302060106503,1.0,7.40598348139989e-17,131.0,,,,,POST_2015,,,0.362508173026873,0.08353818036245594,True
EXTERNAL_FINANCING_DEPENDENCE,NEGATIVE,CPU_AND_VIX_STRESS,SAMPLE_WINDOW_STABILITY,BINARY_PAIR,HIGH_CPU_REGIME,HIGH_VIX_REGIME,POST_2015,ETF_FE_DATE_CLUSTER,CPU_AND_VIX_STRESS_AB_X_ARCH,RELIABLE_ESTIMATE,-0.01589264207131032,0.01099717006176011,-1.445157434326944,0.15080155090338904,-0.0376476677099547,0.005862383567334064,823,11,132,DATE_CLUSTER,False,VALID,0.00012093774936727285,0.0,0.0,0.0,3.0610398269808974e-06,HIGH_CPU_REGIME|HIGH_VIX_REGIME|CPU_AND_VIX_STRESS_AB|CPU_AND_VIX_STRESS_A_X_ARCH|CPU_AND_VIX_STRESS_B_X_ARCH|CPU_AND_VIX_STRESS_AB_X_ARCH|MARKET_RETURN|ENERGY_RETURN|TREASURY_RETURN|VIX_CHANGE,10.0,10.0,37.726194970400655,1.0,1.834633430729299e-17,131.0,,,,,POST_2015,,,1.0,0.3777363717646531,True
EXTERNAL_FINANCING_DEPENDENCE,NEGATIVE,CPU_VIX_CONTINUOUS,SAMPLE_WINDOW_STABILITY,CONTINUOUS,,,POST_2017,ETF_FE_DATE_CLUSTER,CPU_VIX_X_ARCH,RELIABLE_ESTIMATE,-0.006659012111276929,0.0023803109222369496,-2.797538779101587,0.006107742371937798,-0.01137770089936702,-0.0019403233231868383,799,11,108,DATE_CLUSTER,False,VALID,5.665880086520517e-06,0.0,0.0,0.0,6.975651971579091e-07,CPU_Z|VIX_LEVEL_Z|CPU_X_VIX|CPU_X_ARCH|VIX_X_ARCH|CPU_VIX_X_ARCH|MARKET_RETURN|ENERGY_RETURN|TREASURY_RETURN|VIX_CHANGE,10.0,10.0,75.58306847684032,1.0,1.1185601186774106e-16,107.0,,,,,POST_2017,,,0.39700325417595683,0.08353818036245594,True
EXTERNAL_FINANCING_DEPENDENCE,NEGATIVE,CPU_AND_VIX_STRESS,SAMPLE_WINDOW_STABILITY,BINARY_PAIR,HIGH_CPU_REGIME,HIGH_VIX_REGIME,POST_2017,ETF_FE_DATE_CLUSTER,CPU_AND_VIX_STRESS_AB_X_ARCH,RELIABLE_ESTIMATE,-0.015859688991496167,0.01108819885013166,-1.430321480148045,0.1555385060207395,-0.037840749997198386,0.006121372014206053,799,11,108,DATE_CLUSTER,False,VALID,0.00012294815374006108,0.0,0.0,0.0,3.265986899609814e-06,HIGH_CPU_REGIME|HIGH_VIX_REGIME|CPU_AND_VIX_STRESS_AB|CPU_AND_VIX_STRESS_A_X_ARCH|CPU_AND_VIX_STRESS_B_X_ARCH|CPU_AND_VIX_STRESS_AB_X_ARCH|MARKET_RETURN|ENERGY_RETURN|TREASURY_RETURN|VIX_CHANGE,10.0,10.0,38.39119104410312,1.0,5.669223955532714e-17,107.0,,,,,POST_2017,,,1.0,0.3777363717646531,True
GROWTH_DURATION_EXPOSURE_FINAL,NEGATIVE,CPU_VIX_CONTINUOUS,SAMPLE_WINDOW_STABILITY,CONTINUOUS,,,FULL_SAMPLE,ETF_FE_DATE_CLUSTER,CPU_VIX_X_ARCH,RELIABLE_ESTIMATE,-0.0016738696249662822,0.002081015824471237,-0.8043521847757183,0.42219362998016324,-0.005778594238839871,0.0024308549889073064,965,13,192,DATE_CLUSTER,False,VALID,4.330626861699701e-06,0.0,0.0,0.0,1.0860562442187224e-07,CPU_Z|VIX_LEVEL_Z|CPU_X_VIX|CPU_X_ARCH|VIX_X_ARCH|CPU_VIX_X_ARCH|MARKET_RETURN|ENERGY_RETURN|TREASURY_RETURN|VIX_CHANGE,10.0,10.0,50.650017732853755,1.0,1.0734073388344778e-16,191.0,,,,,FULL_SAMPLE,,,1.0,0.6333875479144275,True
GROWTH_DURATION_EXPOSURE_FINAL,NEGATIVE,CPU_AND_VIX_STRESS,SAMPLE_WINDOW_STABILITY,BINARY_PAIR,HIGH_CPU_REGIME,HIGH_VIX_REGIME,FULL_SAMPLE,ETF_FE_DATE_CLUSTER,CPU_AND_VIX_STRESS_AB_X_ARCH,RELIABLE_ESTIMATE,-0.012874920245236387,0.0067723946144947365,-1.901088311906783,0.058796091263410136,-0.02623321120203142,0.00048337071155864567,965,13,192,DATE_CLUSTER,False,VALID,4.586532881443731e-05,0.0,0.0,0.0,6.927686241215385e-07,HIGH_CPU_REGIME|HIGH_VIX_REGIME|CPU_AND_VIX_STRESS_AB|CPU_AND_VIX_STRESS_A_X_ARCH|CPU_AND_VIX_STRESS_B_X_ARCH|CPU_AND_VIX_STRESS_AB_X_ARCH|MARKET_RETURN|ENERGY_RETURN|TREASURY_RETURN|VIX_CHANGE,10.0,10.0,25.839362058115444,1.0,1.2313121161710608e-16,191.0,,,,,FULL_SAMPLE,,,1.0,0.19990671029559445,True
GROWTH_DURATION_EXPOSURE_FINAL,NEGATIVE,CPU_VIX_CONTINUOUS,SAMPLE_WINDOW_STABILITY,CONTINUOUS,,,EXCLUDE_2020,ETF_FE_DATE_CLUSTER,CPU_VIX_X_ARCH,RELIABLE_ESTIMATE,0.0011133050458565137,0.001913371551823714,0.5818551262536418,0.5613963407481601,-0.002662361434314914,0.0048889715260279415,876,13,180,DATE_CLUSTER,False,VALID,3.660990695328287e-06,0.0,0.0,0.0,1.9301372578169782e-07,CPU_Z|VIX_LEVEL_Z|CPU_X_VIX|CPU_X_ARCH|VIX_X_ARCH|CPU_VIX_X_ARCH|MARKET_RETURN|ENERGY_RETURN|TREASURY_RETURN|VIX_CHANGE,10.0,10.0,52.152508980322395,1.0,4.18234701057422e-17,179.0,,,,,EXCLUDE_2020,,,1.0,0.7408690272434143,False
GROWTH_DURATION_EXPOSURE_FINAL,NEGATIVE,CPU_AND_VIX_STRESS,SAMPLE_WINDOW_STABILITY,BINARY_PAIR,HIGH_CPU_REGIME,HIGH_VIX_REGIME,EXCLUDE_2020,ETF_FE_DATE_CLUSTER,CPU_AND_VIX_STRESS_AB_X_ARCH,RELIABLE_ESTIMATE,-0.0037245459182950343,0.006535349441951541,-0.5699076922171182,0.5694548838872376,-0.016620786484150853,0.009171694647560784,876,13,180,DATE_CLUSTER,False,VALID,4.271079232841631e-05,0.0,0.0,0.0,8.129099909391012e-07,HIGH_CPU_REGIME|HIGH_VIX_REGIME|CPU_AND_VIX_STRESS_AB|CPU_AND_VIX_STRESS_A_X_ARCH|CPU_AND_VIX_STRESS_B_X_ARCH|CPU_AND_VIX_STRESS_AB_X_ARCH|MARKET_RETURN|ENERGY_RETURN|TREASURY_RETURN|VIX_CHANGE,10.0,10.0,27.82682419503383,1.0,1.2510603917615385e-16,179.0,,,,,EXCLUDE_2020,,,1.0,0.7408690272434143,True
GROWTH_DURATION_EXPOSURE_FINAL,NEGATIVE,CPU_VIX_CONTINUOUS,SAMPLE_WINDOW_STABILITY,CONTINUOUS,,,EXCLUDE_2022,ETF_FE_DATE_CLUSTER,CPU_VIX_X_ARCH,RELIABLE_ESTIMATE,-0.00036372893192921496,0.0016979283718699485,-0.21421924384751048,0.8306199221003723,-0.003714260214413791,0.002986802350555361,856,13,180,DATE_CLUSTER,False,VALID,2.882960756000934e-06,0.0,0.0,0.0,1.1536436014742756e-07,CPU_Z|VIX_LEVEL_Z|CPU_X_VIX|CPU_X_ARCH|VIX_X_ARCH|CPU_VIX_X_ARCH|MARKET_RETURN|ENERGY_RETURN|TREASURY_RETURN|VIX_CHANGE,10.0,10.0,51.2466229408889,1.0,8.469341531311066e-17,179.0,,,,,EXCLUDE_2022,,,1.0,0.9259369623413986,True
GROWTH_DURATION_EXPOSURE_FINAL,NEGATIVE,CPU_AND_VIX_STRESS,SAMPLE_WINDOW_STABILITY,BINARY_PAIR,HIGH_CPU_REGIME,HIGH_VIX_REGIME,EXCLUDE_2022,ETF_FE_DATE_CLUSTER,CPU_AND_VIX_STRESS_AB_X_ARCH,RELIABLE_ESTIMATE,-0.012045265333979302,0.007545473856030801,-1.596356380501139,0.11217318274920582,-0.02693478989499366,0.0028442592270350557,856,13,180,DATE_CLUSTER,False,VALID,5.6934175712044335e-05,0.0,0.0,0.0,7.082690687899998e-07,HIGH_CPU_REGIME|HIGH_VIX_REGIME|CPU_AND_VIX_STRESS_AB|CPU_AND_VIX_STRESS_A_X_ARCH|CPU_AND_VIX_STRESS_B_X_ARCH|CPU_AND_VIX_STRESS_AB_X_ARCH|MARKET_RETURN|ENERGY_RETURN|TREASURY_RETURN|VIX_CHANGE,10.0,10.0,24.036947324920526,1.0,8.676859853670908e-17,179.0,,,,,EXCLUDE_2022,,,1.0,0.33164245334547804,True
GROWTH_DURATION_EXPOSURE_FINAL,NEGATIVE,CPU_VIX_CONTINUOUS,SAMPLE_WINDOW_STABILITY,CONTINUOUS,,,EXCLUDE_2020_2022,ETF_FE_DATE_CLUSTER,CPU_VIX_X_ARCH,RELIABLE_ESTIMATE,0.0010904995932284394,0.00318022093103127,0.34290057731140594,0.7321378540447334,-0.005191667907842848,0.007372667094299727,662,13,156,DATE_CLUSTER,False,VALID,1.0113805170169397e-05,0.0,0.0,0.0,2.1788563567253749e-07,CPU_Z|VIX_LEVEL_Z|CPU_X_VIX|CPU_X_ARCH|VIX_X_ARCH|CPU_VIX_X_ARCH|MARKET_RETURN|ENERGY_RETURN|TREASURY_RETURN|VIX_CHANGE,10.0,10.0,54.06272598882662,1.0,5.915878730158973e-17,155.0,,,,,EXCLUDE_2020_2022,,,1.0,0.8438198995769809,False
GROWTH_DURATION_EXPOSURE_FINAL,NEGATIVE,CPU_AND_VIX_STRESS,SAMPLE_WINDOW_STABILITY,BINARY_PAIR,HIGH_CPU_REGIME,HIGH_VIX_REGIME,EXCLUDE_2020_2022,ETF_FE_DATE_CLUSTER,CPU_AND_VIX_STRESS_AB_X_ARCH,RELIABLE_ESTIMATE,0.006245350710271258,0.012396513587800298,0.5037989646070694,0.6151179521070306,-0.018242562701019323,0.03073326412156184,662,13,156,DATE_CLUSTER,False,VALID,0.0001536735491325174,0.0,0.0,0.0,1.3777846008600523e-06,HIGH_CPU_REGIME|HIGH_VIX_REGIME|CPU_AND_VIX_STRESS_AB|CPU_AND_VIX_STRESS_A_X_ARCH|CPU_AND_VIX_STRESS_B_X_ARCH|CPU_AND_VIX_STRESS_AB_X_ARCH|MARKET_RETURN|ENERGY_RETURN|TREASURY_RETURN|VIX_CHANGE,10.0,10.0,24.25937912717131,1.0,3.794380050172835e-17,155.0,,,,,EXCLUDE_2020_2022,,,1.0,0.7745929767273719,False
GROWTH_DURATION_EXPOSURE_FINAL,NEGATIVE,CPU_VIX_CONTINUOUS,SAMPLE_WINDOW_STABILITY,CONTINUOUS,,,EXCLUDE_PANDEMIC_2020M03_2021M12,ETF_FE_DATE_CLUSTER,CPU_VIX_X_ARCH,RELIABLE_ESTIMATE,-0.0012829768703687967,0.0030139889565774423,-0.4256740448796105,0.6708869680403236,-0.0072328938180039,0.004666940077266306,785,13,170,DATE_CLUSTER,False,VALID,9.084129430370779e-06,0.0,0.0,0.0,1.8618356762668475e-07,CPU_Z|VIX_LEVEL_Z|CPU_X_VIX|CPU_X_ARCH|VIX_X_ARCH|CPU_VIX_X_ARCH|MARKET_RETURN|ENERGY_RETURN|TREASURY_RETURN|VIX_CHANGE,10.0,10.0,47.764851298104745,1.0,6.166334251421251e-17,169.0,,,,,EXCLUDE_PANDEMIC_2020M03_2021M12,,,1.0,0.806288232006728,True
GROWTH_DURATION_EXPOSURE_FINAL,NEGATIVE,CPU_AND_VIX_STRESS,SAMPLE_WINDOW_STABILITY,BINARY_PAIR,HIGH_CPU_REGIME,HIGH_VIX_REGIME,EXCLUDE_PANDEMIC_2020M03_2021M12,ETF_FE_DATE_CLUSTER,CPU_AND_VIX_STRESS_AB_X_ARCH,RELIABLE_ESTIMATE,-0.005288989087640935,0.00797182258048088,-0.6634604614246057,0.5079396994033509,-0.021026167610353502,0.010448189435071633,785,13,170,DATE_CLUSTER,False,VALID,6.354995525466485e-05,0.0,0.0,0.0,7.684008692067812e-07,HIGH_CPU_REGIME|HIGH_VIX_REGIME|CPU_AND_VIX_STRESS_AB|CPU_AND_VIX_STRESS_A_X_ARCH|CPU_AND_VIX_STRESS_B_X_ARCH|CPU_AND_VIX_STRESS_AB_X_ARCH|MARKET_RETURN|ENERGY_RETURN|TREASURY_RETURN|VIX_CHANGE,10.0,10.0,27.170129634218483,1.0,7.357879344729143e-17,169.0,,,,,EXCLUDE_PANDEMIC_2020M03_2021M12,,,1.0,0.7195812408214137,True
GROWTH_DURATION_EXPOSURE_FINAL,NEGATIVE,CPU_VIX_CONTINUOUS,SAMPLE_WINDOW_STABILITY,CONTINUOUS,,,PRE_2020,ETF_FE_DATE_CLUSTER,CPU_VIX_X_ARCH,RELIABLE_ESTIMATE,0.001854417798641559,0.007225680741024573,0.2566426424174686,0.7978978309488147,-0.012453151743978487,0.016161987341261605,205,6,120,DATE_CLUSTER,False,VALID,5.2210462171213426e-05,0.0,0.0,0.0,3.110457424558853e-07,CPU_Z|VIX_LEVEL_Z|CPU_X_VIX|CPU_X_ARCH|VIX_X_ARCH|CPU_VIX_X_ARCH|MARKET_RETURN|ENERGY_RETURN|TREASURY_RETURN|VIX_CHANGE,10.0,10.0,49.02974993572488,1.0,6.390552044183827e-17,119.0,,,,,PRE_2020,,,1.0,0.9042842084086568,False
GROWTH_DURATION_EXPOSURE_FINAL,NEGATIVE,CPU_AND_VIX_STRESS,SAMPLE_WINDOW_STABILITY,BINARY_PAIR,HIGH_CPU_REGIME,HIGH_VIX_REGIME,PRE_2020,ETF_FE_DATE_CLUSTER,CPU_AND_VIX_STRESS_AB_X_ARCH,ESTIMATION_ERROR,,,,,,,205,6,120,DATE_CLUSTER,False,,,,,,,,,,,,,,,,,,PRE_2020,ValueError: focal regressor has no within variation,,,,False
GROWTH_DURATION_EXPOSURE_FINAL,NEGATIVE,CPU_VIX_CONTINUOUS,SAMPLE_WINDOW_STABILITY,CONTINUOUS,,,POST_2020,ETF_FE_DATE_CLUSTER,CPU_VIX_X_ARCH,RELIABLE_ESTIMATE,-0.0019018894199540363,0.002388178533587706,-0.7963765661593446,0.4284680471185834,-0.006663782168232534,0.0028600033283244612,760,13,72,DATE_CLUSTER,False,VALID,5.703396708289127e-06,0.0,0.0,0.0,1.3094757983815882e-07,CPU_Z|VIX_LEVEL_Z|CPU_X_VIX|CPU_X_ARCH|VIX_X_ARCH|CPU_VIX_X_ARCH|MARKET_RETURN|ENERGY_RETURN|TREASURY_RETURN|VIX_CHANGE,10.0,10.0,55.81374489343967,1.0,2.511149183329795e-16,71.0,,,,,POST_2020,,,1.0,0.6333875479144275,True
GROWTH_DURATION_EXPOSURE_FINAL,NEGATIVE,CPU_AND_VIX_STRESS,SAMPLE_WINDOW_STABILITY,BINARY_PAIR,HIGH_CPU_REGIME,HIGH_VIX_REGIME,POST_2020,ETF_FE_DATE_CLUSTER,CPU_AND_VIX_STRESS_AB_X_ARCH,RELIABLE_ESTIMATE,-0.015427385081511164,0.0076511842222832995,-2.0163395146832914,0.04754860649709883,-0.03068341311769804,-0.00017135704532428818,760,13,72,DATE_CLUSTER,False,VALID,5.8540620003316894e-05,0.0,0.0,0.0,8.724938648644175e-07,HIGH_CPU_REGIME|HIGH_VIX_REGIME|CPU_AND_VIX_STRESS_AB|CPU_AND_VIX_STRESS_A_X_ARCH|CPU_AND_VIX_STRESS_B_X_ARCH|CPU_AND_VIX_STRESS_AB_X_ARCH|MARKET_RETURN|ENERGY_RETURN|TREASURY_RETURN|VIX_CHANGE,10.0,10.0,27.612913405076508,1.0,1.4400030875319054e-16,71.0,,,,,POST_2020,,,1.0,0.19513404505013926,True
GROWTH_DURATION_EXPOSURE_FINAL,NEGATIVE,CPU_VIX_CONTINUOUS,SAMPLE_WINDOW_STABILITY,CONTINUOUS,,,POST_2015,ETF_FE_DATE_CLUSTER,CPU_VIX_X_ARCH,RELIABLE_ESTIMATE,-0.0017505809383552547,0.0021083187323071577,-0.8303208198693817,0.40786807697654665,-0.005921338307586612,0.0024201764308761035,905,13,132,DATE_CLUSTER,False,VALID,4.445007876997261e-06,0.0,0.0,0.0,1.1272016019023368e-07,CPU_Z|VIX_LEVEL_Z|CPU_X_VIX|CPU_X_ARCH|VIX_X_ARCH|CPU_VIX_X_ARCH|MARKET_RETURN|ENERGY_RETURN|TREASURY_RETURN|VIX_CHANGE,10.0,10.0,52.369644134460295,1.0,9.090334378422553e-17,131.0,,,,,POST_2015,,,1.0,0.6333875479144275,True
GROWTH_DURATION_EXPOSURE_FINAL,NEGATIVE,CPU_AND_VIX_STRESS,SAMPLE_WINDOW_STABILITY,BINARY_PAIR,HIGH_CPU_REGIME,HIGH_VIX_REGIME,POST_2015,ETF_FE_DATE_CLUSTER,CPU_AND_VIX_STRESS_AB_X_ARCH,RELIABLE_ESTIMATE,-0.013214432715024194,0.006811400849328362,-1.9400462558780698,0.05452274788165656,-0.0266890083813121,0.0002601429512637133,905,13,132,DATE_CLUSTER,False,VALID,4.639518153023113e-05,0.0,0.0,0.0,7.360529305197267e-07,HIGH_CPU_REGIME|HIGH_VIX_REGIME|CPU_AND_VIX_STRESS_AB|CPU_AND_VIX_STRESS_A_X_ARCH|CPU_AND_VIX_STRESS_B_X_ARCH|CPU_AND_VIX_STRESS_AB_X_ARCH|MARKET_RETURN|ENERGY_RETURN|TREASURY_RETURN|VIX_CHANGE,10.0,10.0,26.58326174653825,1.0,1.2736895638862638e-16,131.0,,,,,POST_2015,,,1.0,0.19513404505013926,True
GROWTH_DURATION_EXPOSURE_FINAL,NEGATIVE,CPU_VIX_CONTINUOUS,SAMPLE_WINDOW_STABILITY,CONTINUOUS,,,POST_2017,ETF_FE_DATE_CLUSTER,CPU_VIX_X_ARCH,RELIABLE_ESTIMATE,-0.001776644565139299,0.00211934197675736,-0.8383000877742272,0.4037309565133784,-0.005977992855578365,0.0024247037252997667,881,13,108,DATE_CLUSTER,False,VALID,4.4916104144457945e-06,0.0,0.0,0.0,1.156984160991888e-07,CPU_Z|VIX_LEVEL_Z|CPU_X_VIX|CPU_X_ARCH|VIX_X_ARCH|CPU_VIX_X_ARCH|MARKET_RETURN|ENERGY_RETURN|TREASURY_RETURN|VIX_CHANGE,10.0,10.0,53.159002421904916,1.0,1.256404489842544e-16,107.0,,,,,POST_2017,,,1.0,0.6333875479144275,True
GROWTH_DURATION_EXPOSURE_FINAL,NEGATIVE,CPU_AND_VIX_STRESS,SAMPLE_WINDOW_STABILITY,BINARY_PAIR,HIGH_CPU_REGIME,HIGH_VIX_REGIME,POST_2017,ETF_FE_DATE_CLUSTER,CPU_AND_VIX_STRESS_AB_X_ARCH,RELIABLE_ESTIMATE,-0.01329691450468075,0.006827609415151817,-1.9475212620060347,0.05409261556419296,-0.026831853867332688,0.0002380248579711853,881,13,108,DATE_CLUSTER,False,VALID,4.661625032586973e-05,0.0,0.0,0.0,7.59281501774965e-07,HIGH_CPU_REGIME|HIGH_VIX_REGIME|CPU_AND_VIX_STRESS_AB|CPU_AND_VIX_STRESS_A_X_ARCH|CPU_AND_VIX_STRESS_B_X_ARCH|CPU_AND_VIX_STRESS_AB_X_ARCH|MARKET_RETURN|ENERGY_RETURN|TREASURY_RETURN|VIX_CHANGE,10.0,10.0,26.85666433603087,1.0,1.3083871229478647e-16,107.0,,,,,POST_2017,,,1.0,0.19513404505013926,True
PORTFOLIO_CONCENTRATION_FINAL,NEGATIVE,CPU_VIX_CONTINUOUS,SAMPLE_WINDOW_STABILITY,CONTINUOUS,,,FULL_SAMPLE,ETF_FE_DATE_CLUSTER,CPU_VIX_X_ARCH,RELIABLE_ESTIMATE,-0.0033958632930820892,0.0015875200280565274,-2.1390994967410712,0.03369727556762424,-0.006527186206417766,-0.00026454037974641244,1828,24,192,DATE_CLUSTER,False,VALID,2.5202198394805977e-06,0.0,0.0,0.0,3.373462015084396e-07,CPU_Z|VIX_LEVEL_Z|CPU_X_VIX|CPU_X_ARCH|VIX_X_ARCH|CPU_VIX_X_ARCH|MARKET_RETURN|ENERGY_RETURN|TREASURY_RETURN|VIX_CHANGE,10.0,10.0,49.65159632143974,1.0,1.0330904621922272e-16,191.0,,,,,FULL_SAMPLE,,,1.0,0.19513404505013926,True
PORTFOLIO_CONCENTRATION_FINAL,NEGATIVE,CPU_AND_VIX_STRESS,SAMPLE_WINDOW_STABILITY,BINARY_PAIR,HIGH_CPU_REGIME,HIGH_VIX_REGIME,FULL_SAMPLE,ETF_FE_DATE_CLUSTER,CPU_AND_VIX_STRESS_AB_X_ARCH,RELIABLE_ESTIMATE,-0.012142630137516265,0.00673932418124913,-1.8017578337158484,0.07316050860725759,-0.025435690921749205,0.0011504306467166742,1828,24,192,DATE_CLUSTER,False,VALID,4.5418490419969254e-05,0.0,0.0,0.0,1.271115705424301e-06,HIGH_CPU_REGIME|HIGH_VIX_REGIME|CPU_AND_VIX_STRESS_AB|CPU_AND_VIX_STRESS_A_X_ARCH|CPU_AND_VIX_STRESS_B_X_ARCH|CPU_AND_VIX_STRESS_AB_X_ARCH|MARKET_RETURN|ENERGY_RETURN|TREASURY_RETURN|VIX_CHANGE,10.0,10.0,25.644554741818826,1.0,3.255358540476389e-17,191.0,,,,,FULL_SAMPLE,,,1.0,0.23542636249394902,True
PORTFOLIO_CONCENTRATION_FINAL,NEGATIVE,CPU_VIX_CONTINUOUS,SAMPLE_WINDOW_STABILITY,CONTINUOUS,,,EXCLUDE_2020,ETF_FE_DATE_CLUSTER,CPU_VIX_X_ARCH,RELIABLE_ESTIMATE,-0.00230296222875293,0.001603761468714313,-1.435975532320991,0.1527545796120666,-0.005467673449552467,0.0008617489920466062,1670,24,180,DATE_CLUSTER,False,VALID,2.5720508485326905e-06,0.0,0.0,0.0,3.488124541783671e-07,CPU_Z|VIX_LEVEL_Z|CPU_X_VIX|CPU_X_ARCH|VIX_X_ARCH|CPU_VIX_X_ARCH|MARKET_RETURN|ENERGY_RETURN|TREASURY_RETURN|VIX_CHANGE,10.0,10.0,51.267555841398135,1.0,3.15117193815763e-17,179.0,,,,,EXCLUDE_2020,,,1.0,0.3777363717646531,True
PORTFOLIO_CONCENTRATION_FINAL,NEGATIVE,CPU_AND_VIX_STRESS,SAMPLE_WINDOW_STABILITY,BINARY_PAIR,HIGH_CPU_REGIME,HIGH_VIX_REGIME,EXCLUDE_2020,ETF_FE_DATE_CLUSTER,CPU_AND_VIX_STRESS_AB_X_ARCH,RELIABLE_ESTIMATE,-0.00822934068942176,0.008149293460341227,-1.0098225974398989,0.31394337498004693,-0.024310385756681888,0.007851704377838371,1670,24,180,DATE_CLUSTER,False,VALID,6.641098390276029e-05,0.0,0.0,0.0,1.2373802552239185e-06,HIGH_CPU_REGIME|HIGH_VIX_REGIME|CPU_AND_VIX_STRESS_AB|CPU_AND_VIX_STRESS_A_X_ARCH|CPU_AND_VIX_STRESS_B_X_ARCH|CPU_AND_VIX_STRESS_AB_X_ARCH|MARKET_RETURN|ENERGY_RETURN|TREASURY_RETURN|VIX_CHANGE,10.0,10.0,27.458373186232887,1.0,1.393429616535526e-16,179.0,,,,,EXCLUDE_2020,,,1.0,0.5473884486831588,True
PORTFOLIO_CONCENTRATION_FINAL,NEGATIVE,CPU_VIX_CONTINUOUS,SAMPLE_WINDOW_STABILITY,CONTINUOUS,,,EXCLUDE_2022,ETF_FE_DATE_CLUSTER,CPU_VIX_X_ARCH,RELIABLE_ESTIMATE,-0.0024020169250507204,0.0013466517185633396,-1.7836957336031067,0.07616735257157174,-0.005059372078783717,0.0002553382286822766,1615,24,180,DATE_CLUSTER,False,VALID,1.8134708511095958e-06,0.0,0.0,0.0,2.537919002231423e-07,CPU_Z|VIX_LEVEL_Z|CPU_X_VIX|CPU_X_ARCH|VIX_X_ARCH|CPU_VIX_X_ARCH|MARKET_RETURN|ENERGY_RETURN|TREASURY_RETURN|VIX_CHANGE,10.0,10.0,50.31387874205737,1.0,1.2250262723727733e-16,179.0,,,,,EXCLUDE_2022,,,1.0,0.23542636249394902,True
PORTFOLIO_CONCENTRATION_FINAL,NEGATIVE,CPU_AND_VIX_STRESS,SAMPLE_WINDOW_STABILITY,BINARY_PAIR,HIGH_CPU_REGIME,HIGH_VIX_REGIME,EXCLUDE_2022,ETF_FE_DATE_CLUSTER,CPU_AND_VIX_STRESS_AB_X_ARCH,RELIABLE_ESTIMATE,-0.012635129347421848,0.006056121535473923,-2.0863401227024885,0.03836511785171122,-0.02458570688137691,-0.0006845518134667855,1615,24,180,DATE_CLUSTER,False,VALID,3.667660805243103e-05,0.0,0.0,0.0,1.9345948856593923e-06,HIGH_CPU_REGIME|HIGH_VIX_REGIME|CPU_AND_VIX_STRESS_AB|CPU_AND_VIX_STRESS_A_X_ARCH|CPU_AND_VIX_STRESS_B_X_ARCH|CPU_AND_VIX_STRESS_AB_X_ARCH|MARKET_RETURN|ENERGY_RETURN|TREASURY_RETURN|VIX_CHANGE,10.0,10.0,23.697590192421046,1.0,2.8305531293461806e-17,179.0,,,,,EXCLUDE_2022,,,1.0,0.19513404505013926,True
PORTFOLIO_CONCENTRATION_FINAL,NEGATIVE,CPU_VIX_CONTINUOUS,SAMPLE_WINDOW_STABILITY,CONTINUOUS,,,EXCLUDE_2020_2022,ETF_FE_DATE_CLUSTER,CPU_VIX_X_ARCH,RELIABLE_ESTIMATE,-0.00031296097206728304,0.001857099375053069,-0.16852139216208598,0.866392819919309,-0.003981451178637612,0.003355529234503046,1265,24,156,DATE_CLUSTER,False,VALID,3.4488180888224994e-06,0.0,0.0,0.0,3.054867237975437e-07,CPU_Z|VIX_LEVEL_Z|CPU_X_VIX|CPU_X_ARCH|VIX_X_ARCH|CPU_VIX_X_ARCH|MARKET_RETURN|ENERGY_RETURN|TREASURY_RETURN|VIX_CHANGE,10.0,10.0,53.34542487106193,1.0,5.4128857742100025e-17,155.0,,,,,EXCLUDE_2020_2022,,,1.0,0.9502372863631132,True
PORTFOLIO_CONCENTRATION_FINAL,NEGATIVE,CPU_AND_VIX_STRESS,SAMPLE_WINDOW_STABILITY,BINARY_PAIR,HIGH_CPU_REGIME,HIGH_VIX_REGIME,EXCLUDE_2020_2022,ETF_FE_DATE_CLUSTER,CPU_AND_VIX_STRESS_AB_X_ARCH,RELIABLE_ESTIMATE,-0.003999054302450534,0.0071628548913575205,-0.5583045256543826,0.57744203593972,-0.018148465676453365,0.010150357071552298,1265,24,156,DATE_CLUSTER,False,VALID,5.130649019464436e-05,0.0,0.0,0.0,1.3387485488082707e-06,HIGH_CPU_REGIME|HIGH_VIX_REGIME|CPU_AND_VIX_STRESS_AB|CPU_AND_VIX_STRESS_A_X_ARCH|CPU_AND_VIX_STRESS_B_X_ARCH|CPU_AND_VIX_STRESS_AB_X_ARCH|MARKET_RETURN|ENERGY_RETURN|TREASURY_RETURN|VIX_CHANGE,10.0,10.0,23.80559833900257,1.0,4.739291962826755e-17,155.0,,,,,EXCLUDE_2020_2022,,,1.0,0.7408690272434143,True
PORTFOLIO_CONCENTRATION_FINAL,NEGATIVE,CPU_VIX_CONTINUOUS,SAMPLE_WINDOW_STABILITY,CONTINUOUS,,,EXCLUDE_PANDEMIC_2020M03_2021M12,ETF_FE_DATE_CLUSTER,CPU_VIX_X_ARCH,RELIABLE_ESTIMATE,-0.0026638827400203556,0.002255172778250541,-1.1812322167558589,0.23917011463204657,-0.0071158203305267415,0.00178805485048603,1502,24,170,DATE_CLUSTER,False,VALID,5.085804259762264e-06,0.0,0.0,0.0,3.422146736727538e-07,CPU_Z|VIX_LEVEL_Z|CPU_X_VIX|CPU_X_ARCH|VIX_X_ARCH|CPU_VIX_X_ARCH|MARKET_RETURN|ENERGY_RETURN|TREASURY_RETURN|VIX_CHANGE,10.0,10.0,47.085545641733,1.0,7.00726649363947e-17,169.0,,,,,EXCLUDE_PANDEMIC_2020M03_2021M12,,,1.0,0.48687090142654266,True
PORTFOLIO_CONCENTRATION_FINAL,NEGATIVE,CPU_AND_VIX_STRESS,SAMPLE_WINDOW_STABILITY,BINARY_PAIR,HIGH_CPU_REGIME,HIGH_VIX_REGIME,EXCLUDE_PANDEMIC_2020M03_2021M12,ETF_FE_DATE_CLUSTER,CPU_AND_VIX_STRESS_AB_X_ARCH,RELIABLE_ESTIMATE,-0.007200923552047948,0.009068005122734433,-0.7941022809961238,0.4282495306232213,-0.0251020765218542,0.010700229417758306,1502,24,170,DATE_CLUSTER,False,VALID,8.222871690593792e-05,0.0,0.0,0.0,1.1684513422524713e-06,HIGH_CPU_REGIME|HIGH_VIX_REGIME|CPU_AND_VIX_STRESS_AB|CPU_AND_VIX_STRESS_A_X_ARCH|CPU_AND_VIX_STRESS_B_X_ARCH|CPU_AND_VIX_STRESS_AB_X_ARCH|MARKET_RETURN|ENERGY_RETURN|TREASURY_RETURN|VIX_CHANGE,10.0,10.0,26.844193940149363,1.0,3.932347863519196e-17,169.0,,,,,EXCLUDE_PANDEMIC_2020M03_2021M12,,,1.0,0.6333875479144275,True
PORTFOLIO_CONCENTRATION_FINAL,NEGATIVE,CPU_VIX_CONTINUOUS,SAMPLE_WINDOW_STABILITY,CONTINUOUS,,,PRE_2020,ETF_FE_DATE_CLUSTER,CPU_VIX_X_ARCH,RELIABLE_ESTIMATE,-0.0012892679448651522,0.002808029715805764,-0.459136147173997,0.6469739763288427,-0.006849447238219562,0.004270911348489257,422,11,120,DATE_CLUSTER,False,VALID,7.8850308848482e-06,0.0,0.0,0.0,1.980986966023333e-07,CPU_Z|VIX_LEVEL_Z|CPU_X_VIX|CPU_X_ARCH|VIX_X_ARCH|CPU_VIX_X_ARCH|MARKET_RETURN|ENERGY_RETURN|TREASURY_RETURN|VIX_CHANGE,10.0,10.0,50.84330967121677,1.0,8.57660440824173e-17,119.0,,,,,PRE_2020,,,1.0,0.7998950980065691,True
PORTFOLIO_CONCENTRATION_FINAL,NEGATIVE,CPU_AND_VIX_STRESS,SAMPLE_WINDOW_STABILITY,BINARY_PAIR,HIGH_CPU_REGIME,HIGH_VIX_REGIME,PRE_2020,ETF_FE_DATE_CLUSTER,CPU_AND_VIX_STRESS_AB_X_ARCH,ESTIMATION_ERROR,,,,,,,422,11,120,DATE_CLUSTER,False,,,,,,,,,,,,,,,,,,PRE_2020,ValueError: focal regressor has no within variation,,,,False
PORTFOLIO_CONCENTRATION_FINAL,NEGATIVE,CPU_VIX_CONTINUOUS,SAMPLE_WINDOW_STABILITY,CONTINUOUS,,,POST_2020,ETF_FE_DATE_CLUSTER,CPU_VIX_X_ARCH,RELIABLE_ESTIMATE,-0.004780911766772686,0.0021380807824191704,-2.23607630080433,0.028490855275709246,-0.009044123762795576,-0.0005176997707497955,1406,24,72,DATE_CLUSTER,False,VALID,4.571389432150172e-06,0.0,0.0,0.0,4.4480898392943495e-07,CPU_Z|VIX_LEVEL_Z|CPU_X_VIX|CPU_X_ARCH|VIX_X_ARCH|CPU_VIX_X_ARCH|MARKET_RETURN|ENERGY_RETURN|TREASURY_RETURN|VIX_CHANGE,10.0,10.0,55.102372632273465,1.0,2.3933755246364506e-16,71.0,,,,,POST_2020,,,1.0,0.19513404505013926,True
PORTFOLIO_CONCENTRATION_FINAL,NEGATIVE,CPU_AND_VIX_STRESS,SAMPLE_WINDOW_STABILITY,BINARY_PAIR,HIGH_CPU_REGIME,HIGH_VIX_REGIME,POST_2020,ETF_FE_DATE_CLUSTER,CPU_AND_VIX_STRESS_AB_X_ARCH,RELIABLE_ESTIMATE,-0.016926388106316685,0.008160095718080247,-2.0742879362080333,0.04167962292535028,-0.03319715684436828,-0.0006556193682650882,1406,24,72,DATE_CLUSTER,False,VALID,6.658716212823158e-05,0.0,0.0,0.0,1.6945949230735861e-06,HIGH_CPU_REGIME|HIGH_VIX_REGIME|CPU_AND_VIX_STRESS_AB|CPU_AND_VIX_STRESS_A_X_ARCH|CPU_AND_VIX_STRESS_B_X_ARCH|CPU_AND_VIX_STRESS_AB_X_ARCH|MARKET_RETURN|ENERGY_RETURN|TREASURY_RETURN|VIX_CHANGE,10.0,10.0,27.613847280099346,1.0,3.24538878464395e-17,71.0,,,,,POST_2020,,,1.0,0.19513404505013926,True
PORTFOLIO_CONCENTRATION_FINAL,NEGATIVE,CPU_VIX_CONTINUOUS,SAMPLE_WINDOW_STABILITY,CONTINUOUS,,,POST_2015,ETF_FE_DATE_CLUSTER,CPU_VIX_X_ARCH,RELIABLE_ESTIMATE,-0.003997533933853355,0.0017674949421018658,-2.2616946949220553,0.025363954952222267,-0.007494060546214034,-0.0005010073214926753,1708,24,132,DATE_CLUSTER,False,VALID,3.1240383703556777e-06,0.0,0.0,0.0,3.671196324215931e-07,CPU_Z|VIX_LEVEL_Z|CPU_X_VIX|CPU_X_ARCH|VIX_X_ARCH|CPU_VIX_X_ARCH|MARKET_RETURN|ENERGY_RETURN|TREASURY_RETURN|VIX_CHANGE,10.0,10.0,51.35048566951655,1.0,8.560677537654164e-17,131.0,,,,,POST_2015,,,1.0,0.19513404505013926,True
PORTFOLIO_CONCENTRATION_FINAL,NEGATIVE,CPU_AND_VIX_STRESS,SAMPLE_WINDOW_STABILITY,BINARY_PAIR,HIGH_CPU_REGIME,HIGH_VIX_REGIME,POST_2015,ETF_FE_DATE_CLUSTER,CPU_AND_VIX_STRESS_AB_X_ARCH,RELIABLE_ESTIMATE,-0.014056011372824832,0.007211649486290389,-1.94907023691956,0.05342409325077492,-0.02832237431802545,0.00021035157237578664,1708,24,132,DATE_CLUSTER,False,VALID,5.200788831311243e-05,0.0,0.0,0.0,1.3636160241756404e-06,HIGH_CPU_REGIME|HIGH_VIX_REGIME|CPU_AND_VIX_STRESS_AB|CPU_AND_VIX_STRESS_A_X_ARCH|CPU_AND_VIX_STRESS_B_X_ARCH|CPU_AND_VIX_STRESS_AB_X_ARCH|MARKET_RETURN|ENERGY_RETURN|TREASURY_RETURN|VIX_CHANGE,10.0,10.0,26.34919136402575,1.0,3.328069019953631e-17,131.0,,,,,POST_2015,,,1.0,0.19513404505013926,True
PORTFOLIO_CONCENTRATION_FINAL,NEGATIVE,CPU_VIX_CONTINUOUS,SAMPLE_WINDOW_STABILITY,CONTINUOUS,,,POST_2017,ETF_FE_DATE_CLUSTER,CPU_VIX_X_ARCH,RELIABLE_ESTIMATE,-0.004172437905843533,0.0018431713761006658,-2.263727594701782,0.02560806578153803,-0.007826310190209337,-0.0005185656214777294,1660,24,108,DATE_CLUSTER,False,VALID,3.3972807216768224e-06,0.0,0.0,0.0,3.802611143702392e-07,CPU_Z|VIX_LEVEL_Z|CPU_X_VIX|CPU_X_ARCH|VIX_X_ARCH|CPU_VIX_X_ARCH|MARKET_RETURN|ENERGY_RETURN|TREASURY_RETURN|VIX_CHANGE,10.0,10.0,52.12283777538503,1.0,1.2232517542406092e-16,107.0,,,,,POST_2017,,,1.0,0.19513404505013926,True
PORTFOLIO_CONCENTRATION_FINAL,NEGATIVE,CPU_AND_VIX_STRESS,SAMPLE_WINDOW_STABILITY,BINARY_PAIR,HIGH_CPU_REGIME,HIGH_VIX_REGIME,POST_2017,ETF_FE_DATE_CLUSTER,CPU_AND_VIX_STRESS_AB_X_ARCH,RELIABLE_ESTIMATE,-0.014492036523370501,0.007364933717602987,-1.967707664324659,0.051689606500555346,-0.02909215864759289,0.00010808560085188816,1660,24,108,DATE_CLUSTER,False,VALID,5.424224866468535e-05,0.0,0.0,0.0,1.3964074871194188e-06,HIGH_CPU_REGIME|HIGH_VIX_REGIME|CPU_AND_VIX_STRESS_AB|CPU_AND_VIX_STRESS_A_X_ARCH|CPU_AND_VIX_STRESS_B_X_ARCH|CPU_AND_VIX_STRESS_AB_X_ARCH|MARKET_RETURN|ENERGY_RETURN|TREASURY_RETURN|VIX_CHANGE,10.0,10.0,26.594677142086457,1.0,2.9962645483859647e-17,107.0,,,,,POST_2017,,,1.0,0.19513404505013926,True
