ETF_ID,ETF_TICKER,ETF_NAME_RETURN,INTERNAL_FINANCIAL_CAPACITY_MAIN,SORT_GROUP,CHANNEL,SORT_METHOD,N_UNIVERSE,EXTERNAL_FINANCING_DEPENDENCE_MAIN,GROWTH_DURATION_EXPOSURE_FINAL_MAIN,PORTFOLIO_CONCENTRATION_FINAL_MAIN,FINANCIAL_ARCHITECTURE_RISK_FINAL_MAIN,EXTENDED_ARCHITECTURE_RISK_FINAL_MAIN
S000079062,STNC,Hennessy Sustainable ETF,-1.118366774197551,LOW,INTERNAL_FINANCIAL_CAPACITY,MEDIAN_SPLIT,23,,,,,
S000055812,NULV,Nuveen ESG Large-Cap Value ETF,-1.116643302120523,LOW,INTERNAL_FINANCIAL_CAPACITY,MEDIAN_SPLIT,23,,,,,
S000079198,EVUS,iShares ESG Aware MSCI USA Value ETF,-0.816532442824032,LOW,INTERNAL_FINANCIAL_CAPACITY,MEDIAN_SPLIT,23,,,,,
S000066985,RAFE,PIMCO RAFI ESG U.S. ETF,-0.7081167625351614,LOW,INTERNAL_FINANCIAL_CAPACITY,MEDIAN_SPLIT,23,,,,,
S000080471,UPGR,Xtrackers US Green Infrastructure Select Equity ETF,-0.6628480203392914,LOW,INTERNAL_FINANCIAL_CAPACITY,MEDIAN_SPLIT,23,,,,,
S000062205,ACES,ALPS Clean Energy ETF,-0.3482822644810561,LOW,INTERNAL_FINANCIAL_CAPACITY,MEDIAN_SPLIT,23,,,,,
S000074757,PABU,iShares Paris-Aligned Climate Optimized MSCI USA ETF,-0.023986669857086,LOW,INTERNAL_FINANCIAL_CAPACITY,MEDIAN_SPLIT,23,,,,,
S000013931,DSI,iShares ESG MSCI KLD 400 ETF,0.0014825934834366,LOW,INTERNAL_FINANCIAL_CAPACITY,MEDIAN_SPLIT,23,,,,,
S000065418,SUSL,iShares ESG MSCI USA Leaders ETF,0.019531332913535,LOW,INTERNAL_FINANCIAL_CAPACITY,MEDIAN_SPLIT,23,,,,,
S000055381,ESGU,iShares ESG Aware MSCI USA ETF,0.0205162413469255,LOW,INTERNAL_FINANCIAL_CAPACITY,MEDIAN_SPLIT,23,,,,,
S000080443,USCL,iShares Climate Conscious & Transition MSCI USA ETF,0.0492573799512695,LOW,INTERNAL_FINANCIAL_CAPACITY,MEDIAN_SPLIT,23,,,,,
S000079909,USCA,Xtrackers MSCI USA Climate Action Equity ETF,0.0661978378770913,HIGH,INTERNAL_FINANCIAL_CAPACITY,MEDIAN_SPLIT,23,,,,,
S000004436,SUSA,iShares ESG Optimized MSCI USA ETF,0.089240239647234,HIGH,INTERNAL_FINANCIAL_CAPACITY,MEDIAN_SPLIT,23,,,,,
S000069532,XVV,iShares ESG Select Screened S&P 500 ETF,0.1295625401912113,HIGH,INTERNAL_FINANCIAL_CAPACITY,MEDIAN_SPLIT,23,,,,,
S000076639,DFSU,Dimensional US Sustainability Core 1 ETF,0.1350720294921454,HIGH,INTERNAL_FINANCIAL_CAPACITY,MEDIAN_SPLIT,23,,,,,
S000063769,VEGN,US Vegan Climate ETF,0.1423388960301083,HIGH,INTERNAL_FINANCIAL_CAPACITY,MEDIAN_SPLIT,23,,,,,
S000069051,EFIV,SPDR S&P 500 ESG ETF,0.1518251863425983,HIGH,INTERNAL_FINANCIAL_CAPACITY,MEDIAN_SPLIT,23,,,,,
S000063075,ESGV,VANGUARD ESG U.S. STOCK ETF,0.1610874375466174,HIGH,INTERNAL_FINANCIAL_CAPACITY,MEDIAN_SPLIT,23,,,,,
S000068775,USXF,iShares ESG Advanced MSCI USA ETF,0.2336786508325831,HIGH,INTERNAL_FINANCIAL_CAPACITY,MEDIAN_SPLIT,23,,,,,
S000087815,CHGX,Stance Sustainable Beta ETF,0.2964283112762486,HIGH,INTERNAL_FINANCIAL_CAPACITY,MEDIAN_SPLIT,23,,,,,
S000063599,NULC,Nuveen ESG Large-Cap ETF,0.3196598842436326,HIGH,INTERNAL_FINANCIAL_CAPACITY,MEDIAN_SPLIT,23,,,,,
S000079196,EGUS,iShares ESG Aware MSCI USA Growth ETF,0.6881953384973026,HIGH,INTERNAL_FINANCIAL_CAPACITY,MEDIAN_SPLIT,23,,,,,
S000055811,NULG,Nuveen ESG Large-Cap Growth ETF,1.2919945410313711,HIGH,INTERNAL_FINANCIAL_CAPACITY,MEDIAN_SPLIT,23,,,,,
S000079062,STNC,Hennessy Sustainable ETF,-1.118366774197551,LOW,INTERNAL_FINANCIAL_CAPACITY,TERCILE,23,,,,,
S000055812,NULV,Nuveen ESG Large-Cap Value ETF,-1.116643302120523,LOW,INTERNAL_FINANCIAL_CAPACITY,TERCILE,23,,,,,
S000079198,EVUS,iShares ESG Aware MSCI USA Value ETF,-0.816532442824032,LOW,INTERNAL_FINANCIAL_CAPACITY,TERCILE,23,,,,,
S000066985,RAFE,PIMCO RAFI ESG U.S. ETF,-0.7081167625351614,LOW,INTERNAL_FINANCIAL_CAPACITY,TERCILE,23,,,,,
S000080471,UPGR,Xtrackers US Green Infrastructure Select Equity ETF,-0.6628480203392914,LOW,INTERNAL_FINANCIAL_CAPACITY,TERCILE,23,,,,,
S000062205,ACES,ALPS Clean Energy ETF,-0.3482822644810561,LOW,INTERNAL_FINANCIAL_CAPACITY,TERCILE,23,,,,,
S000074757,PABU,iShares Paris-Aligned Climate Optimized MSCI USA ETF,-0.023986669857086,LOW,INTERNAL_FINANCIAL_CAPACITY,TERCILE,23,,,,,
S000013931,DSI,iShares ESG MSCI KLD 400 ETF,0.0014825934834366,MIDDLE,INTERNAL_FINANCIAL_CAPACITY,TERCILE,23,,,,,
S000065418,SUSL,iShares ESG MSCI USA Leaders ETF,0.019531332913535,MIDDLE,INTERNAL_FINANCIAL_CAPACITY,TERCILE,23,,,,,
S000055381,ESGU,iShares ESG Aware MSCI USA ETF,0.0205162413469255,MIDDLE,INTERNAL_FINANCIAL_CAPACITY,TERCILE,23,,,,,
S000080443,USCL,iShares Climate Conscious & Transition MSCI USA ETF,0.0492573799512695,MIDDLE,INTERNAL_FINANCIAL_CAPACITY,TERCILE,23,,,,,
S000079909,USCA,Xtrackers MSCI USA Climate Action Equity ETF,0.0661978378770913,MIDDLE,INTERNAL_FINANCIAL_CAPACITY,TERCILE,23,,,,,
S000004436,SUSA,iShares ESG Optimized MSCI USA ETF,0.089240239647234,MIDDLE,INTERNAL_FINANCIAL_CAPACITY,TERCILE,23,,,,,
S000069532,XVV,iShares ESG Select Screened S&P 500 ETF,0.1295625401912113,MIDDLE,INTERNAL_FINANCIAL_CAPACITY,TERCILE,23,,,,,
S000076639,DFSU,Dimensional US Sustainability Core 1 ETF,0.1350720294921454,MIDDLE,INTERNAL_FINANCIAL_CAPACITY,TERCILE,23,,,,,
S000063769,VEGN,US Vegan Climate ETF,0.1423388960301083,MIDDLE,INTERNAL_FINANCIAL_CAPACITY,TERCILE,23,,,,,
S000069051,EFIV,SPDR S&P 500 ESG ETF,0.1518251863425983,HIGH,INTERNAL_FINANCIAL_CAPACITY,TERCILE,23,,,,,
S000063075,ESGV,VANGUARD ESG U.S. STOCK ETF,0.1610874375466174,HIGH,INTERNAL_FINANCIAL_CAPACITY,TERCILE,23,,,,,
S000068775,USXF,iShares ESG Advanced MSCI USA ETF,0.2336786508325831,HIGH,INTERNAL_FINANCIAL_CAPACITY,TERCILE,23,,,,,
S000087815,CHGX,Stance Sustainable Beta ETF,0.2964283112762486,HIGH,INTERNAL_FINANCIAL_CAPACITY,TERCILE,23,,,,,
S000063599,NULC,Nuveen ESG Large-Cap ETF,0.3196598842436326,HIGH,INTERNAL_FINANCIAL_CAPACITY,TERCILE,23,,,,,
S000079196,EGUS,iShares ESG Aware MSCI USA Growth ETF,0.6881953384973026,HIGH,INTERNAL_FINANCIAL_CAPACITY,TERCILE,23,,,,,
S000055811,NULG,Nuveen ESG Large-Cap Growth ETF,1.2919945410313711,HIGH,INTERNAL_FINANCIAL_CAPACITY,TERCILE,23,,,,,
S000063769,VEGN,US Vegan Climate ETF,,LOW,EXTERNAL_FINANCING_DEPENDENCE,MEDIAN_SPLIT,11,-0.5745712439383325,,,,
S000004436,SUSA,iShares ESG Optimized MSCI USA ETF,,LOW,EXTERNAL_FINANCING_DEPENDENCE,MEDIAN_SPLIT,11,-0.4048340108756718,,,,
S000063599,NULC,Nuveen ESG Large-Cap ETF,,LOW,EXTERNAL_FINANCING_DEPENDENCE,MEDIAN_SPLIT,11,-0.1157856650092331,,,,
S000087815,CHGX,Stance Sustainable Beta ETF,,LOW,EXTERNAL_FINANCING_DEPENDENCE,MEDIAN_SPLIT,11,-0.077784878807824,,,,
S000066985,RAFE,PIMCO RAFI ESG U.S. ETF,,LOW,EXTERNAL_FINANCING_DEPENDENCE,MEDIAN_SPLIT,11,-0.0067517661745569,,,,
S000079198,EVUS,iShares ESG Aware MSCI USA Value ETF,,HIGH,EXTERNAL_FINANCING_DEPENDENCE,MEDIAN_SPLIT,11,0.4559433251912139,,,,
S000055812,NULV,Nuveen ESG Large-Cap Value ETF,,HIGH,EXTERNAL_FINANCING_DEPENDENCE,MEDIAN_SPLIT,11,0.7437371411216037,,,,
S000079062,STNC,Hennessy Sustainable ETF,,HIGH,EXTERNAL_FINANCING_DEPENDENCE,MEDIAN_SPLIT,11,1.1855995509589357,,,,
S000073419,CTEX,ProShares S&P Kensho Cleantech ETF,,HIGH,EXTERNAL_FINANCING_DEPENDENCE,MEDIAN_SPLIT,11,2.044719724089566,,,,
S000080471,UPGR,Xtrackers US Green Infrastructure Select Equity ETF,,HIGH,EXTERNAL_FINANCING_DEPENDENCE,MEDIAN_SPLIT,11,2.915094278705612,,,,
S000062205,ACES,ALPS Clean Energy ETF,,HIGH,EXTERNAL_FINANCING_DEPENDENCE,MEDIAN_SPLIT,11,3.07414724826492,,,,
S000063769,VEGN,US Vegan Climate ETF,,LOW,EXTERNAL_FINANCING_DEPENDENCE,TERCILE,11,-0.5745712439383325,,,,
S000004436,SUSA,iShares ESG Optimized MSCI USA ETF,,LOW,EXTERNAL_FINANCING_DEPENDENCE,TERCILE,11,-0.4048340108756718,,,,
S000063599,NULC,Nuveen ESG Large-Cap ETF,,LOW,EXTERNAL_FINANCING_DEPENDENCE,TERCILE,11,-0.1157856650092331,,,,
S000087815,CHGX,Stance Sustainable Beta ETF,,MIDDLE,EXTERNAL_FINANCING_DEPENDENCE,TERCILE,11,-0.077784878807824,,,,
S000066985,RAFE,PIMCO RAFI ESG U.S. ETF,,MIDDLE,EXTERNAL_FINANCING_DEPENDENCE,TERCILE,11,-0.0067517661745569,,,,
S000079198,EVUS,iShares ESG Aware MSCI USA Value ETF,,MIDDLE,EXTERNAL_FINANCING_DEPENDENCE,TERCILE,11,0.4559433251912139,,,,
S000055812,NULV,Nuveen ESG Large-Cap Value ETF,,MIDDLE,EXTERNAL_FINANCING_DEPENDENCE,TERCILE,11,0.7437371411216037,,,,
S000079062,STNC,Hennessy Sustainable ETF,,MIDDLE,EXTERNAL_FINANCING_DEPENDENCE,TERCILE,11,1.1855995509589357,,,,
S000073419,CTEX,ProShares S&P Kensho Cleantech ETF,,HIGH,EXTERNAL_FINANCING_DEPENDENCE,TERCILE,11,2.044719724089566,,,,
S000080471,UPGR,Xtrackers US Green Infrastructure Select Equity ETF,,HIGH,EXTERNAL_FINANCING_DEPENDENCE,TERCILE,11,2.915094278705612,,,,
S000062205,ACES,ALPS Clean Energy ETF,,HIGH,EXTERNAL_FINANCING_DEPENDENCE,TERCILE,11,3.07414724826492,,,,
S000055812,NULV,Nuveen ESG Large-Cap Value ETF,,LOW,GROWTH_DURATION_EXPOSURE_FINAL,MEDIAN_SPLIT,13,,-1.172313941694683,,,
S000066985,RAFE,PIMCO RAFI ESG U.S. ETF,,LOW,GROWTH_DURATION_EXPOSURE_FINAL,MEDIAN_SPLIT,13,,-0.9680279871248008,,,
S000079062,STNC,Hennessy Sustainable ETF,,LOW,GROWTH_DURATION_EXPOSURE_FINAL,MEDIAN_SPLIT,13,,-0.7259778409061513,,,
S000079198,EVUS,iShares ESG Aware MSCI USA Value ETF,,LOW,GROWTH_DURATION_EXPOSURE_FINAL,MEDIAN_SPLIT,13,,-0.6340830945079224,,,
S000080471,UPGR,Xtrackers US Green Infrastructure Select Equity ETF,,LOW,GROWTH_DURATION_EXPOSURE_FINAL,MEDIAN_SPLIT,13,,-0.5506302876984107,,,
S000063599,NULC,Nuveen ESG Large-Cap ETF,,LOW,GROWTH_DURATION_EXPOSURE_FINAL,MEDIAN_SPLIT,13,,-0.3097992210956364,,,
S000087815,CHGX,Stance Sustainable Beta ETF,,HIGH,GROWTH_DURATION_EXPOSURE_FINAL,MEDIAN_SPLIT,13,,-0.222979067269632,,,
S000004436,SUSA,iShares ESG Optimized MSCI USA ETF,,HIGH,GROWTH_DURATION_EXPOSURE_FINAL,MEDIAN_SPLIT,13,,-0.0284156023464883,,,
S000076639,DFSU,Dimensional US Sustainability Core 1 ETF,,HIGH,GROWTH_DURATION_EXPOSURE_FINAL,MEDIAN_SPLIT,13,,0.0220365877210221,,,
S000063769,VEGN,US Vegan Climate ETF,,HIGH,GROWTH_DURATION_EXPOSURE_FINAL,MEDIAN_SPLIT,13,,0.1312980865085452,,,
S000063075,ESGV,VANGUARD ESG U.S. STOCK ETF,,HIGH,GROWTH_DURATION_EXPOSURE_FINAL,MEDIAN_SPLIT,13,,0.5466247452582763,,,
S000069051,EFIV,SPDR S&P 500 ESG ETF,,HIGH,GROWTH_DURATION_EXPOSURE_FINAL,MEDIAN_SPLIT,13,,0.588657908058022,,,
S000079196,EGUS,iShares ESG Aware MSCI USA Growth ETF,,HIGH,GROWTH_DURATION_EXPOSURE_FINAL,MEDIAN_SPLIT,13,,0.7352689658712102,,,
S000055812,NULV,Nuveen ESG Large-Cap Value ETF,,LOW,GROWTH_DURATION_EXPOSURE_FINAL,TERCILE,13,,-1.172313941694683,,,
S000066985,RAFE,PIMCO RAFI ESG U.S. ETF,,LOW,GROWTH_DURATION_EXPOSURE_FINAL,TERCILE,13,,-0.9680279871248008,,,
S000079062,STNC,Hennessy Sustainable ETF,,LOW,GROWTH_DURATION_EXPOSURE_FINAL,TERCILE,13,,-0.7259778409061513,,,
S000079198,EVUS,iShares ESG Aware MSCI USA Value ETF,,LOW,GROWTH_DURATION_EXPOSURE_FINAL,TERCILE,13,,-0.6340830945079224,,,
S000080471,UPGR,Xtrackers US Green Infrastructure Select Equity ETF,,MIDDLE,GROWTH_DURATION_EXPOSURE_FINAL,TERCILE,13,,-0.5506302876984107,,,
S000063599,NULC,Nuveen ESG Large-Cap ETF,,MIDDLE,GROWTH_DURATION_EXPOSURE_FINAL,TERCILE,13,,-0.3097992210956364,,,
S000087815,CHGX,Stance Sustainable Beta ETF,,MIDDLE,GROWTH_DURATION_EXPOSURE_FINAL,TERCILE,13,,-0.222979067269632,,,
S000004436,SUSA,iShares ESG Optimized MSCI USA ETF,,MIDDLE,GROWTH_DURATION_EXPOSURE_FINAL,TERCILE,13,,-0.0284156023464883,,,
S000076639,DFSU,Dimensional US Sustainability Core 1 ETF,,MIDDLE,GROWTH_DURATION_EXPOSURE_FINAL,TERCILE,13,,0.0220365877210221,,,
S000063769,VEGN,US Vegan Climate ETF,,HIGH,GROWTH_DURATION_EXPOSURE_FINAL,TERCILE,13,,0.1312980865085452,,,
S000063075,ESGV,VANGUARD ESG U.S. STOCK ETF,,HIGH,GROWTH_DURATION_EXPOSURE_FINAL,TERCILE,13,,0.5466247452582763,,,
S000069051,EFIV,SPDR S&P 500 ESG ETF,,HIGH,GROWTH_DURATION_EXPOSURE_FINAL,TERCILE,13,,0.588657908058022,,,
S000079196,EGUS,iShares ESG Aware MSCI USA Growth ETF,,HIGH,GROWTH_DURATION_EXPOSURE_FINAL,TERCILE,13,,0.7352689658712102,,,
S000087815,CHGX,Stance Sustainable Beta ETF,,LOW,PORTFOLIO_CONCENTRATION_FINAL,MEDIAN_SPLIT,24,,,-1.1993582870452315,,
S000079198,EVUS,iShares ESG Aware MSCI USA Value ETF,,LOW,PORTFOLIO_CONCENTRATION_FINAL,MEDIAN_SPLIT,24,,,-0.9523064605096102,,
S000055812,NULV,Nuveen ESG Large-Cap Value ETF,,LOW,PORTFOLIO_CONCENTRATION_FINAL,MEDIAN_SPLIT,24,,,-0.7000634403710334,,
S000066985,RAFE,PIMCO RAFI ESG U.S. ETF,,LOW,PORTFOLIO_CONCENTRATION_FINAL,MEDIAN_SPLIT,24,,,-0.4724238620865538,,
S000076639,DFSU,Dimensional US Sustainability Core 1 ETF,,LOW,PORTFOLIO_CONCENTRATION_FINAL,MEDIAN_SPLIT,24,,,-0.4452644450758025,,
S000063599,NULC,Nuveen ESG Large-Cap ETF,,LOW,PORTFOLIO_CONCENTRATION_FINAL,MEDIAN_SPLIT,24,,,-0.3952340379394414,,
S000004436,SUSA,iShares ESG Optimized MSCI USA ETF,,LOW,PORTFOLIO_CONCENTRATION_FINAL,MEDIAN_SPLIT,24,,,-0.1661849260094416,,
S000080471,UPGR,Xtrackers US Green Infrastructure Select Equity ETF,,LOW,PORTFOLIO_CONCENTRATION_FINAL,MEDIAN_SPLIT,24,,,-0.1295929829458094,,
S000079909,USCA,Xtrackers MSCI USA Climate Action Equity ETF,,LOW,PORTFOLIO_CONCENTRATION_FINAL,MEDIAN_SPLIT,24,,,-0.1013356638787344,,
S000080443,USCL,iShares Climate Conscious & Transition MSCI USA ETF,,LOW,PORTFOLIO_CONCENTRATION_FINAL,MEDIAN_SPLIT,24,,,-0.1002249519761435,,
S000055381,ESGU,iShares ESG Aware MSCI USA ETF,,LOW,PORTFOLIO_CONCENTRATION_FINAL,MEDIAN_SPLIT,24,,,-0.0880132693722,,
S000079062,STNC,Hennessy Sustainable ETF,,LOW,PORTFOLIO_CONCENTRATION_FINAL,MEDIAN_SPLIT,24,,,0.0209762738665487,,
S000063075,ESGV,VANGUARD ESG U.S. STOCK ETF,,HIGH,PORTFOLIO_CONCENTRATION_FINAL,MEDIAN_SPLIT,24,,,0.0923995698666954,,
S000063769,VEGN,US Vegan Climate ETF,,HIGH,PORTFOLIO_CONCENTRATION_FINAL,MEDIAN_SPLIT,24,,,0.1813343877898274,,
S000069532,XVV,iShares ESG Select Screened S&P 500 ETF,,HIGH,PORTFOLIO_CONCENTRATION_FINAL,MEDIAN_SPLIT,24,,,0.2666987445186355,,
S000074757,PABU,iShares Paris-Aligned Climate Optimized MSCI USA ETF,,HIGH,PORTFOLIO_CONCENTRATION_FINAL,MEDIAN_SPLIT,24,,,0.452694809053223,,
S000068775,USXF,iShares ESG Advanced MSCI USA ETF,,HIGH,PORTFOLIO_CONCENTRATION_FINAL,MEDIAN_SPLIT,24,,,0.7102760903027093,,
S000073419,CTEX,ProShares S&P Kensho Cleantech ETF,,HIGH,PORTFOLIO_CONCENTRATION_FINAL,MEDIAN_SPLIT,24,,,0.7264129056306216,,
S000055811,NULG,Nuveen ESG Large-Cap Growth ETF,,HIGH,PORTFOLIO_CONCENTRATION_FINAL,MEDIAN_SPLIT,24,,,0.7303715816367181,,
S000069051,EFIV,SPDR S&P 500 ESG ETF,,HIGH,PORTFOLIO_CONCENTRATION_FINAL,MEDIAN_SPLIT,24,,,0.8129026051963137,,
S000065418,SUSL,iShares ESG MSCI USA Leaders ETF,,HIGH,PORTFOLIO_CONCENTRATION_FINAL,MEDIAN_SPLIT,24,,,0.8340212305591667,,
S000062205,ACES,ALPS Clean Energy ETF,,HIGH,PORTFOLIO_CONCENTRATION_FINAL,MEDIAN_SPLIT,24,,,0.8431696981992065,,
S000013931,DSI,iShares ESG MSCI KLD 400 ETF,,HIGH,PORTFOLIO_CONCENTRATION_FINAL,MEDIAN_SPLIT,24,,,0.9173704536702144,,
S000079196,EGUS,iShares ESG Aware MSCI USA Growth ETF,,HIGH,PORTFOLIO_CONCENTRATION_FINAL,MEDIAN_SPLIT,24,,,1.590210773649207,,
S000087815,CHGX,Stance Sustainable Beta ETF,,LOW,PORTFOLIO_CONCENTRATION_FINAL,TERCILE,24,,,-1.1993582870452315,,
S000079198,EVUS,iShares ESG Aware MSCI USA Value ETF,,LOW,PORTFOLIO_CONCENTRATION_FINAL,TERCILE,24,,,-0.9523064605096102,,
S000055812,NULV,Nuveen ESG Large-Cap Value ETF,,LOW,PORTFOLIO_CONCENTRATION_FINAL,TERCILE,24,,,-0.7000634403710334,,
S000066985,RAFE,PIMCO RAFI ESG U.S. ETF,,LOW,PORTFOLIO_CONCENTRATION_FINAL,TERCILE,24,,,-0.4724238620865538,,
S000076639,DFSU,Dimensional US Sustainability Core 1 ETF,,LOW,PORTFOLIO_CONCENTRATION_FINAL,TERCILE,24,,,-0.4452644450758025,,
S000063599,NULC,Nuveen ESG Large-Cap ETF,,LOW,PORTFOLIO_CONCENTRATION_FINAL,TERCILE,24,,,-0.3952340379394414,,
S000004436,SUSA,iShares ESG Optimized MSCI USA ETF,,LOW,PORTFOLIO_CONCENTRATION_FINAL,TERCILE,24,,,-0.1661849260094416,,
S000080471,UPGR,Xtrackers US Green Infrastructure Select Equity ETF,,LOW,PORTFOLIO_CONCENTRATION_FINAL,TERCILE,24,,,-0.1295929829458094,,
S000079909,USCA,Xtrackers MSCI USA Climate Action Equity ETF,,MIDDLE,PORTFOLIO_CONCENTRATION_FINAL,TERCILE,24,,,-0.1013356638787344,,
S000080443,USCL,iShares Climate Conscious & Transition MSCI USA ETF,,MIDDLE,PORTFOLIO_CONCENTRATION_FINAL,TERCILE,24,,,-0.1002249519761435,,
S000055381,ESGU,iShares ESG Aware MSCI USA ETF,,MIDDLE,PORTFOLIO_CONCENTRATION_FINAL,TERCILE,24,,,-0.0880132693722,,
S000079062,STNC,Hennessy Sustainable ETF,,MIDDLE,PORTFOLIO_CONCENTRATION_FINAL,TERCILE,24,,,0.0209762738665487,,
S000063075,ESGV,VANGUARD ESG U.S. STOCK ETF,,MIDDLE,PORTFOLIO_CONCENTRATION_FINAL,TERCILE,24,,,0.0923995698666954,,
S000063769,VEGN,US Vegan Climate ETF,,MIDDLE,PORTFOLIO_CONCENTRATION_FINAL,TERCILE,24,,,0.1813343877898274,,
S000069532,XVV,iShares ESG Select Screened S&P 500 ETF,,MIDDLE,PORTFOLIO_CONCENTRATION_FINAL,TERCILE,24,,,0.2666987445186355,,
S000074757,PABU,iShares Paris-Aligned Climate Optimized MSCI USA ETF,,MIDDLE,PORTFOLIO_CONCENTRATION_FINAL,TERCILE,24,,,0.452694809053223,,
S000068775,USXF,iShares ESG Advanced MSCI USA ETF,,HIGH,PORTFOLIO_CONCENTRATION_FINAL,TERCILE,24,,,0.7102760903027093,,
S000073419,CTEX,ProShares S&P Kensho Cleantech ETF,,HIGH,PORTFOLIO_CONCENTRATION_FINAL,TERCILE,24,,,0.7264129056306216,,
S000055811,NULG,Nuveen ESG Large-Cap Growth ETF,,HIGH,PORTFOLIO_CONCENTRATION_FINAL,TERCILE,24,,,0.7303715816367181,,
S000069051,EFIV,SPDR S&P 500 ESG ETF,,HIGH,PORTFOLIO_CONCENTRATION_FINAL,TERCILE,24,,,0.8129026051963137,,
S000065418,SUSL,iShares ESG MSCI USA Leaders ETF,,HIGH,PORTFOLIO_CONCENTRATION_FINAL,TERCILE,24,,,0.8340212305591667,,
S000062205,ACES,ALPS Clean Energy ETF,,HIGH,PORTFOLIO_CONCENTRATION_FINAL,TERCILE,24,,,0.8431696981992065,,
S000013931,DSI,iShares ESG MSCI KLD 400 ETF,,HIGH,PORTFOLIO_CONCENTRATION_FINAL,TERCILE,24,,,0.9173704536702144,,
S000079196,EGUS,iShares ESG Aware MSCI USA Growth ETF,,HIGH,PORTFOLIO_CONCENTRATION_FINAL,TERCILE,24,,,1.590210773649207,,
S000079196,EGUS,iShares ESG Aware MSCI USA Growth ETF,,LOW,FINANCIAL_ARCHITECTURE_RISK_FINAL,MEDIAN_SPLIT,14,,,,-0.401154709490738,
S000063599,NULC,Nuveen ESG Large-Cap ETF,,LOW,FINANCIAL_ARCHITECTURE_RISK_FINAL,MEDIAN_SPLIT,14,,,,-0.2484149234495007,
S000087815,CHGX,Stance Sustainable Beta ETF,,LOW,FINANCIAL_ARCHITECTURE_RISK_FINAL,MEDIAN_SPLIT,14,,,,-0.1990640857845682,
S000063769,VEGN,US Vegan Climate ETF,,LOW,FINANCIAL_ARCHITECTURE_RISK_FINAL,MEDIAN_SPLIT,14,,,,-0.1952040178199652,
S000004436,SUSA,iShares ESG Optimized MSCI USA ETF,,LOW,FINANCIAL_ARCHITECTURE_RISK_FINAL,MEDIAN_SPLIT,14,,,,-0.174163284289798,
S000069051,EFIV,SPDR S&P 500 ESG ETF,,LOW,FINANCIAL_ARCHITECTURE_RISK_FINAL,MEDIAN_SPLIT,14,,,,-0.167667881147616,
S000076639,DFSU,Dimensional US Sustainability Core 1 ETF,,LOW,FINANCIAL_ARCHITECTURE_RISK_FINAL,MEDIAN_SPLIT,14,,,,-0.167418538499163,
S000066985,RAFE,PIMCO RAFI ESG U.S. ETF,,HIGH,FINANCIAL_ARCHITECTURE_RISK_FINAL,MEDIAN_SPLIT,14,,,,-0.0888876635880654,
S000063075,ESGV,VANGUARD ESG U.S. STOCK ETF,,HIGH,FINANCIAL_ARCHITECTURE_RISK_FINAL,MEDIAN_SPLIT,14,,,,-0.0665915733695496,
S000079198,EVUS,iShares ESG Aware MSCI USA Value ETF,,HIGH,FINANCIAL_ARCHITECTURE_RISK_FINAL,MEDIAN_SPLIT,14,,,,0.2127975578357744,
S000055812,NULV,Nuveen ESG Large-Cap Value ETF,,HIGH,FINANCIAL_ARCHITECTURE_RISK_FINAL,MEDIAN_SPLIT,14,,,,0.2293555005158145,
S000079062,STNC,Hennessy Sustainable ETF,,HIGH,FINANCIAL_ARCHITECTURE_RISK_FINAL,MEDIAN_SPLIT,14,,,,0.5259961614167784,
S000062205,ACES,ALPS Clean Energy ETF,,HIGH,FINANCIAL_ARCHITECTURE_RISK_FINAL,MEDIAN_SPLIT,14,,,,0.868016577735994,
S000080471,UPGR,Xtrackers US Green Infrastructure Select Equity ETF,,HIGH,FINANCIAL_ARCHITECTURE_RISK_FINAL,MEDIAN_SPLIT,14,,,,1.009104003782164,
S000079196,EGUS,iShares ESG Aware MSCI USA Growth ETF,,LOW,FINANCIAL_ARCHITECTURE_RISK_FINAL,TERCILE,14,,,,-0.401154709490738,
S000063599,NULC,Nuveen ESG Large-Cap ETF,,LOW,FINANCIAL_ARCHITECTURE_RISK_FINAL,TERCILE,14,,,,-0.2484149234495007,
S000087815,CHGX,Stance Sustainable Beta ETF,,LOW,FINANCIAL_ARCHITECTURE_RISK_FINAL,TERCILE,14,,,,-0.1990640857845682,
S000063769,VEGN,US Vegan Climate ETF,,LOW,FINANCIAL_ARCHITECTURE_RISK_FINAL,TERCILE,14,,,,-0.1952040178199652,
S000004436,SUSA,iShares ESG Optimized MSCI USA ETF,,MIDDLE,FINANCIAL_ARCHITECTURE_RISK_FINAL,TERCILE,14,,,,-0.174163284289798,
S000069051,EFIV,SPDR S&P 500 ESG ETF,,MIDDLE,FINANCIAL_ARCHITECTURE_RISK_FINAL,TERCILE,14,,,,-0.167667881147616,
S000076639,DFSU,Dimensional US Sustainability Core 1 ETF,,MIDDLE,FINANCIAL_ARCHITECTURE_RISK_FINAL,TERCILE,14,,,,-0.167418538499163,
S000066985,RAFE,PIMCO RAFI ESG U.S. ETF,,MIDDLE,FINANCIAL_ARCHITECTURE_RISK_FINAL,TERCILE,14,,,,-0.0888876635880654,
S000063075,ESGV,VANGUARD ESG U.S. STOCK ETF,,MIDDLE,FINANCIAL_ARCHITECTURE_RISK_FINAL,TERCILE,14,,,,-0.0665915733695496,
S000079198,EVUS,iShares ESG Aware MSCI USA Value ETF,,MIDDLE,FINANCIAL_ARCHITECTURE_RISK_FINAL,TERCILE,14,,,,0.2127975578357744,
S000055812,NULV,Nuveen ESG Large-Cap Value ETF,,HIGH,FINANCIAL_ARCHITECTURE_RISK_FINAL,TERCILE,14,,,,0.2293555005158145,
S000079062,STNC,Hennessy Sustainable ETF,,HIGH,FINANCIAL_ARCHITECTURE_RISK_FINAL,TERCILE,14,,,,0.5259961614167784,
S000062205,ACES,ALPS Clean Energy ETF,,HIGH,FINANCIAL_ARCHITECTURE_RISK_FINAL,TERCILE,14,,,,0.868016577735994,
S000080471,UPGR,Xtrackers US Green Infrastructure Select Equity ETF,,HIGH,FINANCIAL_ARCHITECTURE_RISK_FINAL,TERCILE,14,,,,1.009104003782164,
S000087815,CHGX,Stance Sustainable Beta ETF,,LOW,EXTENDED_ARCHITECTURE_RISK_FINAL,MEDIAN_SPLIT,14,,,,,-0.449137636099734
S000063599,NULC,Nuveen ESG Large-Cap ETF,,LOW,EXTENDED_ARCHITECTURE_RISK_FINAL,MEDIAN_SPLIT,14,,,,,-0.2851197020719859
S000076639,DFSU,Dimensional US Sustainability Core 1 ETF,,LOW,EXTENDED_ARCHITECTURE_RISK_FINAL,MEDIAN_SPLIT,14,,,,,-0.2368800151433228
S000066985,RAFE,PIMCO RAFI ESG U.S. ETF,,LOW,EXTENDED_ARCHITECTURE_RISK_FINAL,MEDIAN_SPLIT,14,,,,,-0.1847717132126874
S000004436,SUSA,iShares ESG Optimized MSCI USA ETF,,LOW,EXTENDED_ARCHITECTURE_RISK_FINAL,MEDIAN_SPLIT,14,,,,,-0.1721686947197089
S000063769,VEGN,US Vegan Climate ETF,,LOW,EXTENDED_ARCHITECTURE_RISK_FINAL,MEDIAN_SPLIT,14,,,,,-0.101069416417517
S000079198,EVUS,iShares ESG Aware MSCI USA Value ETF,,LOW,EXTENDED_ARCHITECTURE_RISK_FINAL,MEDIAN_SPLIT,14,,,,,-0.0784784467505717
S000063075,ESGV,VANGUARD ESG U.S. STOCK ETF,,HIGH,EXTENDED_ARCHITECTURE_RISK_FINAL,MEDIAN_SPLIT,14,,,,,-0.0268437875604883
S000055812,NULV,Nuveen ESG Large-Cap Value ETF,,HIGH,EXTENDED_ARCHITECTURE_RISK_FINAL,MEDIAN_SPLIT,14,,,,,-0.0029992347058974
S000069051,EFIV,SPDR S&P 500 ESG ETF,,HIGH,EXTENDED_ARCHITECTURE_RISK_FINAL,MEDIAN_SPLIT,14,,,,,0.0774747404383664
S000079196,EGUS,iShares ESG Aware MSCI USA Growth ETF,,HIGH,EXTENDED_ARCHITECTURE_RISK_FINAL,MEDIAN_SPLIT,14,,,,,0.0966866612942482
S000079062,STNC,Hennessy Sustainable ETF,,HIGH,EXTENDED_ARCHITECTURE_RISK_FINAL,MEDIAN_SPLIT,14,,,,,0.399741189529221
S000080471,UPGR,Xtrackers US Green Infrastructure Select Equity ETF,,HIGH,EXTENDED_ARCHITECTURE_RISK_FINAL,MEDIAN_SPLIT,14,,,,,0.7244297571001708
S000062205,ACES,ALPS Clean Energy ETF,,HIGH,EXTENDED_ARCHITECTURE_RISK_FINAL,MEDIAN_SPLIT,14,,,,,0.8618048578517972
S000087815,CHGX,Stance Sustainable Beta ETF,,LOW,EXTENDED_ARCHITECTURE_RISK_FINAL,TERCILE,14,,,,,-0.449137636099734
S000063599,NULC,Nuveen ESG Large-Cap ETF,,LOW,EXTENDED_ARCHITECTURE_RISK_FINAL,TERCILE,14,,,,,-0.2851197020719859
S000076639,DFSU,Dimensional US Sustainability Core 1 ETF,,LOW,EXTENDED_ARCHITECTURE_RISK_FINAL,TERCILE,14,,,,,-0.2368800151433228
S000066985,RAFE,PIMCO RAFI ESG U.S. ETF,,LOW,EXTENDED_ARCHITECTURE_RISK_FINAL,TERCILE,14,,,,,-0.1847717132126874
S000004436,SUSA,iShares ESG Optimized MSCI USA ETF,,MIDDLE,EXTENDED_ARCHITECTURE_RISK_FINAL,TERCILE,14,,,,,-0.1721686947197089
S000063769,VEGN,US Vegan Climate ETF,,MIDDLE,EXTENDED_ARCHITECTURE_RISK_FINAL,TERCILE,14,,,,,-0.101069416417517
S000079198,EVUS,iShares ESG Aware MSCI USA Value ETF,,MIDDLE,EXTENDED_ARCHITECTURE_RISK_FINAL,TERCILE,14,,,,,-0.0784784467505717
S000063075,ESGV,VANGUARD ESG U.S. STOCK ETF,,MIDDLE,EXTENDED_ARCHITECTURE_RISK_FINAL,TERCILE,14,,,,,-0.0268437875604883
S000055812,NULV,Nuveen ESG Large-Cap Value ETF,,MIDDLE,EXTENDED_ARCHITECTURE_RISK_FINAL,TERCILE,14,,,,,-0.0029992347058974
S000069051,EFIV,SPDR S&P 500 ESG ETF,,MIDDLE,EXTENDED_ARCHITECTURE_RISK_FINAL,TERCILE,14,,,,,0.0774747404383664
S000079196,EGUS,iShares ESG Aware MSCI USA Growth ETF,,HIGH,EXTENDED_ARCHITECTURE_RISK_FINAL,TERCILE,14,,,,,0.0966866612942482
S000079062,STNC,Hennessy Sustainable ETF,,HIGH,EXTENDED_ARCHITECTURE_RISK_FINAL,TERCILE,14,,,,,0.399741189529221
S000080471,UPGR,Xtrackers US Green Infrastructure Select Equity ETF,,HIGH,EXTENDED_ARCHITECTURE_RISK_FINAL,TERCILE,14,,,,,0.7244297571001708
S000062205,ACES,ALPS Clean Energy ETF,,HIGH,EXTENDED_ARCHITECTURE_RISK_FINAL,TERCILE,14,,,,,0.8618048578517972
