CHANNEL,CHANNEL_ROLE,SHOCK,SHOCK_ROLE,HORIZON_MONTHS,OUTCOME,MODEL_VARIANT,MODEL_STATUS,COEFFICIENT,STANDARD_ERROR,T_STATISTIC,P_VALUE,CI_LOWER_95,CI_UPPER_95,N_OBSERVATIONS,N_ETFS,N_DATES,ERROR_MESSAGE,ARCHITECTURE_COLUMN,VALID_ROW_FLAG,FOCAL_REGRESSOR,INFERENCE_CLASS,COVARIANCE_STATUS,NONFINITE_COV_ELEMENTS,NEGATIVE_DIAGONAL_COUNT,ZERO_DIAGONAL_COUNT,TARGET_VARIANCE,MIN_COV_EIGENVALUE,PSD_WARNING,FINITE_COEFFICIENT,COVARIANCE_METHOD,DK_BANDWIDTH,DF_INFERENCE,WITHIN_ITERATIONS,WITHIN_CONVERGENCE,DESIGN_RANK,N_REGRESSORS,ABSORBED_EFFECT_DF,CONDITION_NUMBER,WITHIN_R_SQUARED,REGRESSORS,HOLM_P_SHOCK_FAMILY,BH_Q_SHOCK_FAMILY,HOLM_P_WITHIN_CHANNEL,BH_Q_WITHIN_CHANNEL,BONFERRONI_CI_LOWER,BONFERRONI_CI_UPPER,COEFFICIENT_PERCENTAGE_POINTS,SE_PERCENTAGE_POINTS,CI_LOWER_PERCENTAGE_POINTS,CI_UPPER_PERCENTAGE_POINTS
INTERNAL_FINANCIAL_CAPACITY,PRIMARY,CPU_VIX_CONTINUOUS,PRIMARY_CONTINUOUS_ACTIVATION,0,LP_CUM_RETURN_H0,PRIMARY_ALIGNED,RELIABLE_ESTIMATE,-9.613480630344334e-05,0.001769035451432,-0.0543430637444962,0.956718639679357,-0.0035854899928037,0.0033932203801968,1777,23,192,,INTERNAL_FINANCIAL_CAPACITY_MAIN,VALID_INTERNAL_FINANCIAL_CAPACITY_MAIN_ROW,CPU_VIX_X_ARCH,MAIN_INFERENCE_ELIGIBLE,VALID,0,0,0,3.1294864284232507e-06,1.938532067764527e-07,False,True,DATE_CLUSTERED,0,191,1,3.3152493096445647e-16,10,10,22,48.57442769879292,0.8180161716887575,CPU_Z|VIX_LEVEL_Z|CPU_Z_X_VIX_Z|CPU_X_ARCH|VIX_X_ARCH|CPU_VIX_X_ARCH|MARKET_RETURN|ENERGY_RETURN|TREASURY_RETURN|VIX_CHANGE,1.0,0.9691435570777902,1.0,0.9965597918945354,-0.0052771776594786,0.0050849080468717,-0.009613480630344333,0.1769035451432,-0.35854899928037,0.33932203801968
INTERNAL_FINANCIAL_CAPACITY,PRIMARY,CPU_VIX_CONTINUOUS,PRIMARY_CONTINUOUS_ACTIVATION,3,LP_CUM_RETURN_H3,PRIMARY_ALIGNED,RELIABLE_ESTIMATE,-0.0004387802099762,0.0047997911296685,-0.0914165217032072,0.927258965954892,-0.009907149102696,0.0090295886827436,1708,23,189,,INTERNAL_FINANCIAL_CAPACITY_MAIN,VALID_INTERNAL_FINANCIAL_CAPACITY_MAIN_ROW,CPU_VIX_X_ARCH,MAIN_INFERENCE_ELIGIBLE,VALID,0,0,0,2.30379948884448e-05,3.327096934172545e-06,False,True,DK_H3,3,188,1,3.75767792950053e-16,10,10,22,48.78464572729543,0.2463474491488438,CPU_Z|VIX_LEVEL_Z|CPU_Z_X_VIX_Z|CPU_X_ARCH|VIX_X_ARCH|CPU_VIX_X_ARCH|MARKET_RETURN|ENERGY_RETURN|TREASURY_RETURN|VIX_CHANGE,1.0,0.9516605176905468,1.0,0.9965597918945354,-0.014496114962071,0.0136185545421186,-0.04387802099762,0.47997911296685003,-0.9907149102696,0.9029588682743599
INTERNAL_FINANCIAL_CAPACITY,PRIMARY,CPU_VIX_CONTINUOUS,PRIMARY_CONTINUOUS_ACTIVATION,6,LP_CUM_RETURN_H6,PRIMARY_ALIGNED,RELIABLE_ESTIMATE,-0.0082450852229758,0.0055536631623527,-1.4846210477559505,0.1393461129357623,-0.0192017403673601,0.0027115699214085,1639,23,186,,INTERNAL_FINANCIAL_CAPACITY_MAIN,VALID_INTERNAL_FINANCIAL_CAPACITY_MAIN_ROW,CPU_VIX_X_ARCH,MAIN_INFERENCE_ELIGIBLE,VALID,0,0,0,3.0843174520874324e-05,3.3723919174610234e-06,False,True,DK_H6,6,185,1,3.2218236793043757e-16,10,10,22,48.76140071406255,0.1719054746542717,CPU_Z|VIX_LEVEL_Z|CPU_Z_X_VIX_Z|CPU_X_ARCH|VIX_X_ARCH|CPU_VIX_X_ARCH|MARKET_RETURN|ENERGY_RETURN|TREASURY_RETURN|VIX_CHANGE,1.0,0.4347598723595784,1.0,0.715389631552995,-0.024510314284925,0.0080201438389734,-0.82450852229758,0.55536631623527,-1.9201740367360098,0.27115699214085
INTERNAL_FINANCIAL_CAPACITY,PRIMARY,CPU_VIX_CONTINUOUS,PRIMARY_CONTINUOUS_ACTIVATION,9,LP_CUM_RETURN_H9,PRIMARY_ALIGNED,RELIABLE_ESTIMATE,-0.0029406282018934,0.0064605601180774,-0.455166138562077,0.6495322254499896,-0.0156878565015434,0.0098066000977564,1570,23,183,,INTERNAL_FINANCIAL_CAPACITY_MAIN,VALID_INTERNAL_FINANCIAL_CAPACITY_MAIN_ROW,CPU_VIX_X_ARCH,MAIN_INFERENCE_ELIGIBLE,VALID,0,0,0,4.173883703929279e-05,6.289871832544878e-06,False,True,DK_H9,9,182,1,3.1103867277196844e-16,10,10,22,48.26761884757776,0.1995249792491806,CPU_Z|VIX_LEVEL_Z|CPU_Z_X_VIX_Z|CPU_X_ARCH|VIX_X_ARCH|CPU_VIX_X_ARCH|MARKET_RETURN|ENERGY_RETURN|TREASURY_RETURN|VIX_CHANGE,1.0,0.7342538200739013,1.0,0.9965597918945354,-0.0218619216107839,0.0159806652069969,-0.29406282018934,0.64605601180774,-1.56878565015434,0.98066000977564
INTERNAL_FINANCIAL_CAPACITY,PRIMARY,CPU_VIX_CONTINUOUS,PRIMARY_CONTINUOUS_ACTIVATION,12,LP_CUM_RETURN_H12,PRIMARY_ALIGNED,RELIABLE_ESTIMATE,-0.0034817924835048,0.0082052914152532,-0.4243350183800168,0.6718310535959571,-0.0196733386194769,0.0127097536524671,1501,23,180,,INTERNAL_FINANCIAL_CAPACITY_MAIN,VALID_INTERNAL_FINANCIAL_CAPACITY_MAIN_ROW,CPU_VIX_X_ARCH,MAIN_INFERENCE_ELIGIBLE,VALID,0,0,0,6.7326807209229e-05,6.832008393917596e-06,False,True,DK_H12,12,179,1,4.058481945574183e-16,10,10,22,50.01916460946822,0.2223739145225514,CPU_Z|VIX_LEVEL_Z|CPU_Z_X_VIX_Z|CPU_X_ARCH|VIX_X_ARCH|CPU_VIX_X_ARCH|MARKET_RETURN|ENERGY_RETURN|TREASURY_RETURN|VIX_CHANGE,1.0,0.7402817462132197,1.0,0.9965597918945354,-0.0275129482247904,0.0205493632577806,-0.34817924835048003,0.82052914152532,-1.9673338619476899,1.27097536524671
INTERNAL_FINANCIAL_CAPACITY,PRIMARY,CPU_AND_VIX_STRESS,PRIMARY_THRESHOLD_ACTIVATION,0,LP_CUM_RETURN_H0,PRIMARY_ALIGNED,RELIABLE_ESTIMATE,-0.0071421480458757,0.0062920781772155,-1.1351016062925507,0.2577551831081692,-0.0195530330870772,0.0052687369953257,1777,23,192,,INTERNAL_FINANCIAL_CAPACITY_MAIN,VALID_INTERNAL_FINANCIAL_CAPACITY_MAIN_ROW,JOINT_X_ARCH,MAIN_INFERENCE_ELIGIBLE,VALID,0,0,0,3.959024778819255e-05,8.630963316413717e-07,False,True,DATE_CLUSTERED,0,191,1,3.0385051200267443e-16,10,10,22,25.038090194764308,0.8186508942966846,HIGH_CPU_REGIME|HIGH_VIX_REGIME|CPU_AND_VIX_STRESS|HIGH_CPU_X_ARCH|HIGH_VIX_X_ARCH|JOINT_X_ARCH|MARKET_RETURN|ENERGY_RETURN|TREASURY_RETURN|VIX_CHANGE,1.0,0.4020980856487439,1.0,0.9785088148584218,-0.0255700018490845,0.0112857057573331,-0.71421480458757,0.62920781772155,-1.95530330870772,0.52687369953257
INTERNAL_FINANCIAL_CAPACITY,PRIMARY,CPU_AND_VIX_STRESS,PRIMARY_THRESHOLD_ACTIVATION,3,LP_CUM_RETURN_H3,PRIMARY_ALIGNED,RELIABLE_ESTIMATE,-0.0004857409664291,0.0180075225776227,-0.0269743361051116,0.9785088148584218,-0.0360085089375196,0.0350370270046612,1708,23,189,,INTERNAL_FINANCIAL_CAPACITY_MAIN,VALID_INTERNAL_FINANCIAL_CAPACITY_MAIN_ROW,JOINT_X_ARCH,MAIN_INFERENCE_ELIGIBLE,VALID,0,0,0,0.0003242708693835,1.9202404812225123e-05,False,True,DK_H3,3,188,1,2.9890619893754217e-16,10,10,22,25.117350088669028,0.2316126381325141,HIGH_CPU_REGIME|HIGH_VIX_REGIME|CPU_AND_VIX_STRESS|HIGH_CPU_X_ARCH|HIGH_VIX_X_ARCH|JOINT_X_ARCH|MARKET_RETURN|ENERGY_RETURN|TREASURY_RETURN|VIX_CHANGE,1.0,0.9785088148584218,1.0,0.9785088148584218,-0.0532250719270726,0.0522535899942143,-0.04857409664291,1.80075225776227,-3.60085089375196,3.50370270046612
INTERNAL_FINANCIAL_CAPACITY,PRIMARY,CPU_AND_VIX_STRESS,PRIMARY_THRESHOLD_ACTIVATION,6,LP_CUM_RETURN_H6,PRIMARY_ALIGNED,RELIABLE_ESTIMATE,0.0013718274275119,0.026838097123006,0.0511149289468824,0.9592890874782792,-0.0515762477999558,0.0543199026549798,1639,23,186,,INTERNAL_FINANCIAL_CAPACITY_MAIN,VALID_INTERNAL_FINANCIAL_CAPACITY_MAIN_ROW,JOINT_X_ARCH,MAIN_INFERENCE_ELIGIBLE,VALID,0,0,0,0.0007202834571839,1.630397430039406e-05,False,True,DK_H6,6,185,1,4.0946935209293406e-16,10,10,22,25.16389090968142,0.1708684870830243,HIGH_CPU_REGIME|HIGH_VIX_REGIME|CPU_AND_VIX_STRESS|HIGH_CPU_X_ARCH|HIGH_VIX_X_ARCH|JOINT_X_ARCH|MARKET_RETURN|ENERGY_RETURN|TREASURY_RETURN|VIX_CHANGE,1.0,0.9785088148584218,1.0,0.9785088148584218,-0.0772299502697155,0.0799736051247395,0.13718274275119,2.6838097123006,-5.15762477999558,5.43199026549798
INTERNAL_FINANCIAL_CAPACITY,PRIMARY,CPU_AND_VIX_STRESS,PRIMARY_THRESHOLD_ACTIVATION,9,LP_CUM_RETURN_H9,PRIMARY_ALIGNED,RELIABLE_ESTIMATE,0.0229947209076924,0.0239639731396222,0.9595537757331548,0.3385528469303053,-0.0242882129238014,0.0702776547391863,1570,23,183,,INTERNAL_FINANCIAL_CAPACITY_MAIN,VALID_INTERNAL_FINANCIAL_CAPACITY_MAIN_ROW,JOINT_X_ARCH,MAIN_INFERENCE_ELIGIBLE,VALID,0,0,0,0.0005742720086365,5.01620914347739e-05,False,True,DK_H9,9,182,1,4.792766062589473e-16,10,10,22,25.230223808028743,0.1556480800317023,HIGH_CPU_REGIME|HIGH_VIX_REGIME|CPU_AND_VIX_STRESS|HIGH_CPU_X_ARCH|HIGH_VIX_X_ARCH|JOINT_X_ARCH|MARKET_RETURN|ENERGY_RETURN|TREASURY_RETURN|VIX_CHANGE,1.0,0.4801294920102511,1.0,0.9785088148584218,-0.047189498220431,0.0931789400358159,2.29947209076924,2.3963973139622197,-2.4288212923801398,7.02776547391863
INTERNAL_FINANCIAL_CAPACITY,PRIMARY,CPU_AND_VIX_STRESS,PRIMARY_THRESHOLD_ACTIVATION,12,LP_CUM_RETURN_H12,PRIMARY_ALIGNED,RELIABLE_ESTIMATE,0.0149663742484295,0.0206347038456658,0.7253011412409088,0.4692144383086343,-0.0257521989759323,0.0556849474727915,1501,23,180,,INTERNAL_FINANCIAL_CAPACITY_MAIN,VALID_INTERNAL_FINANCIAL_CAPACITY_MAIN_ROW,JOINT_X_ARCH,MAIN_INFERENCE_ELIGIBLE,VALID,0,0,0,0.0004257910027983,4.7786777174971154e-05,False,True,DK_H12,12,179,1,3.1553707015662343e-16,10,10,22,25.789823924426447,0.1570005275642366,HIGH_CPU_REGIME|HIGH_VIX_REGIME|CPU_AND_VIX_STRESS|HIGH_CPU_X_ARCH|HIGH_VIX_X_ARCH|JOINT_X_ARCH|MARKET_RETURN|ENERGY_RETURN|TREASURY_RETURN|VIX_CHANGE,1.0,0.5903020352915078,1.0,0.9785088148584218,-0.0454672845572392,0.0754000330540984,1.49663742484295,2.06347038456658,-2.57521989759323,5.56849474727915
INTERNAL_FINANCIAL_CAPACITY,PRIMARY,EXTREME_CPU_REGIME,PREDEFINED_CPU_EVENT,0,LP_CUM_RETURN_H0,PRIMARY_ALIGNED,RELIABLE_ESTIMATE,-0.0074078433164877,0.0037446794797569,-1.9782316100839044,0.0493402787007596,-0.0147940812541696,-2.1605378805910312e-05,1777,23,192,,INTERNAL_FINANCIAL_CAPACITY_MAIN,VALID_INTERNAL_FINANCIAL_CAPACITY_MAIN_ROW,SHOCK_X_ARCH,MAIN_INFERENCE_ELIGIBLE,VALID,0,0,0,1.4022624406112814e-05,2.567591590492045e-06,False,True,DATE_CLUSTERED,0,191,1,2.2101662064297095e-16,6,6,22,17.224539287003854,0.817316084164724,EXTREME_CPU_REGIME|SHOCK_X_ARCH|MARKET_RETURN|ENERGY_RETURN|TREASURY_RETURN|VIX_CHANGE,1.0,0.1282847246219749,0.1095101432427556,0.0534519685924895,-0.0183750315886739,0.0035593449556984,-0.74078433164877,0.37446794797569,-1.47940812541696,-0.0021605378805910312
INTERNAL_FINANCIAL_CAPACITY,PRIMARY,EXTREME_CPU_REGIME,PREDEFINED_CPU_EVENT,3,LP_CUM_RETURN_H3,PRIMARY_ALIGNED,RELIABLE_ESTIMATE,-0.0266918967915122,0.011199761556186,-2.383255809296167,0.0181566529506738,-0.0487852485769667,-0.0045985450060577,1708,23,189,,INTERNAL_FINANCIAL_CAPACITY_MAIN,VALID_INTERNAL_FINANCIAL_CAPACITY_MAIN_ROW,SHOCK_X_ARCH,MAIN_INFERENCE_ELIGIBLE,VALID,0,0,0,0.0001254346589154,9.755016119012724e-05,False,True,DK_H3,3,188,1,2.337929967200065e-16,6,6,22,16.576591978111885,0.1917587447825864,EXTREME_CPU_REGIME|SHOCK_X_ARCH|MARKET_RETURN|ENERGY_RETURN|TREASURY_RETURN|VIX_CHANGE,1.0,0.0788390056854991,0.0726266118026955,0.023603648835876,-0.0594930735689321,0.0061092799859077,-2.66918967915122,1.1199761556186,-4.87852485769667,-0.45985450060577004
INTERNAL_FINANCIAL_CAPACITY,PRIMARY,EXTREME_CPU_REGIME,PREDEFINED_CPU_EVENT,6,LP_CUM_RETURN_H6,PRIMARY_ALIGNED,RELIABLE_ESTIMATE,-0.0502287955732057,0.0161978199872815,-3.1009602287619606,0.0022308458138496,-0.0821849878202478,-0.0182726033261637,1639,23,186,,INTERNAL_FINANCIAL_CAPACITY_MAIN,VALID_INTERNAL_FINANCIAL_CAPACITY_MAIN_ROW,SHOCK_X_ARCH,MAIN_INFERENCE_ELIGIBLE,VALID,0,0,0,0.0002623693723403,9.303552055500056e-05,False,True,DK_H6,6,185,1,1.5687934043616343e-16,6,6,22,15.298700764387265,0.116956112896799,EXTREME_CPU_REGIME|SHOCK_X_ARCH|MARKET_RETURN|ENERGY_RETURN|TREASURY_RETURN|VIX_CHANGE,0.1561592069694759,0.0193339970533636,0.0156159206969475,0.0041429993685779,-0.0976679802510429,-0.0027896108953685,-5.02287955732057,1.6197819987281499,-8.21849878202478,-1.8272603326163699
INTERNAL_FINANCIAL_CAPACITY,PRIMARY,EXTREME_CPU_REGIME,PREDEFINED_CPU_EVENT,9,LP_CUM_RETURN_H9,PRIMARY_ALIGNED,RELIABLE_ESTIMATE,-0.072610975984937,0.0172643109277626,-4.205842694142613,4.076442087819791e-05,-0.1066749129826817,-0.0385470389871922,1570,23,183,,INTERNAL_FINANCIAL_CAPACITY_MAIN,VALID_INTERNAL_FINANCIAL_CAPACITY_MAIN_ROW,SHOCK_X_ARCH,MAIN_INFERENCE_ELIGIBLE,VALID,0,0,0,0.0002980564318104,0.0001532342910919,False,True,DK_H9,9,182,1,1.116289817109447e-16,6,6,22,14.381170494410728,0.1311342041366204,EXTREME_CPU_REGIME|SHOCK_X_ARCH|MARKET_RETURN|ENERGY_RETURN|TREASURY_RETURN|VIX_CHANGE,0.0031796248284994,0.0028702837757479,0.0005299374714165,0.0004783806292913,-0.1231736341130561,-0.0220483178568178,-7.2610975984937,1.72643109277626,-10.66749129826817,-3.85470389871922
INTERNAL_FINANCIAL_CAPACITY,PRIMARY,EXTREME_CPU_REGIME,PREDEFINED_CPU_EVENT,12,LP_CUM_RETURN_H12,PRIMARY_ALIGNED,RELIABLE_ESTIMATE,-0.0822172354375126,0.025397257351074,-3.2372485855853923,0.0014381671688056,-0.1323337813730573,-0.0321006895019679,1501,23,180,,INTERNAL_FINANCIAL_CAPACITY_MAIN,VALID_INTERNAL_FINANCIAL_CAPACITY_MAIN_ROW,SHOCK_X_ARCH,MAIN_INFERENCE_ELIGIBLE,VALID,0,0,0,0.0006450206809566,0.0001389547525684,False,True,DK_H12,12,179,1,9.460025355660188e-17,6,6,22,12.51514362244261,0.170168691930752,EXTREME_CPU_REGIME|SHOCK_X_ARCH|MARKET_RETURN|ENERGY_RETURN|TREASURY_RETURN|VIX_CHANGE,0.102109868985202,0.0140221298958552,0.0123502065435269,0.0031160288657456,-0.1565991697184331,-0.0078353011565921,-8.22172354375126,2.5397257351074,-13.23337813730573,-3.21006895019679
EXTERNAL_FINANCING_DEPENDENCE,PRIMARY,CPU_VIX_CONTINUOUS,PRIMARY_CONTINUOUS_ACTIVATION,0,LP_CUM_RETURN_H0,PRIMARY_ALIGNED,RELIABLE_ESTIMATE,-0.0065355912218848,0.002270390829,-2.8786194598766173,0.0044495389718505,-0.0110138508340034,-0.0020573316097662,883,11,192,,EXTERNAL_FINANCING_DEPENDENCE_MAIN,VALID_EXTERNAL_FINANCING_DEPENDENCE_MAIN_ROW,CPU_VIX_X_ARCH,MAIN_INFERENCE_ELIGIBLE,VALID,0,0,0,5.15467451640738e-06,4.954434678418784e-07,False,True,DATE_CLUSTERED,0,191,1,9.188052617587505e-16,10,10,10,71.19006915236682,0.6581088634518295,CPU_Z|VIX_LEVEL_Z|CPU_Z_X_VIX_Z|CPU_X_ARCH|VIX_X_ARCH|CPU_VIX_X_ARCH|MARKET_RETURN|ENERGY_RETURN|TREASURY_RETURN|VIX_CHANGE,0.3470640398043401,0.3092869965467466,0.0578440066340566,0.0578440066340566,-0.0131849730468692,0.0001137906030995,-0.65355912218848,0.2270390829,-1.10138508340034,-0.20573316097662
EXTERNAL_FINANCING_DEPENDENCE,PRIMARY,CPU_VIX_CONTINUOUS,PRIMARY_CONTINUOUS_ACTIVATION,3,LP_CUM_RETURN_H3,PRIMARY_ALIGNED,RELIABLE_ESTIMATE,-0.00721527603054,0.0100624516962433,-0.7170495072521708,0.474233462521448,-0.0270650990856083,0.0126345470245281,850,11,189,,EXTERNAL_FINANCING_DEPENDENCE_MAIN,VALID_EXTERNAL_FINANCING_DEPENDENCE_MAIN_ROW,CPU_VIX_X_ARCH,MAIN_INFERENCE_ELIGIBLE,VALID,0,0,0,0.0001012529341392,1.018951252179811e-05,False,True,DK_H3,3,188,1,1.0269562977782698e-15,10,10,10,71.40858091381955,0.2160220839953882,CPU_Z|VIX_LEVEL_Z|CPU_Z_X_VIX_Z|CPU_X_ARCH|VIX_X_ARCH|CPU_VIX_X_ARCH|MARKET_RETURN|ENERGY_RETURN|TREASURY_RETURN|VIX_CHANGE,1.0,0.6014960670658439,1.0,0.5741553367446692,-0.0366855692369543,0.0222550171758741,-0.721527603054,1.00624516962433,-2.70650990856083,1.26345470245281
EXTERNAL_FINANCING_DEPENDENCE,PRIMARY,CPU_VIX_CONTINUOUS,PRIMARY_CONTINUOUS_ACTIVATION,6,LP_CUM_RETURN_H6,PRIMARY_ALIGNED,RELIABLE_ESTIMATE,-0.0086390866060216,0.0160593018046445,-0.5379490784289934,0.59125877416257,-0.0403220004935352,0.023043827281492,817,11,186,,EXTERNAL_FINANCING_DEPENDENCE_MAIN,VALID_EXTERNAL_FINANCING_DEPENDENCE_MAIN_ROW,CPU_VIX_X_ARCH,MAIN_INFERENCE_ELIGIBLE,VALID,0,0,0,0.0002579011744526,1.4505548025320828e-05,False,True,DK_H6,6,185,1,6.31593542897867e-16,10,10,10,71.34330442307774,0.1924767326523124,CPU_Z|VIX_LEVEL_Z|CPU_Z_X_VIX_Z|CPU_X_ARCH|VIX_X_ARCH|CPU_VIX_X_ARCH|MARKET_RETURN|ENERGY_RETURN|TREASURY_RETURN|VIX_CHANGE,1.0,0.6955732092954551,1.0,0.5974795515743011,-0.0556725877009744,0.0383944144889312,-0.86390866060216,1.60593018046445,-4.03220004935352,2.3043827281492
EXTERNAL_FINANCING_DEPENDENCE,PRIMARY,CPU_VIX_CONTINUOUS,PRIMARY_CONTINUOUS_ACTIVATION,9,LP_CUM_RETURN_H9,PRIMARY_ALIGNED,RELIABLE_ESTIMATE,-0.0235740969837061,0.0118512783426994,-1.9891606881571655,0.0481815200513302,-0.0469576655777622,-0.00019052838965,784,11,183,,EXTERNAL_FINANCING_DEPENDENCE_MAIN,VALID_EXTERNAL_FINANCING_DEPENDENCE_MAIN_ROW,CPU_VIX_X_ARCH,MAIN_INFERENCE_ELIGIBLE,VALID,0,0,0,0.0001404527983561,1.379406208839884e-05,False,True,DK_H9,9,182,1,6.555602621596163e-16,10,10,10,69.2580192902565,0.2341814400953078,CPU_Z|VIX_LEVEL_Z|CPU_Z_X_VIX_Z|CPU_X_ARCH|VIX_X_ARCH|CPU_VIX_X_ARCH|MARKET_RETURN|ENERGY_RETURN|TREASURY_RETURN|VIX_CHANGE,1.0,0.3493536884150114,0.4818152005133022,0.1565899401668232,-0.0582833962850453,0.011135202317633,-2.35740969837061,1.18512783426994,-4.69576655777622,-0.019052838965000003
EXTERNAL_FINANCING_DEPENDENCE,PRIMARY,CPU_VIX_CONTINUOUS,PRIMARY_CONTINUOUS_ACTIVATION,12,LP_CUM_RETURN_H12,PRIMARY_ALIGNED,RELIABLE_ESTIMATE,-0.0321143037263169,0.0191353072677433,-1.6782747868623151,0.0950384652518181,-0.0698741095359811,0.0056455020833473,751,11,180,,EXTERNAL_FINANCING_DEPENDENCE_MAIN,VALID_EXTERNAL_FINANCING_DEPENDENCE_MAIN_ROW,CPU_VIX_X_ARCH,MAIN_INFERENCE_ELIGIBLE,VALID,0,0,0,0.0003661599842309,1.9115320540043604e-05,False,True,DK_H12,12,179,1,4.89804275569922e-16,10,10,10,70.93947407052555,0.2226496244943472,CPU_Z|VIX_LEVEL_Z|CPU_Z_X_VIX_Z|CPU_X_ARCH|VIX_X_ARCH|CPU_VIX_X_ARCH|MARKET_RETURN|ENERGY_RETURN|TREASURY_RETURN|VIX_CHANGE,1.0,0.3706500144820909,0.7817634633138316,0.2059166747122727,-0.0881566215230579,0.023928014070424,-3.21143037263169,1.91353072677433,-6.9874109535981095,0.56455020833473
EXTERNAL_FINANCING_DEPENDENCE,PRIMARY,CPU_AND_VIX_STRESS,PRIMARY_THRESHOLD_ACTIVATION,0,LP_CUM_RETURN_H0,PRIMARY_ALIGNED,RELIABLE_ESTIMATE,-0.0161243579443749,0.0107655677985733,-1.4977712505337446,0.1358434910869231,-0.0373590312253227,0.0051103153365727,883,11,192,,EXTERNAL_FINANCING_DEPENDENCE_MAIN,VALID_EXTERNAL_FINANCING_DEPENDENCE_MAIN_ROW,JOINT_X_ARCH,MAIN_INFERENCE_ELIGIBLE,VALID,0,0,0,0.0001158974500256,2.74406495046071e-06,False,True,DATE_CLUSTERED,0,191,1,5.895667096285314e-16,10,10,10,36.21488107687065,0.6519950031932891,HIGH_CPU_REGIME|HIGH_VIX_REGIME|CPU_AND_VIX_STRESS|HIGH_CPU_X_ARCH|HIGH_VIX_X_ARCH|JOINT_X_ARCH|MARKET_RETURN|ENERGY_RETURN|TREASURY_RETURN|VIX_CHANGE,1.0,0.2759293497831244,0.7502416790870992,0.1605423076481818,-0.0476538945955602,0.0154051787068103,-1.61243579443749,1.07655677985733,-3.73590312253227,0.51103153365727
EXTERNAL_FINANCING_DEPENDENCE,PRIMARY,CPU_AND_VIX_STRESS,PRIMARY_THRESHOLD_ACTIVATION,3,LP_CUM_RETURN_H3,PRIMARY_ALIGNED,RELIABLE_ESTIMATE,-0.038756280493261,0.0327558914254923,-1.1831850334898475,0.2382298580078977,-0.1033726054640224,0.0258600444775003,850,11,189,,EXTERNAL_FINANCING_DEPENDENCE_MAIN,VALID_EXTERNAL_FINANCING_DEPENDENCE_MAIN_ROW,JOINT_X_ARCH,MAIN_INFERENCE_ELIGIBLE,VALID,0,0,0,0.0010729484230786,5.533093622736805e-05,False,True,DK_H3,3,188,1,8.116113145535629e-16,10,10,10,36.25357477366504,0.2068117858800907,HIGH_CPU_REGIME|HIGH_VIX_REGIME|CPU_AND_VIX_STRESS|HIGH_CPU_X_ARCH|HIGH_VIX_X_ARCH|JOINT_X_ARCH|MARKET_RETURN|ENERGY_RETURN|TREASURY_RETURN|VIX_CHANGE,1.0,0.379223039277878,0.7502416790870992,0.2382298580078977,-0.1346897322689467,0.0571771712824247,-3.8756280493261,3.2755891425492303,-10.33726054640224,2.58600444775003
EXTERNAL_FINANCING_DEPENDENCE,PRIMARY,CPU_AND_VIX_STRESS,PRIMARY_THRESHOLD_ACTIVATION,6,LP_CUM_RETURN_H6,PRIMARY_ALIGNED,RELIABLE_ESTIMATE,-0.0887015805722264,0.0482109368741623,-1.839864278177182,0.0673905179302435,-0.1838154890099321,0.0064123278654791,817,11,186,,EXTERNAL_FINANCING_DEPENDENCE_MAIN,VALID_EXTERNAL_FINANCING_DEPENDENCE_MAIN_ROW,JOINT_X_ARCH,MAIN_INFERENCE_ELIGIBLE,VALID,0,0,0,0.0023242944342844,0.000102633460944,False,True,DK_H6,6,185,1,1.1102230246251563e-15,10,10,10,36.32495774107429,0.2293311657506896,HIGH_CPU_REGIME|HIGH_VIX_REGIME|CPU_AND_VIX_STRESS|HIGH_CPU_X_ARCH|HIGH_VIX_X_ARCH|JOINT_X_ARCH|MARKET_RETURN|ENERGY_RETURN|TREASURY_RETURN|VIX_CHANGE,1.0,0.2193106922485553,0.7098614177406245,0.1605423076481818,-0.2298988243779203,0.0524956632334674,-8.870158057222639,4.82109368741623,-18.38154890099321,0.6412327865479099
EXTERNAL_FINANCING_DEPENDENCE,PRIMARY,CPU_AND_VIX_STRESS,PRIMARY_THRESHOLD_ACTIVATION,9,LP_CUM_RETURN_H9,PRIMARY_ALIGNED,RELIABLE_ESTIMATE,-0.0928372088239804,0.0479061897303352,-1.9378959033595171,0.0541834219018328,-0.1873601489867377,0.0016857313387767,784,11,183,,EXTERNAL_FINANCING_DEPENDENCE_MAIN,VALID_EXTERNAL_FINANCING_DEPENDENCE_MAIN_ROW,JOINT_X_ARCH,MAIN_INFERENCE_ELIGIBLE,VALID,0,0,0,0.0022950030144788,9.239603283898942e-05,False,True,DK_H9,9,182,1,7.137148015447435e-16,10,10,10,36.22631032439688,0.1859302023460065,HIGH_CPU_REGIME|HIGH_VIX_REGIME|CPU_AND_VIX_STRESS|HIGH_CPU_X_ARCH|HIGH_VIX_X_ARCH|JOINT_X_ARCH|MARKET_RETURN|ENERGY_RETURN|TREASURY_RETURN|VIX_CHANGE,1.0,0.2193106922485553,0.7043844847238275,0.1605423076481818,-0.2331419278302006,0.0474675101822397,-9.28372088239804,4.79061897303352,-18.73601489867377,0.16857313387767
EXTERNAL_FINANCING_DEPENDENCE,PRIMARY,CPU_AND_VIX_STRESS,PRIMARY_THRESHOLD_ACTIVATION,12,LP_CUM_RETURN_H12,PRIMARY_ALIGNED,RELIABLE_ESTIMATE,-0.0626265051728553,0.0394677709601721,-1.5867758337822826,0.1143283386392944,-0.1405084720701738,0.0152554617244631,751,11,180,,EXTERNAL_FINANCING_DEPENDENCE_MAIN,VALID_EXTERNAL_FINANCING_DEPENDENCE_MAIN_ROW,JOINT_X_ARCH,MAIN_INFERENCE_ELIGIBLE,VALID,0,0,0,0.0015577049445646,0.0001121983038372,False,True,DK_H12,12,179,1,8.938718711084593e-16,10,10,10,36.67930228999634,0.1609303947293817,HIGH_CPU_REGIME|HIGH_VIX_REGIME|CPU_AND_VIX_STRESS|HIGH_CPU_X_ARCH|HIGH_VIX_X_ARCH|JOINT_X_ARCH|MARKET_RETURN|ENERGY_RETURN|TREASURY_RETURN|VIX_CHANGE,1.0,0.2702306186019687,0.7502416790870992,0.1605423076481818,-0.1782172992965287,0.0529642889508179,-6.26265051728553,3.94677709601721,-14.05084720701738,1.52554617244631
EXTERNAL_FINANCING_DEPENDENCE,PRIMARY,EXTREME_CPU_REGIME,PREDEFINED_CPU_EVENT,0,LP_CUM_RETURN_H0,PRIMARY_ALIGNED,RELIABLE_ESTIMATE,0.0068787523222196,0.0058917780978098,1.1675172092405637,0.2444569806128439,-0.0047425560278532,0.0185000606722925,883,11,192,,EXTERNAL_FINANCING_DEPENDENCE_MAIN,VALID_EXTERNAL_FINANCING_DEPENDENCE_MAIN_ROW,SHOCK_X_ARCH,MAIN_INFERENCE_ELIGIBLE,VALID,0,0,0,3.4713049153832064e-05,4.3087275343906025e-06,False,True,DATE_CLUSTERED,0,191,1,4.0925868358731263e-16,6,6,10,26.17075494610017,0.6451060971404785,EXTREME_CPU_REGIME|SHOCK_X_ARCH|MARKET_RETURN|ENERGY_RETURN|TREASURY_RETURN|VIX_CHANGE,1.0,0.3075426530290617,0.6399227482832305,0.2444569806128439,-0.0103767270868798,0.0241342317313192,0.68787523222196,0.58917780978098,-0.47425560278532,1.8500060672292502
EXTERNAL_FINANCING_DEPENDENCE,PRIMARY,EXTREME_CPU_REGIME,PREDEFINED_CPU_EVENT,3,LP_CUM_RETURN_H3,PRIMARY_ALIGNED,RELIABLE_ESTIMATE,0.0380162946749868,0.0249185422310536,1.5256227399855968,0.1287843751236685,-0.0111395839327405,0.0871721732827141,850,11,189,,EXTERNAL_FINANCING_DEPENDENCE_MAIN,VALID_EXTERNAL_FINANCING_DEPENDENCE_MAIN_ROW,SHOCK_X_ARCH,MAIN_INFERENCE_ELIGIBLE,VALID,0,0,0,0.0006209337469208,0.0001430464507497,False,True,DK_H3,3,188,1,3.9284814717505543e-16,6,6,10,25.15492051359457,0.1514644490003042,EXTREME_CPU_REGIME|SHOCK_X_ARCH|MARKET_RETURN|ENERGY_RETURN|TREASURY_RETURN|VIX_CHANGE,1.0,0.1988815578269521,0.6399227482832305,0.1665802738540694,-0.0349636080359721,0.1109961973859457,3.8016294674986804,2.49185422310536,-1.11395839327405,8.71721732827141
EXTERNAL_FINANCING_DEPENDENCE,PRIMARY,EXTREME_CPU_REGIME,PREDEFINED_CPU_EVENT,6,LP_CUM_RETURN_H6,PRIMARY_ALIGNED,RELIABLE_ESTIMATE,0.076784476376396,0.0375307303881712,2.045909460919965,0.0421805548609597,0.0027412263342289,0.150827726418563,817,11,186,,EXTERNAL_FINANCING_DEPENDENCE_MAIN,VALID_EXTERNAL_FINANCING_DEPENDENCE_MAIN_ROW,SHOCK_X_ARCH,MAIN_INFERENCE_ELIGIBLE,VALID,0,0,0,0.0014085557234696,0.0002510123241431,False,True,DK_H6,6,185,1,3.806478941571965e-16,6,6,10,23.227962573909124,0.0992214554545983,EXTREME_CPU_REGIME|SHOCK_X_ARCH|MARKET_RETURN|ENERGY_RETURN|TREASURY_RETURN|VIX_CHANGE,1.0,0.1218015882235578,0.3796249937486374,0.1096694426384952,-0.0331332317705367,0.1867021845233287,7.6784476376396,3.7530730388171203,0.27412263342289,15.082772641856302
EXTERNAL_FINANCING_DEPENDENCE,PRIMARY,EXTREME_CPU_REGIME,PREDEFINED_CPU_EVENT,9,LP_CUM_RETURN_H9,PRIMARY_ALIGNED,RELIABLE_ESTIMATE,0.0920685328102369,0.038632695946205,2.383176492224098,0.0181936166966536,0.0158429755742205,0.1682940900462533,784,11,183,,EXTERNAL_FINANCING_DEPENDENCE_MAIN,VALID_EXTERNAL_FINANCING_DEPENDENCE_MAIN_ROW,SHOCK_X_ARCH,MAIN_INFERENCE_ELIGIBLE,VALID,0,0,0,0.0014924851960719,0.00051924564821,False,True,DK_H9,9,182,1,1.249000902703301e-16,6,6,10,21.75369890554184,0.0845861650431057,EXTREME_CPU_REGIME|SHOCK_X_ARCH|MARKET_RETURN|ENERGY_RETURN|TREASURY_RETURN|VIX_CHANGE,1.0,0.0788390056854991,0.2183234003598439,0.0960900027520033,-0.021076544677584,0.2052136102980579,9.20685328102369,3.8632695946205,1.58429755742205,16.82940900462533
EXTERNAL_FINANCING_DEPENDENCE,PRIMARY,EXTREME_CPU_REGIME,PREDEFINED_CPU_EVENT,12,LP_CUM_RETURN_H12,PRIMARY_ALIGNED,RELIABLE_ESTIMATE,0.0591236977220088,0.0399809796760796,1.4787956223439465,0.1409525394149818,-0.0197709867231046,0.1380183821671223,751,11,180,,EXTERNAL_FINANCING_DEPENDENCE_MAIN,VALID_EXTERNAL_FINANCING_DEPENDENCE_MAIN_ROW,SHOCK_X_ARCH,MAIN_INFERENCE_ELIGIBLE,VALID,0,0,0,0.001598478735859,0.0006158660116984,False,True,DK_H12,12,179,1,1.8219044506669235e-16,6,6,10,18.39536021309256,0.1056151159623878,EXTREME_CPU_REGIME|SHOCK_X_ARCH|MARKET_RETURN|ENERGY_RETURN|TREASURY_RETURN|VIX_CHANGE,1.0,0.2074395863088411,0.6399227482832305,0.1665802738540694,-0.0579701507059675,0.1762175461499852,5.91236977220088,3.99809796760796,-1.9770986723104602,13.80183821671223
GROWTH_DURATION_EXPOSURE_FINAL,PRIMARY,CPU_VIX_CONTINUOUS,PRIMARY_CONTINUOUS_ACTIVATION,0,LP_CUM_RETURN_H0,PRIMARY_ALIGNED,RELIABLE_ESTIMATE,-0.0016738696249662,0.0020810158244712,-0.8043521847757119,0.4221936299801669,-0.0057785942388398,0.0024308549889073,965,13,192,,GROWTH_DURATION_EXPOSURE_FINAL_MAIN,VALID_GROWTH_DURATION_EXPOSURE_FINAL_MAIN_ROW,CPU_VIX_X_ARCH,MAIN_INFERENCE_ELIGIBLE,VALID,0,0,0,4.330626861699733e-06,1.0860562442184988e-07,False,True,DATE_CLUSTERED,0,191,1,3.6812658184939397e-16,10,10,12,50.65001773285376,0.8849786248476781,CPU_Z|VIX_LEVEL_Z|CPU_Z_X_VIX_Z|CPU_X_ARCH|VIX_X_ARCH|CPU_VIX_X_ARCH|MARKET_RETURN|ENERGY_RETURN|TREASURY_RETURN|VIX_CHANGE,1.0,0.5777386515518074,1.0,0.4989561081583791,-0.0077686215170177,0.0044208822670851,-0.16738696249662,0.20810158244712,-0.57785942388398,0.24308549889073
GROWTH_DURATION_EXPOSURE_FINAL,PRIMARY,CPU_VIX_CONTINUOUS,PRIMARY_CONTINUOUS_ACTIVATION,3,LP_CUM_RETURN_H3,PRIMARY_ALIGNED,RELIABLE_ESTIMATE,-0.001573741470984,0.0046223876799906,-0.3404607272117045,0.7338897224104132,-0.0106921531970245,0.0075446702550564,926,13,189,,GROWTH_DURATION_EXPOSURE_FINAL_MAIN,VALID_GROWTH_DURATION_EXPOSURE_FINAL_MAIN_ROW,CPU_VIX_X_ARCH,MAIN_INFERENCE_ELIGIBLE,VALID,0,0,0,2.1366467864129256e-05,3.0053169612483783e-06,False,True,DK_H3,3,188,1,3.75767792950053e-16,10,10,12,50.85811930891045,0.2755232688532768,CPU_Z|VIX_LEVEL_Z|CPU_Z_X_VIX_Z|CPU_X_ARCH|VIX_X_ARCH|CPU_VIX_X_ARCH|MARKET_RETURN|ENERGY_RETURN|TREASURY_RETURN|VIX_CHANGE,1.0,0.7950471992779475,1.0,0.7338897224104132,-0.0151115078479294,0.0119640249059613,-0.1573741470984,0.46223876799906,-1.06921531970245,0.75446702550564
GROWTH_DURATION_EXPOSURE_FINAL,PRIMARY,CPU_VIX_CONTINUOUS,PRIMARY_CONTINUOUS_ACTIVATION,6,LP_CUM_RETURN_H6,PRIMARY_ALIGNED,RELIABLE_ESTIMATE,-0.0078978615843627,0.0061359802494396,-1.287139342582457,0.1996537971296763,-0.0200033526090258,0.0042076294403004,887,13,186,,GROWTH_DURATION_EXPOSURE_FINAL_MAIN,VALID_GROWTH_DURATION_EXPOSURE_FINAL_MAIN_ROW,CPU_VIX_X_ARCH,MAIN_INFERENCE_ELIGIBLE,VALID,0,0,0,3.765025362151372e-05,2.7440009216007854e-06,False,True,DK_H6,6,185,1,2.0898315757650003e-16,10,10,12,50.79625616725498,0.1901652325741376,CPU_Z|VIX_LEVEL_Z|CPU_Z_X_VIX_Z|CPU_X_ARCH|VIX_X_ARCH|CPU_VIX_X_ARCH|MARKET_RETURN|ENERGY_RETURN|TREASURY_RETURN|VIX_CHANGE,1.0,0.4962342998573738,1.0,0.4220077324320345,-0.0258685453221304,0.0100728221534049,-0.78978615843627,0.61359802494396,-2.00033526090258,0.42076294403004005
GROWTH_DURATION_EXPOSURE_FINAL,PRIMARY,CPU_VIX_CONTINUOUS,PRIMARY_CONTINUOUS_ACTIVATION,9,LP_CUM_RETURN_H9,PRIMARY_ALIGNED,RELIABLE_ESTIMATE,-0.0060734908304376,0.0054581052212102,-1.1127471135653464,0.2672846266143308,-0.0168427913348315,0.0046958096739562,848,13,183,,GROWTH_DURATION_EXPOSURE_FINAL_MAIN,VALID_GROWTH_DURATION_EXPOSURE_FINAL_MAIN_ROW,CPU_VIX_X_ARCH,MAIN_INFERENCE_ELIGIBLE,VALID,0,0,0,2.9790912605802496e-05,4.952639192688441e-06,False,True,DK_H9,9,182,1,3.1103867277196844e-16,10,10,12,50.367756929134686,0.2576135590194218,CPU_Z|VIX_LEVEL_Z|CPU_Z_X_VIX_Z|CPU_X_ARCH|VIX_X_ARCH|CPU_VIX_X_ARCH|MARKET_RETURN|ENERGY_RETURN|TREASURY_RETURN|VIX_CHANGE,1.0,0.5232692249027309,1.0,0.4220077324320345,-0.0220588556377616,0.0099118739768863,-0.60734908304376,0.54581052212102,-1.68427913348315,0.46958096739562005
GROWTH_DURATION_EXPOSURE_FINAL,PRIMARY,CPU_VIX_CONTINUOUS,PRIMARY_CONTINUOUS_ACTIVATION,12,LP_CUM_RETURN_H12,PRIMARY_ALIGNED,RELIABLE_ESTIMATE,-0.0077437974625143,0.0064499750420474,-1.2005933995143447,0.2314953573262116,-0.0204715682611284,0.0049839733360996,809,13,180,,GROWTH_DURATION_EXPOSURE_FINAL_MAIN,VALID_GROWTH_DURATION_EXPOSURE_FINAL_MAIN_ROW,CPU_VIX_X_ARCH,MAIN_INFERENCE_ELIGIBLE,VALID,0,0,0,4.160217804303457e-05,7.346159495689229e-06,False,True,DK_H12,12,179,1,4.058481945574183e-16,10,10,12,52.31308271327045,0.3132027266920871,CPU_Z|VIX_LEVEL_Z|CPU_Z_X_VIX_Z|CPU_X_ARCH|VIX_X_ARCH|CPU_VIX_X_ARCH|MARKET_RETURN|ENERGY_RETURN|TREASURY_RETURN|VIX_CHANGE,1.0,0.5015732742067919,1.0,0.4220077324320345,-0.0266340899480082,0.0111464950229794,-0.7743797462514299,0.64499750420474,-2.04715682611284,0.49839733360995997
GROWTH_DURATION_EXPOSURE_FINAL,PRIMARY,CPU_AND_VIX_STRESS,PRIMARY_THRESHOLD_ACTIVATION,0,LP_CUM_RETURN_H0,PRIMARY_ALIGNED,RELIABLE_ESTIMATE,-0.0128749202452363,0.0067723946144947,-1.901088311906783,0.0587960912634101,-0.0262332112020313,0.0004833707115586,965,13,192,,GROWTH_DURATION_EXPOSURE_FINAL_MAIN,VALID_GROWTH_DURATION_EXPOSURE_FINAL_MAIN_ROW,JOINT_X_ARCH,MAIN_INFERENCE_ELIGIBLE,VALID,0,0,0,4.586532881443718e-05,6.927686241215567e-07,False,True,DATE_CLUSTERED,0,191,1,7.185610131601709e-16,10,10,12,25.839362058115444,0.8859782626540003,HIGH_CPU_REGIME|HIGH_VIX_REGIME|CPU_AND_VIX_STRESS|HIGH_CPU_X_ARCH|HIGH_VIX_X_ARCH|JOINT_X_ARCH|MARKET_RETURN|ENERGY_RETURN|TREASURY_RETURN|VIX_CHANGE,1.0,0.2193106922485553,0.7643491864243318,0.6042338359775392,-0.032709495458473,0.0069596549680003,-1.2874920245236299,0.67723946144947,-2.62332112020313,0.04833707115586
GROWTH_DURATION_EXPOSURE_FINAL,PRIMARY,CPU_AND_VIX_STRESS,PRIMARY_THRESHOLD_ACTIVATION,3,LP_CUM_RETURN_H3,PRIMARY_ALIGNED,RELIABLE_ESTIMATE,-0.0141235593758683,0.0170253106159553,-0.8295625081067458,0.407838268907683,-0.0477087544541666,0.01946163570243,926,13,189,,GROWTH_DURATION_EXPOSURE_FINAL_MAIN,VALID_GROWTH_DURATION_EXPOSURE_FINAL_MAIN_ROW,JOINT_X_ARCH,MAIN_INFERENCE_ELIGIBLE,VALID,0,0,0,0.0002898612015697,1.5790768326104e-05,False,True,DK_H3,3,188,1,7.417577019597062e-16,10,10,12,25.924386479104825,0.2618234916729149,HIGH_CPU_REGIME|HIGH_VIX_REGIME|CPU_AND_VIX_STRESS|HIGH_CPU_X_ARCH|HIGH_VIX_X_ARCH|JOINT_X_ARCH|MARKET_RETURN|ENERGY_RETURN|TREASURY_RETURN|VIX_CHANGE,1.0,0.5391760165220216,1.0,0.782088108049645,-0.0639862480056975,0.0357391292539609,-1.41235593758683,1.7025310615955298,-4.77087544541666,1.946163570243
GROWTH_DURATION_EXPOSURE_FINAL,PRIMARY,CPU_AND_VIX_STRESS,PRIMARY_THRESHOLD_ACTIVATION,6,LP_CUM_RETURN_H6,PRIMARY_ALIGNED,RELIABLE_ESTIMATE,-0.0221265579785708,0.0235518669173872,-0.9394821249705644,0.3487082730907527,-0.0685913283970428,0.024338212439901,887,13,186,,GROWTH_DURATION_EXPOSURE_FINAL_MAIN,VALID_GROWTH_DURATION_EXPOSURE_FINAL_MAIN_ROW,JOINT_X_ARCH,MAIN_INFERENCE_ELIGIBLE,VALID,0,0,0,0.0005546904352943,1.128536517598787e-05,False,True,DK_H6,6,185,1,6.425836294042573e-16,10,10,12,25.97324755128337,0.1870364164554421,HIGH_CPU_REGIME|HIGH_VIX_REGIME|CPU_AND_VIX_STRESS|HIGH_CPU_X_ARCH|HIGH_VIX_X_ARCH|JOINT_X_ARCH|MARKET_RETURN|ENERGY_RETURN|TREASURY_RETURN|VIX_CHANGE,1.0,0.4857008089478341,1.0,0.782088108049645,-0.0911038256034152,0.0468507096462735,-2.2126557978570798,2.35518669173872,-6.859132839704279,2.4338212439900997
GROWTH_DURATION_EXPOSURE_FINAL,PRIMARY,CPU_AND_VIX_STRESS,PRIMARY_THRESHOLD_ACTIVATION,9,LP_CUM_RETURN_H9,PRIMARY_ALIGNED,RELIABLE_ESTIMATE,0.0070535406720338,0.018831462014589,0.3745615006720881,0.7084226722251038,-0.0301025171819075,0.0442095985259753,848,13,183,,GROWTH_DURATION_EXPOSURE_FINAL_MAIN,VALID_GROWTH_DURATION_EXPOSURE_FINAL_MAIN_ROW,JOINT_X_ARCH,MAIN_INFERENCE_ELIGIBLE,VALID,0,0,0,0.0003546239616069,2.185033145392645e-05,False,True,DK_H9,9,182,1,6.361754156979073e-16,10,10,12,26.039933188616377,0.211559544989287,HIGH_CPU_REGIME|HIGH_VIX_REGIME|CPU_AND_VIX_STRESS|HIGH_CPU_X_ARCH|HIGH_VIX_X_ARCH|JOINT_X_ARCH|MARKET_RETURN|ENERGY_RETURN|TREASURY_RETURN|VIX_CHANGE,1.0,0.8008256294718565,1.0,0.782088108049645,-0.048098893727485,0.0622059750715527,0.70535406720338,1.8831462014589,-3.01025171819075,4.42095985259753
GROWTH_DURATION_EXPOSURE_FINAL,PRIMARY,CPU_AND_VIX_STRESS,PRIMARY_THRESHOLD_ACTIVATION,12,LP_CUM_RETURN_H12,PRIMARY_ALIGNED,RELIABLE_ESTIMATE,0.0110563964336524,0.0181923940682024,0.6077482926217702,0.5441246997558523,-0.0248427536357168,0.0469555465030217,809,13,180,,GROWTH_DURATION_EXPOSURE_FINAL_MAIN,VALID_GROWTH_DURATION_EXPOSURE_FINAL_MAIN_ROW,JOINT_X_ARCH,MAIN_INFERENCE_ELIGIBLE,VALID,0,0,0,0.0003309632019327,1.809188989582081e-05,False,True,DK_H12,12,179,1,3.6822396983401032e-16,10,10,12,26.661380399764568,0.2298424133184523,HIGH_CPU_REGIME|HIGH_VIX_REGIME|CPU_AND_VIX_STRESS|HIGH_CPU_X_ARCH|HIGH_VIX_X_ARCH|JOINT_X_ARCH|MARKET_RETURN|ENERGY_RETURN|TREASURY_RETURN|VIX_CHANGE,1.0,0.6430564633478255,1.0,0.782088108049645,-0.0422243748436609,0.0643371677109658,1.10563964336524,1.81923940682024,-2.48427536357168,4.69555465030217
GROWTH_DURATION_EXPOSURE_FINAL,PRIMARY,EXTREME_CPU_REGIME,PREDEFINED_CPU_EVENT,0,LP_CUM_RETURN_H0,PRIMARY_ALIGNED,RELIABLE_ESTIMATE,-0.0056594873346136,0.0039312223637289,-1.4396253406651227,0.1516103612005301,-0.0134136740203918,0.0020946993511645,965,13,192,,GROWTH_DURATION_EXPOSURE_FINAL_MAIN,VALID_GROWTH_DURATION_EXPOSURE_FINAL_MAIN_ROW,SHOCK_X_ARCH,MAIN_INFERENCE_ELIGIBLE,VALID,0,0,0,1.5454509273082796e-05,1.8773759711340135e-06,False,True,DATE_CLUSTERED,0,191,1,2.203098814490545e-16,6,6,12,17.985019533721523,0.8849160388954245,EXTREME_CPU_REGIME|SHOCK_X_ARCH|MARKET_RETURN|ENERGY_RETURN|TREASURY_RETURN|VIX_CHANGE,1.0,0.2189927439563212,0.4548310836015903,0.1791758814188083,-0.0171730109982311,0.0058540363290037,-0.56594873346136,0.39312223637289,-1.34136740203918,0.20946993511645
GROWTH_DURATION_EXPOSURE_FINAL,PRIMARY,EXTREME_CPU_REGIME,PREDEFINED_CPU_EVENT,3,LP_CUM_RETURN_H3,PRIMARY_ALIGNED,RELIABLE_ESTIMATE,-0.0162464291076547,0.0092890881138639,-1.7489799761299416,0.0819264849499427,-0.0345706666761167,0.0020778084608072,926,13,189,,GROWTH_DURATION_EXPOSURE_FINAL_MAIN,VALID_GROWTH_DURATION_EXPOSURE_FINAL_MAIN_ROW,SHOCK_X_ARCH,MAIN_INFERENCE_ELIGIBLE,VALID,0,0,0,8.62871579871287e-05,2.801864812032893e-05,False,True,DK_H3,3,188,1,2.337929967200065e-16,6,6,12,17.316277268756522,0.221962597300938,EXTREME_CPU_REGIME|SHOCK_X_ARCH|MARKET_RETURN|ENERGY_RETURN|TREASURY_RETURN|VIX_CHANGE,1.0,0.1456412070752655,0.4038940775387937,0.1065044304349255,-0.0434517423453807,0.0109588841300712,-1.62464291076547,0.92890881138639,-3.4570666676116697,0.20778084608072
GROWTH_DURATION_EXPOSURE_FINAL,PRIMARY,EXTREME_CPU_REGIME,PREDEFINED_CPU_EVENT,6,LP_CUM_RETURN_H6,PRIMARY_ALIGNED,RELIABLE_ESTIMATE,-0.0256547256534244,0.0140913878126438,-1.82059609702922,0.0702840767604928,-0.0534552011693919,0.002145749862543,887,13,186,,GROWTH_DURATION_EXPOSURE_FINAL_MAIN,VALID_GROWTH_DURATION_EXPOSURE_FINAL_MAIN_ROW,SHOCK_X_ARCH,MAIN_INFERENCE_ELIGIBLE,VALID,0,0,0,0.0001985672104863,4.001237215059536e-05,False,True,DK_H6,6,185,1,1.5687934043616343e-16,6,6,12,15.985031283447142,0.1365380649971457,EXTREME_CPU_REGIME|SHOCK_X_ARCH|MARKET_RETURN|ENERGY_RETURN|TREASURY_RETURN|VIX_CHANGE,1.0,0.1442673154557484,0.4038940775387937,0.1015214442096007,-0.0669247205870589,0.01561526928021,-2.56547256534244,1.40913878126438,-5.3455201169391895,0.2145749862543
GROWTH_DURATION_EXPOSURE_FINAL,PRIMARY,EXTREME_CPU_REGIME,PREDEFINED_CPU_EVENT,9,LP_CUM_RETURN_H9,PRIMARY_ALIGNED,RELIABLE_ESTIMATE,-0.0454382946670369,0.0135960487242085,-3.342022052784467,0.0010094187499378,-0.0722644419194558,-0.018612147414618,848,13,183,,GROWTH_DURATION_EXPOSURE_FINAL_MAIN,VALID_GROWTH_DURATION_EXPOSURE_FINAL_MAIN_ROW,SHOCK_X_ARCH,MAIN_INFERENCE_ELIGIBLE,VALID,0,0,0,0.000184852540911,5.299778115118047e-05,False,True,DK_H9,9,182,1,1.116289817109447e-16,6,6,12,15.0571219467313,0.1850716109597399,EXTREME_CPU_REGIME|SHOCK_X_ARCH|MARKET_RETURN|ENERGY_RETURN|TREASURY_RETURN|VIX_CHANGE,0.0746969874953986,0.0140221298958552,0.0121130249992538,0.0065612218745958,-0.0852575707685764,-0.0056190185654974,-4.5438294667036905,1.35960487242085,-7.22644419194558,-1.8612147414617999
GROWTH_DURATION_EXPOSURE_FINAL,PRIMARY,EXTREME_CPU_REGIME,PREDEFINED_CPU_EVENT,12,LP_CUM_RETURN_H12,PRIMARY_ALIGNED,RELIABLE_ESTIMATE,-0.0634705368053676,0.0227575828365783,-2.7889841052605604,0.0058595194668511,-0.1083781986778851,-0.01856287493285,809,13,180,,GROWTH_DURATION_EXPOSURE_FINAL_MAIN,VALID_GROWTH_DURATION_EXPOSURE_FINAL_MAIN_ROW,SHOCK_X_ARCH,MAIN_INFERENCE_ELIGIBLE,VALID,0,0,0,0.0005179075765637,5.969692687517063e-05,False,True,DK_H12,12,179,1,9.460025355660188e-17,6,6,12,13.034849295561754,0.2415408818559181,EXTREME_CPU_REGIME|SHOCK_X_ARCH|MARKET_RETURN|ENERGY_RETURN|TREASURY_RETURN|VIX_CHANGE,0.3925878042790237,0.0380868765345321,0.058595194668511,0.019043438267266,-0.1301215537850176,0.0031804801742823,-6.34705368053676,2.2757582836578303,-10.837819867788511,-1.856287493285
PORTFOLIO_CONCENTRATION_FINAL,PRIMARY,CPU_VIX_CONTINUOUS,PRIMARY_CONTINUOUS_ACTIVATION,0,LP_CUM_RETURN_H0,PRIMARY_ALIGNED,RELIABLE_ESTIMATE,-0.0033958632930821,0.0015875200280565,-2.139099496741079,0.0336972755676236,-0.0065271862064177,-0.0002645403797464,1828,24,192,,PORTFOLIO_CONCENTRATION_FINAL_MAIN,VALID_PORTFOLIO_CONCENTRATION_FINAL_MAIN_ROW,CPU_VIX_X_ARCH,MAIN_INFERENCE_ELIGIBLE,VALID,0,0,0,2.520219839480601e-06,3.373462015084615e-07,False,True,DATE_CLUSTERED,0,191,1,3.3152493096445647e-16,10,10,23,49.65159632143974,0.7612576648819606,CPU_Z|VIX_LEVEL_Z|CPU_Z_X_VIX_Z|CPU_X_ARCH|VIX_X_ARCH|CPU_VIX_X_ARCH|MARKET_RETURN|ENERGY_RETURN|TREASURY_RETURN|VIX_CHANGE,1.0,0.3493536884150114,0.4380645823791071,0.2769508527061882,-0.0080452948739906,0.0012535682878264,-0.33958632930821003,0.15875200280565,-0.65271862064177,-0.026454037974639997
PORTFOLIO_CONCENTRATION_FINAL,PRIMARY,CPU_VIX_CONTINUOUS,PRIMARY_CONTINUOUS_ACTIVATION,3,LP_CUM_RETURN_H3,PRIMARY_ALIGNED,RELIABLE_ESTIMATE,-0.0029108004838692,0.0054041709676553,-0.5386210949451339,0.5907855113589403,-0.013571406935013,0.0077498059672746,1756,24,189,,PORTFOLIO_CONCENTRATION_FINAL_MAIN,VALID_PORTFOLIO_CONCENTRATION_FINAL_MAIN_ROW,CPU_VIX_X_ARCH,MAIN_INFERENCE_ELIGIBLE,VALID,0,0,0,2.920506384764884e-05,2.6242653519800893e-06,False,True,DK_H3,3,188,1,3.75767792950053e-16,10,10,23,49.86212314381649,0.2169745232715874,CPU_Z|VIX_LEVEL_Z|CPU_Z_X_VIX_Z|CPU_X_ARCH|VIX_X_ARCH|CPU_VIX_X_ARCH|MARKET_RETURN|ENERGY_RETURN|TREASURY_RETURN|VIX_CHANGE,1.0,0.6955732092954551,1.0,0.5907855113589403,-0.0187382059474752,0.0129166049797368,-0.29108004838692003,0.5404170967655301,-1.3571406935013,0.77498059672746
PORTFOLIO_CONCENTRATION_FINAL,PRIMARY,CPU_VIX_CONTINUOUS,PRIMARY_CONTINUOUS_ACTIVATION,6,LP_CUM_RETURN_H6,PRIMARY_ALIGNED,RELIABLE_ESTIMATE,-0.0058687126776814,0.0078090218585802,-0.7515298053920982,0.4532888566208161,-0.0212748972117784,0.0095374718564154,1684,24,186,,PORTFOLIO_CONCENTRATION_FINAL_MAIN,VALID_PORTFOLIO_CONCENTRATION_FINAL_MAIN_ROW,CPU_VIX_X_ARCH,MAIN_INFERENCE_ELIGIBLE,VALID,0,0,0,6.0980822387784325e-05,3.174363088598577e-06,False,True,DK_H6,6,185,1,2.1900289800825002e-16,10,10,23,49.83460110955421,0.1474320223621698,CPU_Z|VIX_LEVEL_Z|CPU_Z_X_VIX_Z|CPU_X_ARCH|VIX_X_ARCH|CPU_VIX_X_ARCH|MARKET_RETURN|ENERGY_RETURN|TREASURY_RETURN|VIX_CHANGE,1.0,0.599289348028274,1.0,0.5713910823549425,-0.0287392983733697,0.0170018730180068,-0.5868712677681399,0.7809021858580201,-2.1274897211778403,0.9537471856415399
PORTFOLIO_CONCENTRATION_FINAL,PRIMARY,CPU_VIX_CONTINUOUS,PRIMARY_CONTINUOUS_ACTIVATION,9,LP_CUM_RETURN_H9,PRIMARY_ALIGNED,RELIABLE_ESTIMATE,-0.0074549491881197,0.0053354793870567,-1.3972407439535022,0.1640422773941587,-0.0179822986116753,0.0030724002354358,1612,24,183,,PORTFOLIO_CONCENTRATION_FINAL_MAIN,VALID_PORTFOLIO_CONCENTRATION_FINAL_MAIN_ROW,CPU_VIX_X_ARCH,MAIN_INFERENCE_ELIGIBLE,VALID,0,0,0,2.846734028970756e-05,7.669962114134914e-06,False,True,DK_H9,9,182,1,3.1103867277196844e-16,10,10,23,49.27287079543157,0.176588919276734,CPU_Z|VIX_LEVEL_Z|CPU_Z_X_VIX_Z|CPU_X_ARCH|VIX_X_ARCH|CPU_VIX_X_ARCH|MARKET_RETURN|ENERGY_RETURN|TREASURY_RETURN|VIX_CHANGE,1.0,0.473899912472014,1.0,0.4265099212248125,-0.0230811749509767,0.0081712765747372,-0.74549491881197,0.53354793870567,-1.7982298611675303,0.30724002354358
PORTFOLIO_CONCENTRATION_FINAL,PRIMARY,CPU_VIX_CONTINUOUS,PRIMARY_CONTINUOUS_ACTIVATION,12,LP_CUM_RETURN_H12,PRIMARY_ALIGNED,RELIABLE_ESTIMATE,-0.0096213293864217,0.0077407103683435,-1.242951735511156,0.2155112757420095,-0.024896115218067,0.0056534564452235,1540,24,180,,PORTFOLIO_CONCENTRATION_FINAL_MAIN,VALID_PORTFOLIO_CONCENTRATION_FINAL_MAIN_ROW,CPU_VIX_X_ARCH,MAIN_INFERENCE_ELIGIBLE,VALID,0,0,0,5.991859700658092e-05,9.233652032723053e-06,False,True,DK_H12,12,179,1,4.058481945574183e-16,10,10,23,51.10286585786477,0.2110925225059081,CPU_Z|VIX_LEVEL_Z|CPU_Z_X_VIX_Z|CPU_X_ARCH|VIX_X_ARCH|CPU_VIX_X_ARCH|MARKET_RETURN|ENERGY_RETURN|TREASURY_RETURN|VIX_CHANGE,1.0,0.4962342998573738,1.0,0.4669410974410206,-0.0322918485667701,0.0130491897939265,-0.96213293864217,0.7740710368343501,-2.4896115218066996,0.56534564452235
PORTFOLIO_CONCENTRATION_FINAL,PRIMARY,CPU_AND_VIX_STRESS,PRIMARY_THRESHOLD_ACTIVATION,0,LP_CUM_RETURN_H0,PRIMARY_ALIGNED,RELIABLE_ESTIMATE,-0.0121426301375162,0.0067393241812491,-1.801757833715848,0.0731605086072576,-0.0254356909217492,0.0011504306467166,1828,24,192,,PORTFOLIO_CONCENTRATION_FINAL_MAIN,VALID_PORTFOLIO_CONCENTRATION_FINAL_MAIN_ROW,JOINT_X_ARCH,MAIN_INFERENCE_ELIGIBLE,VALID,0,0,0,4.541849041996932e-05,1.2711157054242965e-06,False,True,DATE_CLUSTERED,0,191,1,6.834039507137075e-16,10,10,23,25.644554741818823,0.7608331407821118,HIGH_CPU_REGIME|HIGH_VIX_REGIME|CPU_AND_VIX_STRESS|HIGH_CPU_X_ARCH|HIGH_VIX_X_ARCH|JOINT_X_ARCH|MARKET_RETURN|ENERGY_RETURN|TREASURY_RETURN|VIX_CHANGE,1.0,0.2194815258217728,0.8779261032870914,0.3443607213080746,-0.0318803506881288,0.0075950904130963,-1.21426301375162,0.67393241812491,-2.5435690921749203,0.11504306467166
PORTFOLIO_CONCENTRATION_FINAL,PRIMARY,CPU_AND_VIX_STRESS,PRIMARY_THRESHOLD_ACTIVATION,3,LP_CUM_RETURN_H3,PRIMARY_ALIGNED,RELIABLE_ESTIMATE,-0.0164051201998348,0.0158481078486545,-1.035146930882833,0.301929970212232,-0.0476680912977109,0.0148578508980411,1756,24,189,,PORTFOLIO_CONCENTRATION_FINAL_MAIN,VALID_PORTFOLIO_CONCENTRATION_FINAL_MAIN_ROW,JOINT_X_ARCH,MAIN_INFERENCE_ELIGIBLE,VALID,0,0,0,0.0002511625223825,2.6257170555067e-05,False,True,DK_H3,3,188,1,5.423503281214845e-16,10,10,23,25.721300634963264,0.2052715158733891,HIGH_CPU_REGIME|HIGH_VIX_REGIME|CPU_AND_VIX_STRESS|HIGH_CPU_X_ARCH|HIGH_VIX_X_ARCH|JOINT_X_ARCH|MARKET_RETURN|ENERGY_RETURN|TREASURY_RETURN|VIX_CHANGE,1.0,0.4564637089250846,1.0,0.4509455169179194,-0.0628200893510495,0.0300098489513797,-1.64051201998348,1.58481078486545,-4.76680912977109,1.48578508980411
PORTFOLIO_CONCENTRATION_FINAL,PRIMARY,CPU_AND_VIX_STRESS,PRIMARY_THRESHOLD_ACTIVATION,6,LP_CUM_RETURN_H6,PRIMARY_ALIGNED,RELIABLE_ESTIMATE,-0.0326175445018445,0.019640275717111,-1.6607477904919292,0.0984579722803386,-0.0713652541994286,0.0061301651957395,1684,24,186,,PORTFOLIO_CONCENTRATION_FINAL_MAIN,VALID_PORTFOLIO_CONCENTRATION_FINAL_MAIN_ROW,JOINT_X_ARCH,MAIN_INFERENCE_ELIGIBLE,VALID,0,0,0,0.0003857404302441,2.4051053739421405e-05,False,True,DK_H6,6,185,1,5.37929489312427e-16,10,10,23,25.76640552731635,0.1508678482848572,HIGH_CPU_REGIME|HIGH_VIX_REGIME|CPU_AND_VIX_STRESS|HIGH_CPU_X_ARCH|HIGH_VIX_X_ARCH|JOINT_X_ARCH|MARKET_RETURN|ENERGY_RETURN|TREASURY_RETURN|VIX_CHANGE,1.0,0.2648179944091866,1.0,0.3443607213080746,-0.0901387830141414,0.0249036940104523,-3.26175445018445,1.9640275717111002,-7.13652541994286,0.61301651957395
PORTFOLIO_CONCENTRATION_FINAL,PRIMARY,CPU_AND_VIX_STRESS,PRIMARY_THRESHOLD_ACTIVATION,9,LP_CUM_RETURN_H9,PRIMARY_ALIGNED,RELIABLE_ESTIMATE,-0.0150684171156861,0.0146274766530331,-1.0301446704111863,0.3043091392833897,-0.0439296583913884,0.0137928241600162,1612,24,183,,PORTFOLIO_CONCENTRATION_FINAL_MAIN,VALID_PORTFOLIO_CONCENTRATION_FINAL_MAIN_ROW,JOINT_X_ARCH,MAIN_INFERENCE_ELIGIBLE,VALID,0,0,0,0.000213963073235,2.758634004805552e-05,False,True,DK_H9,9,182,1,4.792766062589473e-16,10,10,23,25.85367327239693,0.1371779507890382,HIGH_CPU_REGIME|HIGH_VIX_REGIME|CPU_AND_VIX_STRESS|HIGH_CPU_X_ARCH|HIGH_VIX_X_ARCH|JOINT_X_ARCH|MARKET_RETURN|ENERGY_RETURN|TREASURY_RETURN|VIX_CHANGE,1.0,0.4564637089250846,1.0,0.4509455169179194,-0.0579084762630805,0.0277716420317082,-1.50684171156861,1.46274766530331,-4.3929658391388395,1.37928241600162
PORTFOLIO_CONCENTRATION_FINAL,PRIMARY,CPU_AND_VIX_STRESS,PRIMARY_THRESHOLD_ACTIVATION,12,LP_CUM_RETURN_H12,PRIMARY_ALIGNED,RELIABLE_ESTIMATE,0.0004702044777858,0.0155488335782019,0.0302404984541736,0.9759089407894056,-0.0302123933119768,0.0311528022675485,1540,24,180,,PORTFOLIO_CONCENTRATION_FINAL_MAIN,VALID_PORTFOLIO_CONCENTRATION_FINAL_MAIN_ROW,JOINT_X_ARCH,MAIN_INFERENCE_ELIGIBLE,VALID,0,0,0,0.0002417662256426,3.816160183160033e-05,False,True,DK_H12,12,179,1,4.369723955896449e-16,10,10,23,26.47487856103387,0.1488400695886764,HIGH_CPU_REGIME|HIGH_VIX_REGIME|CPU_AND_VIX_STRESS|HIGH_CPU_X_ARCH|HIGH_VIX_X_ARCH|JOINT_X_ARCH|MARKET_RETURN|ENERGY_RETURN|TREASURY_RETURN|VIX_CHANGE,1.0,0.9785088148584218,1.0,0.9759089407894056,-0.0450682684908269,0.0460086774463986,0.04702044777858,1.55488335782019,-3.02123933119768,3.1152802267548503
PORTFOLIO_CONCENTRATION_FINAL,PRIMARY,EXTREME_CPU_REGIME,PREDEFINED_CPU_EVENT,0,LP_CUM_RETURN_H0,PRIMARY_ALIGNED,RELIABLE_ESTIMATE,4.612363728703599e-05,0.004506629126591,0.0102346201543158,0.9918447792121972,-0.0088430310168916,0.0089352782914657,1828,24,192,,PORTFOLIO_CONCENTRATION_FINAL_MAIN,VALID_PORTFOLIO_CONCENTRATION_FINAL_MAIN_ROW,SHOCK_X_ARCH,MAIN_INFERENCE_ELIGIBLE,VALID,0,0,0,2.030970608463905e-05,2.712598361172045e-06,False,True,DATE_CLUSTERED,0,191,1,2.2101662064297095e-16,6,6,23,17.654177219914214,0.7583381345874645,EXTREME_CPU_REGIME|SHOCK_X_ARCH|MARKET_RETURN|ENERGY_RETURN|TREASURY_RETURN|VIX_CHANGE,1.0,0.9918447792121972,1.0,0.9918447792121972,-0.0131526161671274,0.0132448634417015,0.004612363728703599,0.45066291265909997,-0.88430310168916,0.89352782914657
PORTFOLIO_CONCENTRATION_FINAL,PRIMARY,EXTREME_CPU_REGIME,PREDEFINED_CPU_EVENT,3,LP_CUM_RETURN_H3,PRIMARY_ALIGNED,RELIABLE_ESTIMATE,0.0101136479911738,0.0161495482259908,0.6262495922268058,0.5319108675960782,-0.0217439632930508,0.0419712592753986,1756,24,189,,PORTFOLIO_CONCENTRATION_FINAL_MAIN,VALID_PORTFOLIO_CONCENTRATION_FINAL_MAIN_ROW,SHOCK_X_ARCH,MAIN_INFERENCE_ELIGIBLE,VALID,0,0,0,0.0002608079079036,3.322662993237424e-05,False,True,DK_H3,3,188,1,2.337929967200065e-16,6,6,23,16.995414959884528,0.1658302438930263,EXTREME_CPU_REGIME|SHOCK_X_ARCH|MARKET_RETURN|ENERGY_RETURN|TREASURY_RETURN|VIX_CHANGE,1.0,0.5683431188012891,1.0,0.864355159843627,-0.0371841613040256,0.0574114572863734,1.01136479911738,1.61495482259908,-2.17439632930508,4.19712592753986
PORTFOLIO_CONCENTRATION_FINAL,PRIMARY,EXTREME_CPU_REGIME,PREDEFINED_CPU_EVENT,6,LP_CUM_RETURN_H6,PRIMARY_ALIGNED,RELIABLE_ESTIMATE,0.0240914814877671,0.0255928849944388,0.9413351207963486,0.3477607027923023,-0.0263999521545931,0.0745829151301274,1684,24,186,,PORTFOLIO_CONCENTRATION_FINAL_MAIN,VALID_PORTFOLIO_CONCENTRATION_FINAL_MAIN_ROW,SHOCK_X_ARCH,MAIN_INFERENCE_ELIGIBLE,VALID,0,0,0,0.0006549957623385,3.10983626522046e-05,False,True,DK_H6,6,185,1,1.5687934043616343e-16,6,6,23,15.695534513448836,0.0906106607378325,EXTREME_CPU_REGIME|SHOCK_X_ARCH|MARKET_RETURN|ENERGY_RETURN|TREASURY_RETURN|VIX_CHANGE,1.0,0.4048557435492474,1.0,0.864355159843627,-0.0508633950723588,0.0990463580478932,2.4091481487767097,2.55928849944388,-2.63999521545931,7.45829151301274
PORTFOLIO_CONCENTRATION_FINAL,PRIMARY,EXTREME_CPU_REGIME,PREDEFINED_CPU_EVENT,9,LP_CUM_RETURN_H9,PRIMARY_ALIGNED,RELIABLE_ESTIMATE,0.0167346952409256,0.0215525643252889,0.776459589139928,0.4384855871352119,-0.0257903262550596,0.059259716736911,1612,24,183,,PORTFOLIO_CONCENTRATION_FINAL_MAIN,VALID_PORTFOLIO_CONCENTRATION_FINAL_MAIN_ROW,SHOCK_X_ARCH,MAIN_INFERENCE_ELIGIBLE,VALID,0,0,0,0.0004645130289957,6.833527323003174e-05,False,True,DK_H9,9,182,1,1.116289817109447e-16,6,6,23,14.786910537699802,0.1000943578789019,EXTREME_CPU_REGIME|SHOCK_X_ARCH|MARKET_RETURN|ENERGY_RETURN|TREASURY_RETURN|VIX_CHANGE,1.0,0.4885982256649505,1.0,0.864355159843627,-0.0463871372100556,0.079856527691907,1.67346952409256,2.15525643252889,-2.57903262550596,5.9259716736911
PORTFOLIO_CONCENTRATION_FINAL,PRIMARY,EXTREME_CPU_REGIME,PREDEFINED_CPU_EVENT,12,LP_CUM_RETURN_H12,PRIMARY_ALIGNED,RELIABLE_ESTIMATE,-0.0045315602461135,0.0220225553899972,-0.2057690474999033,0.8372051543862348,-0.0479887884642699,0.0389256679720427,1540,24,180,,PORTFOLIO_CONCENTRATION_FINAL_MAIN,VALID_PORTFOLIO_CONCENTRATION_FINAL_MAIN_ROW,SHOCK_X_ARCH,MAIN_INFERENCE_ELIGIBLE,VALID,0,0,0,0.0004849929459054,0.0001654177556523,False,True,DK_H12,12,179,1,9.460025355660188e-17,6,6,23,12.84438822383714,0.1517016635620053,EXTREME_CPU_REGIME|SHOCK_X_ARCH|MARKET_RETURN|ENERGY_RETURN|TREASURY_RETURN|VIX_CHANGE,1.0,0.8592368689753462,1.0,0.9579506574207972,-0.0690298737873366,0.0599667532951094,-0.45315602461134996,2.20225553899972,-4.79887884642699,3.89256679720427
