PAIR,CHANNEL_1,CHANNEL_2,SHOCK,HORIZON_MONTHS,MODEL_VARIANT,N_OBSERVATIONS,N_ETFS,N_DATES,INFERENCE_CLASS,FOCAL_CHANNEL,CONDITIONAL_ON,FOCAL_REGRESSOR,COVARIANCE_METHOD,DK_BANDWIDTH,CONDITION_NUMBER,PAIRWISE_ARCH_CORRELATION,MODEL_STATUS,COEFFICIENT,STANDARD_ERROR,T_STATISTIC,P_VALUE,CI_LOWER_95,CI_UPPER_95,HOLM_P_WITHIN_PROFILE,BH_Q_WITHIN_PROFILE
CAPACITY_VS_GROWTH,INTERNAL_FINANCIAL_CAPACITY,GROWTH_DURATION_EXPOSURE_FINAL,CPU_VIX_CONTINUOUS,0,PRIMARY_ALIGNED,965,13,192,MAIN_INFERENCE_ELIGIBLE,INTERNAL_FINANCIAL_CAPACITY,GROWTH_DURATION_EXPOSURE_FINAL,TRIPLE_A1,DATE_CLUSTERED,0,52.65163668266635,0.8363973321159234,RELIABLE_ESTIMATE,0.00014218183137645196,0.0016996410584016592,0.08365403428778051,0.9334191145900271,-0.003210295552568533,0.003494659215321437,1.0,0.9334191145900271
CAPACITY_VS_GROWTH,INTERNAL_FINANCIAL_CAPACITY,GROWTH_DURATION_EXPOSURE_FINAL,CPU_VIX_CONTINUOUS,0,PRIMARY_ALIGNED,965,13,192,MAIN_INFERENCE_ELIGIBLE,GROWTH_DURATION_EXPOSURE_FINAL,INTERNAL_FINANCIAL_CAPACITY,TRIPLE_A2,DATE_CLUSTERED,0,52.65163668266635,0.8363973321159234,RELIABLE_ESTIMATE,-0.0018794900116596376,0.0019140906217519204,-0.9819232121514635,0.32737982957478673,-0.005654961008035189,0.0018959809847159134,1.0,0.7670618054740382
CAPACITY_VS_GROWTH,INTERNAL_FINANCIAL_CAPACITY,GROWTH_DURATION_EXPOSURE_FINAL,CPU_VIX_CONTINUOUS,1,PRIMARY_ALIGNED,952,13,191,MAIN_INFERENCE_ELIGIBLE,INTERNAL_FINANCIAL_CAPACITY,GROWTH_DURATION_EXPOSURE_FINAL,TRIPLE_A1,DK_H1,1,52.53417502172502,0.8362182806172137,RELIABLE_ESTIMATE,-0.0011546166471331526,0.004053680258985112,-0.28483170190197116,0.7760833030380804,-0.009150615198803688,0.006841381904537382,1.0,0.840756911624587
CAPACITY_VS_GROWTH,INTERNAL_FINANCIAL_CAPACITY,GROWTH_DURATION_EXPOSURE_FINAL,CPU_VIX_CONTINUOUS,1,PRIMARY_ALIGNED,952,13,191,MAIN_INFERENCE_ELIGIBLE,GROWTH_DURATION_EXPOSURE_FINAL,INTERNAL_FINANCIAL_CAPACITY,TRIPLE_A2,DK_H1,1,52.53417502172502,0.8362182806172137,RELIABLE_ESTIMATE,-0.00503828336364316,0.0036387500198718967,-1.3846192610451802,0.1677927777132303,-0.012215820325098332,0.0021392535978120124,1.0,0.7670618054740382
CAPACITY_VS_GROWTH,INTERNAL_FINANCIAL_CAPACITY,GROWTH_DURATION_EXPOSURE_FINAL,CPU_VIX_CONTINUOUS,2,PRIMARY_ALIGNED,939,13,190,MAIN_INFERENCE_ELIGIBLE,INTERNAL_FINANCIAL_CAPACITY,GROWTH_DURATION_EXPOSURE_FINAL,TRIPLE_A1,DK_H2,2,52.824803340866325,0.8360351830014386,RELIABLE_ESTIMATE,-0.004840125953475666,0.005409875701186831,-0.894683394003642,0.3720943083872438,-0.015511620140177675,0.005831368233226344,1.0,0.4397478190031063
CAPACITY_VS_GROWTH,INTERNAL_FINANCIAL_CAPACITY,GROWTH_DURATION_EXPOSURE_FINAL,CPU_VIX_CONTINUOUS,2,PRIMARY_ALIGNED,939,13,190,MAIN_INFERENCE_ELIGIBLE,GROWTH_DURATION_EXPOSURE_FINAL,INTERNAL_FINANCIAL_CAPACITY,TRIPLE_A2,DK_H2,2,52.824803340866325,0.8360351830014386,RELIABLE_ESTIMATE,0.000737888789492491,0.004512442869532067,0.16352313166659746,0.8702812875194897,-0.00816333380966485,0.009639111388649833,1.0,0.8702812875194897
CAPACITY_VS_GROWTH,INTERNAL_FINANCIAL_CAPACITY,GROWTH_DURATION_EXPOSURE_FINAL,CPU_VIX_CONTINUOUS,3,PRIMARY_ALIGNED,926,13,189,MAIN_INFERENCE_ELIGIBLE,INTERNAL_FINANCIAL_CAPACITY,GROWTH_DURATION_EXPOSURE_FINAL,TRIPLE_A1,DK_H3,3,52.87782610402313,0.8358479120287355,RELIABLE_ESTIMATE,-0.007113935464233828,0.006359135842969919,-1.1186953133102742,0.2646975031924589,-0.019658365497445297,0.005430494568977641,1.0,0.34410675415019654
CAPACITY_VS_GROWTH,INTERNAL_FINANCIAL_CAPACITY,GROWTH_DURATION_EXPOSURE_FINAL,CPU_VIX_CONTINUOUS,3,PRIMARY_ALIGNED,926,13,189,MAIN_INFERENCE_ELIGIBLE,GROWTH_DURATION_EXPOSURE_FINAL,INTERNAL_FINANCIAL_CAPACITY,TRIPLE_A2,DK_H3,3,52.87782610402313,0.8358479120287355,RELIABLE_ESTIMATE,0.004094551713088674,0.007075726324954394,0.5786758171593168,0.56350055283064,-0.009863469629649103,0.018052573055826453,1.0,0.7722482495816468
CAPACITY_VS_GROWTH,INTERNAL_FINANCIAL_CAPACITY,GROWTH_DURATION_EXPOSURE_FINAL,CPU_VIX_CONTINUOUS,4,PRIMARY_ALIGNED,913,13,188,MAIN_INFERENCE_ELIGIBLE,INTERNAL_FINANCIAL_CAPACITY,GROWTH_DURATION_EXPOSURE_FINAL,TRIPLE_A1,DK_H4,4,52.88729428429296,0.8356563359921537,RELIABLE_ESTIMATE,-0.01167738854872446,0.007387939829816464,-1.5806014691127441,0.11565913267920123,-0.02625180672396114,0.0028970296265122195,0.8096139287544086,0.2147955321185166
CAPACITY_VS_GROWTH,INTERNAL_FINANCIAL_CAPACITY,GROWTH_DURATION_EXPOSURE_FINAL,CPU_VIX_CONTINUOUS,4,PRIMARY_ALIGNED,913,13,188,MAIN_INFERENCE_ELIGIBLE,GROWTH_DURATION_EXPOSURE_FINAL,INTERNAL_FINANCIAL_CAPACITY,TRIPLE_A2,DK_H4,4,52.88729428429296,0.8356563359921537,RELIABLE_ESTIMATE,0.00729010392108196,0.008886048001138331,0.8203988905020628,0.413033279870636,-0.010239678735124838,0.024819886577288758,1.0,0.7670618054740382
CAPACITY_VS_GROWTH,INTERNAL_FINANCIAL_CAPACITY,GROWTH_DURATION_EXPOSURE_FINAL,CPU_VIX_CONTINUOUS,5,PRIMARY_ALIGNED,900,13,187,MAIN_INFERENCE_ELIGIBLE,INTERNAL_FINANCIAL_CAPACITY,GROWTH_DURATION_EXPOSURE_FINAL,TRIPLE_A1,DK_H5,5,52.83647441482775,0.8354603186232462,RELIABLE_ESTIMATE,-0.021992965187265966,0.008952379096762164,-2.4566615141689243,0.014940768323709323,-0.039654219689888776,-0.004331710684643161,0.15673834547310284,0.048557497052055296
CAPACITY_VS_GROWTH,INTERNAL_FINANCIAL_CAPACITY,GROWTH_DURATION_EXPOSURE_FINAL,CPU_VIX_CONTINUOUS,5,PRIMARY_ALIGNED,900,13,187,MAIN_INFERENCE_ELIGIBLE,GROWTH_DURATION_EXPOSURE_FINAL,INTERNAL_FINANCIAL_CAPACITY,TRIPLE_A2,DK_H5,5,52.83647441482775,0.8354603186232462,RELIABLE_ESTIMATE,0.011050467788756124,0.01077843037205759,1.0252390568299976,0.30658190468060303,-0.010213220877931018,0.03231415645544326,1.0,0.7670618054740382
CAPACITY_VS_GROWTH,INTERNAL_FINANCIAL_CAPACITY,GROWTH_DURATION_EXPOSURE_FINAL,CPU_VIX_CONTINUOUS,6,PRIMARY_ALIGNED,887,13,186,MAIN_INFERENCE_ELIGIBLE,INTERNAL_FINANCIAL_CAPACITY,GROWTH_DURATION_EXPOSURE_FINAL,TRIPLE_A1,DK_H6,6,52.825464067608266,0.8352597190123197,RELIABLE_ESTIMATE,-0.02312871483178056,0.00934741550033418,-2.474343291036296,0.014248940497554803,-0.041569949947135754,-0.004687479716425368,0.15673834547310284,0.048557497052055296
CAPACITY_VS_GROWTH,INTERNAL_FINANCIAL_CAPACITY,GROWTH_DURATION_EXPOSURE_FINAL,CPU_VIX_CONTINUOUS,6,PRIMARY_ALIGNED,887,13,186,MAIN_INFERENCE_ELIGIBLE,GROWTH_DURATION_EXPOSURE_FINAL,INTERNAL_FINANCIAL_CAPACITY,TRIPLE_A2,DK_H6,6,52.825464067608266,0.8352597190123197,RELIABLE_ESTIMATE,0.010523475996299448,0.010865171290711007,0.9685513200603026,0.33403362330017194,-0.01091209390357775,0.031959045896176645,1.0,0.7670618054740382
CAPACITY_VS_GROWTH,INTERNAL_FINANCIAL_CAPACITY,GROWTH_DURATION_EXPOSURE_FINAL,CPU_VIX_CONTINUOUS,7,PRIMARY_ALIGNED,874,13,185,MAIN_INFERENCE_ELIGIBLE,INTERNAL_FINANCIAL_CAPACITY,GROWTH_DURATION_EXPOSURE_FINAL,TRIPLE_A1,DK_H7,7,52.84029213938807,0.835054391547564,RELIABLE_ESTIMATE,-0.024705896176191167,0.008314647863686946,-2.971370114673249,0.003360808682702663,-0.041110202042150226,-0.008301590310232112,0.04032970419243195,0.02184525643756731
CAPACITY_VS_GROWTH,INTERNAL_FINANCIAL_CAPACITY,GROWTH_DURATION_EXPOSURE_FINAL,CPU_VIX_CONTINUOUS,7,PRIMARY_ALIGNED,874,13,185,MAIN_INFERENCE_ELIGIBLE,GROWTH_DURATION_EXPOSURE_FINAL,INTERNAL_FINANCIAL_CAPACITY,TRIPLE_A2,DK_H7,7,52.84029213938807,0.835054391547564,RELIABLE_ESTIMATE,0.009480834134491899,0.01098794613532069,0.8628395168425345,0.38934893650441876,-0.012197730273472774,0.03115939854245657,1.0,0.7670618054740382
CAPACITY_VS_GROWTH,INTERNAL_FINANCIAL_CAPACITY,GROWTH_DURATION_EXPOSURE_FINAL,CPU_VIX_CONTINUOUS,8,PRIMARY_ALIGNED,861,13,184,MAIN_INFERENCE_ELIGIBLE,INTERNAL_FINANCIAL_CAPACITY,GROWTH_DURATION_EXPOSURE_FINAL,TRIPLE_A1,DK_H8,8,53.76054649679885,0.8348441858782685,RELIABLE_ESTIMATE,-0.023790684465992605,0.007722318594178593,-3.0807696128889344,0.002383330344031282,-0.03902691106478531,-0.008554457867199893,0.030983294472406667,0.02184525643756731
CAPACITY_VS_GROWTH,INTERNAL_FINANCIAL_CAPACITY,GROWTH_DURATION_EXPOSURE_FINAL,CPU_VIX_CONTINUOUS,8,PRIMARY_ALIGNED,861,13,184,MAIN_INFERENCE_ELIGIBLE,GROWTH_DURATION_EXPOSURE_FINAL,INTERNAL_FINANCIAL_CAPACITY,TRIPLE_A2,DK_H8,8,53.76054649679885,0.8348441858782685,RELIABLE_ESTIMATE,0.011502082116250692,0.008747228450500839,1.3149401757755759,0.19017539434695496,-0.005756303841006409,0.028760468073507794,1.0,0.7670618054740382
CAPACITY_VS_GROWTH,INTERNAL_FINANCIAL_CAPACITY,GROWTH_DURATION_EXPOSURE_FINAL,CPU_VIX_CONTINUOUS,9,PRIMARY_ALIGNED,848,13,183,MAIN_INFERENCE_ELIGIBLE,INTERNAL_FINANCIAL_CAPACITY,GROWTH_DURATION_EXPOSURE_FINAL,TRIPLE_A1,DK_H9,9,52.25414969610709,0.8346289469083383,RELIABLE_ESTIMATE,-0.015292481288182062,0.007473431809258682,-2.0462461795980422,0.04217046761492445,-0.030038190594086016,-0.0005467719822781075,0.37953420853432,0.10964321579880355
CAPACITY_VS_GROWTH,INTERNAL_FINANCIAL_CAPACITY,GROWTH_DURATION_EXPOSURE_FINAL,CPU_VIX_CONTINUOUS,9,PRIMARY_ALIGNED,848,13,183,MAIN_INFERENCE_ELIGIBLE,GROWTH_DURATION_EXPOSURE_FINAL,INTERNAL_FINANCIAL_CAPACITY,TRIPLE_A2,DK_H9,9,52.25414969610709,0.8346289469083383,RELIABLE_ESTIMATE,0.005616218133761567,0.007809032388318055,0.7191951389730646,0.47294311578412906,-0.009791659331029146,0.02102409559855228,1.0,0.7685325631492097
CAPACITY_VS_GROWTH,INTERNAL_FINANCIAL_CAPACITY,GROWTH_DURATION_EXPOSURE_FINAL,CPU_VIX_CONTINUOUS,10,PRIMARY_ALIGNED,835,13,182,MAIN_INFERENCE_ELIGIBLE,INTERNAL_FINANCIAL_CAPACITY,GROWTH_DURATION_EXPOSURE_FINAL,TRIPLE_A1,DK_H10,10,53.34868344411561,0.8344085148276721,RELIABLE_ESTIMATE,-0.010684778468632295,0.007201064064467213,-1.4837777268716512,0.13960716659600425,-0.024893608738475036,0.0035240518012104437,0.8376429995760255,0.2268616457185069
CAPACITY_VS_GROWTH,INTERNAL_FINANCIAL_CAPACITY,GROWTH_DURATION_EXPOSURE_FINAL,CPU_VIX_CONTINUOUS,10,PRIMARY_ALIGNED,835,13,182,MAIN_INFERENCE_ELIGIBLE,GROWTH_DURATION_EXPOSURE_FINAL,INTERNAL_FINANCIAL_CAPACITY,TRIPLE_A2,DK_H10,10,53.34868344411561,0.8344085148276721,RELIABLE_ESTIMATE,0.0022745990045646993,0.006194504859338392,0.3671962580085278,0.7139015904169803,-0.009948131881327982,0.014497329890457381,1.0,0.7733933896183953
CAPACITY_VS_GROWTH,INTERNAL_FINANCIAL_CAPACITY,GROWTH_DURATION_EXPOSURE_FINAL,CPU_VIX_CONTINUOUS,11,PRIMARY_ALIGNED,822,13,181,MAIN_INFERENCE_ELIGIBLE,INTERNAL_FINANCIAL_CAPACITY,GROWTH_DURATION_EXPOSURE_FINAL,TRIPLE_A1,DK_H11,11,54.31955021383716,0.8341827251905649,RELIABLE_ESTIMATE,-0.014255954320608076,0.008430374412701709,-1.6910226785573366,0.0925631971770597,-0.030891028961784767,0.0023791203205686152,0.7405055774164776,0.20055359388362934
CAPACITY_VS_GROWTH,INTERNAL_FINANCIAL_CAPACITY,GROWTH_DURATION_EXPOSURE_FINAL,CPU_VIX_CONTINUOUS,11,PRIMARY_ALIGNED,822,13,181,MAIN_INFERENCE_ELIGIBLE,GROWTH_DURATION_EXPOSURE_FINAL,INTERNAL_FINANCIAL_CAPACITY,TRIPLE_A2,DK_H11,11,54.31955021383716,0.8341827251905649,RELIABLE_ESTIMATE,0.0030430078714899704,0.005699084140059363,0.5339468231571457,0.5940371150628053,-0.008202600616953357,0.014288616359933299,1.0,0.7722482495816468
CAPACITY_VS_GROWTH,INTERNAL_FINANCIAL_CAPACITY,GROWTH_DURATION_EXPOSURE_FINAL,CPU_VIX_CONTINUOUS,12,PRIMARY_ALIGNED,809,13,180,MAIN_INFERENCE_ELIGIBLE,INTERNAL_FINANCIAL_CAPACITY,GROWTH_DURATION_EXPOSURE_FINAL,TRIPLE_A1,DK_H12,12,54.20101074875673,0.8339514090521493,RELIABLE_ESTIMATE,-0.013298226872518217,0.009439599877885514,-1.4087701856592931,0.1606378224252559,-0.03192544060483901,0.005328986859802581,0.8376429995760255,0.23203241016981407
CAPACITY_VS_GROWTH,INTERNAL_FINANCIAL_CAPACITY,GROWTH_DURATION_EXPOSURE_FINAL,CPU_VIX_CONTINUOUS,12,PRIMARY_ALIGNED,809,13,180,MAIN_INFERENCE_ELIGIBLE,GROWTH_DURATION_EXPOSURE_FINAL,INTERNAL_FINANCIAL_CAPACITY,TRIPLE_A2,DK_H12,12,54.20101074875673,0.8339514090521493,RELIABLE_ESTIMATE,0.0026883770452704354,0.006443423699172181,0.4172280406790298,0.6770115880507259,-0.01002646595284896,0.01540322004338983,1.0,0.7733933896183953
CAPACITY_VS_GROWTH,INTERNAL_FINANCIAL_CAPACITY,GROWTH_DURATION_EXPOSURE_FINAL,CPU_AND_VIX_STRESS,0,PRIMARY_ALIGNED,965,13,192,MAIN_INFERENCE_ELIGIBLE,INTERNAL_FINANCIAL_CAPACITY,GROWTH_DURATION_EXPOSURE_FINAL,JOINT_A1,DATE_CLUSTERED,0,26.837741510681518,0.8363973321159234,RELIABLE_ESTIMATE,-0.009115980888169794,0.006053648320052681,-1.5058656212276407,0.13375366780948542,-0.02105657209889184,0.0028246103225522522,0.668768339047427,0.1704990488461738
CAPACITY_VS_GROWTH,INTERNAL_FINANCIAL_CAPACITY,GROWTH_DURATION_EXPOSURE_FINAL,CPU_AND_VIX_STRESS,0,PRIMARY_ALIGNED,965,13,192,MAIN_INFERENCE_ELIGIBLE,GROWTH_DURATION_EXPOSURE_FINAL,INTERNAL_FINANCIAL_CAPACITY,JOINT_A2,DATE_CLUSTERED,0,26.837741510681518,0.8363973321159234,RELIABLE_ESTIMATE,-0.005914847726115277,0.005076487340919807,-1.1651457649539942,0.24541307051480002,-0.01592802604761402,0.004098330595383465,1.0,0.3544855462991556
CAPACITY_VS_GROWTH,INTERNAL_FINANCIAL_CAPACITY,GROWTH_DURATION_EXPOSURE_FINAL,CPU_AND_VIX_STRESS,1,PRIMARY_ALIGNED,952,13,191,MAIN_INFERENCE_ELIGIBLE,INTERNAL_FINANCIAL_CAPACITY,GROWTH_DURATION_EXPOSURE_FINAL,JOINT_A1,DK_H1,1,26.870023069688198,0.8362182806172137,RELIABLE_ESTIMATE,-0.0041219330911179694,0.01276463089312478,-0.32291831433512924,0.7471121986178404,-0.02930052726065125,0.021056661078415313,0.7471121986178404,0.7471121986178404
CAPACITY_VS_GROWTH,INTERNAL_FINANCIAL_CAPACITY,GROWTH_DURATION_EXPOSURE_FINAL,CPU_AND_VIX_STRESS,1,PRIMARY_ALIGNED,952,13,191,MAIN_INFERENCE_ELIGIBLE,GROWTH_DURATION_EXPOSURE_FINAL,INTERNAL_FINANCIAL_CAPACITY,JOINT_A2,DK_H1,1,26.870023069688198,0.8362182806172137,RELIABLE_ESTIMATE,-0.014390944120500983,0.010691289672186544,-1.3460437946919643,0.17989221844382897,-0.035479814300828576,0.006697926059826609,1.0,0.3544855462991556
CAPACITY_VS_GROWTH,INTERNAL_FINANCIAL_CAPACITY,GROWTH_DURATION_EXPOSURE_FINAL,CPU_AND_VIX_STRESS,2,PRIMARY_ALIGNED,939,13,190,MAIN_INFERENCE_ELIGIBLE,INTERNAL_FINANCIAL_CAPACITY,GROWTH_DURATION_EXPOSURE_FINAL,JOINT_A1,DK_H2,2,26.90294419761172,0.8360351830014386,RELIABLE_ESTIMATE,-0.021258203792575443,0.014415610686850336,-1.4746655035548926,0.14196629397142807,-0.049694366495673006,0.007177958910522118,0.668768339047427,0.1704990488461738
CAPACITY_VS_GROWTH,INTERNAL_FINANCIAL_CAPACITY,GROWTH_DURATION_EXPOSURE_FINAL,CPU_AND_VIX_STRESS,2,PRIMARY_ALIGNED,939,13,190,MAIN_INFERENCE_ELIGIBLE,GROWTH_DURATION_EXPOSURE_FINAL,INTERNAL_FINANCIAL_CAPACITY,JOINT_A2,DK_H2,2,26.90294419761172,0.8360351830014386,RELIABLE_ESTIMATE,0.01103302005634759,0.011970273590102613,0.9217015779380371,0.3578593021204524,-0.012579482722965541,0.03464552283566072,1.0,0.4229246297787165
CAPACITY_VS_GROWTH,INTERNAL_FINANCIAL_CAPACITY,GROWTH_DURATION_EXPOSURE_FINAL,CPU_AND_VIX_STRESS,3,PRIMARY_ALIGNED,926,13,189,MAIN_INFERENCE_ELIGIBLE,INTERNAL_FINANCIAL_CAPACITY,GROWTH_DURATION_EXPOSURE_FINAL,JOINT_A1,DK_H3,3,26.92406625268235,0.8358479120287355,RELIABLE_ESTIMATE,-0.0271301725633356,0.016298694640453724,-1.6645610683445722,0.09766610471413553,-0.05928199941507371,0.005021654288402511,0.5859966282848132,0.15870742016047024
CAPACITY_VS_GROWTH,INTERNAL_FINANCIAL_CAPACITY,GROWTH_DURATION_EXPOSURE_FINAL,CPU_AND_VIX_STRESS,3,PRIMARY_ALIGNED,926,13,189,MAIN_INFERENCE_ELIGIBLE,GROWTH_DURATION_EXPOSURE_FINAL,INTERNAL_FINANCIAL_CAPACITY,JOINT_A2,DK_H3,3,26.92406625268235,0.8358479120287355,RELIABLE_ESTIMATE,0.006204385422143608,0.016695650503818268,0.3716168723539508,0.7105966152714873,-0.02673050145177575,0.03913927229606297,1.0,0.7105966152714873
CAPACITY_VS_GROWTH,INTERNAL_FINANCIAL_CAPACITY,GROWTH_DURATION_EXPOSURE_FINAL,CPU_AND_VIX_STRESS,4,PRIMARY_ALIGNED,913,13,188,MAIN_INFERENCE_ELIGIBLE,INTERNAL_FINANCIAL_CAPACITY,GROWTH_DURATION_EXPOSURE_FINAL,JOINT_A1,DK_H4,4,26.94720286162274,0.8356563359921537,RELIABLE_ESTIMATE,-0.03644419377350678,0.01963910080318263,-1.855695642012326,0.06507063811813911,-0.075186857396191,0.002298469849177448,0.5042385533494501,0.12084547079082979
CAPACITY_VS_GROWTH,INTERNAL_FINANCIAL_CAPACITY,GROWTH_DURATION_EXPOSURE_FINAL,CPU_AND_VIX_STRESS,4,PRIMARY_ALIGNED,913,13,188,MAIN_INFERENCE_ELIGIBLE,GROWTH_DURATION_EXPOSURE_FINAL,INTERNAL_FINANCIAL_CAPACITY,JOINT_A2,DK_H4,4,26.94720286162274,0.8356563359921537,RELIABLE_ESTIMATE,0.013461802829664067,0.02010573919658007,0.6695502561753055,0.5039703912190459,-0.026201412833055354,0.05312501849238349,1.0,0.545967923820633
CAPACITY_VS_GROWTH,INTERNAL_FINANCIAL_CAPACITY,GROWTH_DURATION_EXPOSURE_FINAL,CPU_AND_VIX_STRESS,5,PRIMARY_ALIGNED,900,13,187,MAIN_INFERENCE_ELIGIBLE,INTERNAL_FINANCIAL_CAPACITY,GROWTH_DURATION_EXPOSURE_FINAL,JOINT_A1,DK_H5,5,26.979054486786346,0.8354603186232462,RELIABLE_ESTIMATE,-0.060640709932396494,0.019247280753890733,-3.150611803703144,0.001898991337470165,-0.09861174759777441,-0.022669672267018583,0.024686887387112146,0.024241708699465698
CAPACITY_VS_GROWTH,INTERNAL_FINANCIAL_CAPACITY,GROWTH_DURATION_EXPOSURE_FINAL,CPU_AND_VIX_STRESS,5,PRIMARY_ALIGNED,900,13,187,MAIN_INFERENCE_ELIGIBLE,GROWTH_DURATION_EXPOSURE_FINAL,INTERNAL_FINANCIAL_CAPACITY,JOINT_A2,DK_H5,5,26.979054486786346,0.8354603186232462,RELIABLE_ESTIMATE,0.01811937166578162,0.01793604170487491,1.0102213166050389,0.31370163501699183,-0.0172648534542226,0.05350359678578584,1.0,0.40781212552208934
CAPACITY_VS_GROWTH,INTERNAL_FINANCIAL_CAPACITY,GROWTH_DURATION_EXPOSURE_FINAL,CPU_AND_VIX_STRESS,6,PRIMARY_ALIGNED,887,13,186,MAIN_INFERENCE_ELIGIBLE,INTERNAL_FINANCIAL_CAPACITY,GROWTH_DURATION_EXPOSURE_FINAL,JOINT_A1,DK_H6,6,26.975806313284696,0.8352597190123197,RELIABLE_ESTIMATE,-0.05990992784495874,0.02039486785719182,-2.937500172320693,0.0037294936460716462,-0.1001463496973551,-0.019673505992562373,0.044753923752859755,0.024241708699465698
CAPACITY_VS_GROWTH,INTERNAL_FINANCIAL_CAPACITY,GROWTH_DURATION_EXPOSURE_FINAL,CPU_AND_VIX_STRESS,6,PRIMARY_ALIGNED,887,13,186,MAIN_INFERENCE_ELIGIBLE,GROWTH_DURATION_EXPOSURE_FINAL,INTERNAL_FINANCIAL_CAPACITY,JOINT_A2,DK_H6,6,26.975806313284696,0.8352597190123197,RELIABLE_ESTIMATE,0.022895553761569324,0.01851124248241816,1.2368458672244906,0.2177121009060413,-0.013624720199015856,0.05941582772215451,1.0,0.3544855462991556
CAPACITY_VS_GROWTH,INTERNAL_FINANCIAL_CAPACITY,GROWTH_DURATION_EXPOSURE_FINAL,CPU_AND_VIX_STRESS,7,PRIMARY_ALIGNED,874,13,185,MAIN_INFERENCE_ELIGIBLE,INTERNAL_FINANCIAL_CAPACITY,GROWTH_DURATION_EXPOSURE_FINAL,JOINT_A1,DK_H7,7,26.975052352437846,0.835054391547564,RELIABLE_ESTIMATE,-0.06151509580171186,0.022160478604302303,-2.7758920238197895,0.006074116409724071,-0.10523640247889185,-0.017793789124531875,0.06681528050696478,0.026321171108804303
CAPACITY_VS_GROWTH,INTERNAL_FINANCIAL_CAPACITY,GROWTH_DURATION_EXPOSURE_FINAL,CPU_AND_VIX_STRESS,7,PRIMARY_ALIGNED,874,13,185,MAIN_INFERENCE_ELIGIBLE,GROWTH_DURATION_EXPOSURE_FINAL,INTERNAL_FINANCIAL_CAPACITY,JOINT_A2,DK_H7,7,26.975052352437846,0.835054391547564,RELIABLE_ESTIMATE,0.024439763803190538,0.02092233559112452,1.1681183344348107,0.24427035623217436,-0.016838760326014883,0.06571828793239595,1.0,0.3544855462991556
CAPACITY_VS_GROWTH,INTERNAL_FINANCIAL_CAPACITY,GROWTH_DURATION_EXPOSURE_FINAL,CPU_AND_VIX_STRESS,8,PRIMARY_ALIGNED,861,13,184,MAIN_INFERENCE_ELIGIBLE,INTERNAL_FINANCIAL_CAPACITY,GROWTH_DURATION_EXPOSURE_FINAL,JOINT_A1,DK_H8,8,27.361376305732325,0.8348441858782685,RELIABLE_ESTIMATE,-0.057260649420964545,0.02318844860307733,-2.4693609478197476,0.01445234086974843,-0.10301173480836104,-0.011509564033568044,0.1445234086974843,0.04697010782668239
CAPACITY_VS_GROWTH,INTERNAL_FINANCIAL_CAPACITY,GROWTH_DURATION_EXPOSURE_FINAL,CPU_AND_VIX_STRESS,8,PRIMARY_ALIGNED,861,13,184,MAIN_INFERENCE_ELIGIBLE,GROWTH_DURATION_EXPOSURE_FINAL,INTERNAL_FINANCIAL_CAPACITY,JOINT_A2,DK_H8,8,27.361376305732325,0.8348441858782685,RELIABLE_ESTIMATE,0.03829385486936074,0.018052423934560025,2.1212583422689293,0.03524633428969705,0.0026762073493826755,0.0739115023893388,0.38770967718666755,0.14933626695588945
CAPACITY_VS_GROWTH,INTERNAL_FINANCIAL_CAPACITY,GROWTH_DURATION_EXPOSURE_FINAL,CPU_AND_VIX_STRESS,9,PRIMARY_ALIGNED,848,13,183,MAIN_INFERENCE_ELIGIBLE,INTERNAL_FINANCIAL_CAPACITY,GROWTH_DURATION_EXPOSURE_FINAL,JOINT_A1,DK_H9,9,27.0381107539181,0.8346289469083383,RELIABLE_ESTIMATE,-0.0512276582885853,0.027220696817956126,-1.8819378001665625,0.06144067155617448,-0.10493638175408261,0.0024810651769120173,0.5042385533494501,0.12084547079082979
CAPACITY_VS_GROWTH,INTERNAL_FINANCIAL_CAPACITY,GROWTH_DURATION_EXPOSURE_FINAL,CPU_AND_VIX_STRESS,9,PRIMARY_ALIGNED,848,13,183,MAIN_INFERENCE_ELIGIBLE,GROWTH_DURATION_EXPOSURE_FINAL,INTERNAL_FINANCIAL_CAPACITY,JOINT_A2,DK_H9,9,27.0381107539181,0.8346289469083383,RELIABLE_ESTIMATE,0.044925990157154684,0.015575223079066234,2.8844524363530395,0.004394264712109549,0.01419476549889442,0.07565721481541494,0.05712544125742413,0.05712544125742413
CAPACITY_VS_GROWTH,INTERNAL_FINANCIAL_CAPACITY,GROWTH_DURATION_EXPOSURE_FINAL,CPU_AND_VIX_STRESS,10,PRIMARY_ALIGNED,835,13,182,MAIN_INFERENCE_ELIGIBLE,INTERNAL_FINANCIAL_CAPACITY,GROWTH_DURATION_EXPOSURE_FINAL,JOINT_A1,DK_H10,10,26.92292946568221,0.8344085148276721,RELIABLE_ESTIMATE,-0.0400274231830875,0.04082822718518367,-0.9803860207188527,0.3282042035387287,-0.12058792717240668,0.040533080806231685,0.668768339047427,0.3555545538336227
CAPACITY_VS_GROWTH,INTERNAL_FINANCIAL_CAPACITY,GROWTH_DURATION_EXPOSURE_FINAL,CPU_AND_VIX_STRESS,10,PRIMARY_ALIGNED,835,13,182,MAIN_INFERENCE_ELIGIBLE,GROWTH_DURATION_EXPOSURE_FINAL,INTERNAL_FINANCIAL_CAPACITY,JOINT_A2,DK_H10,10,26.92292946568221,0.8344085148276721,RELIABLE_ESTIMATE,0.04036063165026423,0.024834226641157895,1.6252018729415292,0.10585952700234427,-0.008641197533313077,0.08936246083384154,0.9527357430210984,0.2752347702060951
CAPACITY_VS_GROWTH,INTERNAL_FINANCIAL_CAPACITY,GROWTH_DURATION_EXPOSURE_FINAL,CPU_AND_VIX_STRESS,11,PRIMARY_ALIGNED,822,13,181,MAIN_INFERENCE_ELIGIBLE,INTERNAL_FINANCIAL_CAPACITY,GROWTH_DURATION_EXPOSURE_FINAL,JOINT_A1,DK_H11,11,27.68109390847542,0.8341827251905649,RELIABLE_ESTIMATE,-0.05140616337040438,0.026728762882604215,-1.9232526247543191,0.05602650592771668,-0.10414818215292967,0.0013358554121209176,0.5042385533494501,0.12084547079082979
CAPACITY_VS_GROWTH,INTERNAL_FINANCIAL_CAPACITY,GROWTH_DURATION_EXPOSURE_FINAL,CPU_AND_VIX_STRESS,11,PRIMARY_ALIGNED,822,13,181,MAIN_INFERENCE_ELIGIBLE,GROWTH_DURATION_EXPOSURE_FINAL,INTERNAL_FINANCIAL_CAPACITY,JOINT_A2,DK_H11,11,27.68109390847542,0.8341827251905649,RELIABLE_ESTIMATE,0.045887877804632556,0.021098835848562484,2.1749009345346897,0.030941846144898307,0.004255004577322176,0.08752075103194293,0.37130215373877967,0.14933626695588945
CAPACITY_VS_GROWTH,INTERNAL_FINANCIAL_CAPACITY,GROWTH_DURATION_EXPOSURE_FINAL,CPU_AND_VIX_STRESS,12,PRIMARY_ALIGNED,809,13,180,MAIN_INFERENCE_ELIGIBLE,INTERNAL_FINANCIAL_CAPACITY,GROWTH_DURATION_EXPOSURE_FINAL,JOINT_A1,DK_H12,12,27.669701900335625,0.8339514090521493,RELIABLE_ESTIMATE,-0.03740972784498141,0.025509640276393988,-1.4664937427439726,0.14426842594676245,-0.08774803961773098,0.012928583927768161,0.668768339047427,0.1704990488461738
CAPACITY_VS_GROWTH,INTERNAL_FINANCIAL_CAPACITY,GROWTH_DURATION_EXPOSURE_FINAL,CPU_AND_VIX_STRESS,12,PRIMARY_ALIGNED,809,13,180,MAIN_INFERENCE_ELIGIBLE,GROWTH_DURATION_EXPOSURE_FINAL,INTERNAL_FINANCIAL_CAPACITY,JOINT_A2,DK_H12,12,27.669701900335625,0.8339514090521493,RELIABLE_ESTIMATE,0.03888599225899857,0.01934778124351059,2.0098424604651375,0.04594962060181214,0.0007069103984029684,0.07706507411959417,0.45949620601812136,0.14933626695588945
CAPACITY_VS_GROWTH,INTERNAL_FINANCIAL_CAPACITY,GROWTH_DURATION_EXPOSURE_FINAL,EXTREME_CPU_REGIME,0,PRIMARY_ALIGNED,965,13,192,MAIN_INFERENCE_ELIGIBLE,INTERNAL_FINANCIAL_CAPACITY,GROWTH_DURATION_EXPOSURE_FINAL,SHOCK_A1,DATE_CLUSTERED,0,18.746902378732614,0.8363973321159234,RELIABLE_ESTIMATE,-0.008160695725785906,0.003421296343417999,-2.385264211761638,0.01804503957135407,-0.014909072718907457,-0.0014123187326643563,0.06435305420675988,0.019548792868966908
CAPACITY_VS_GROWTH,INTERNAL_FINANCIAL_CAPACITY,GROWTH_DURATION_EXPOSURE_FINAL,EXTREME_CPU_REGIME,0,PRIMARY_ALIGNED,965,13,192,MAIN_INFERENCE_ELIGIBLE,GROWTH_DURATION_EXPOSURE_FINAL,INTERNAL_FINANCIAL_CAPACITY,SHOCK_A2,DATE_CLUSTERED,0,18.746902378732614,0.8363973321159234,RELIABLE_ESTIMATE,0.001041259325359648,0.0030687579238055473,0.33930969832523933,0.7347492197729036,-0.005011749035143737,0.0070942676858630335,1.0,0.7959783214206456
CAPACITY_VS_GROWTH,INTERNAL_FINANCIAL_CAPACITY,GROWTH_DURATION_EXPOSURE_FINAL,EXTREME_CPU_REGIME,1,PRIMARY_ALIGNED,952,13,191,MAIN_INFERENCE_ELIGIBLE,INTERNAL_FINANCIAL_CAPACITY,GROWTH_DURATION_EXPOSURE_FINAL,SHOCK_A1,DK_H1,1,18.32673412095726,0.8362182806172137,RELIABLE_ESTIMATE,-0.01748249561964792,0.007003958862359447,-2.496087707425302,0.013408406634582962,-0.03129800186122982,-0.00366698937806602,0.06435305420675988,0.01743092862495785
CAPACITY_VS_GROWTH,INTERNAL_FINANCIAL_CAPACITY,GROWTH_DURATION_EXPOSURE_FINAL,EXTREME_CPU_REGIME,1,PRIMARY_ALIGNED,952,13,191,MAIN_INFERENCE_ELIGIBLE,GROWTH_DURATION_EXPOSURE_FINAL,INTERNAL_FINANCIAL_CAPACITY,SHOCK_A2,DK_H1,1,18.32673412095726,0.8362182806172137,RELIABLE_ESTIMATE,0.007037891205991803,0.007689601605558374,0.9152478329832475,0.3612216465935676,-0.008130064669334674,0.02220584708131828,1.0,0.5572494571541897
CAPACITY_VS_GROWTH,INTERNAL_FINANCIAL_CAPACITY,GROWTH_DURATION_EXPOSURE_FINAL,EXTREME_CPU_REGIME,2,PRIMARY_ALIGNED,939,13,190,MAIN_INFERENCE_ELIGIBLE,INTERNAL_FINANCIAL_CAPACITY,GROWTH_DURATION_EXPOSURE_FINAL,SHOCK_A1,DK_H2,2,18.410953959133813,0.8360351830014386,RELIABLE_ESTIMATE,-0.025863181285674795,0.010763536116532482,-2.402851721373396,0.01723509083352013,-0.04709527966285833,-0.0046310829084912665,0.06435305420675988,0.019548792868966908
CAPACITY_VS_GROWTH,INTERNAL_FINANCIAL_CAPACITY,GROWTH_DURATION_EXPOSURE_FINAL,EXTREME_CPU_REGIME,2,PRIMARY_ALIGNED,939,13,190,MAIN_INFERENCE_ELIGIBLE,GROWTH_DURATION_EXPOSURE_FINAL,INTERNAL_FINANCIAL_CAPACITY,SHOCK_A2,DK_H2,2,18.410953959133813,0.8360351830014386,RELIABLE_ESTIMATE,0.009669563971209716,0.011123447838895984,0.8692955737516572,0.3857880857221313,-0.01227249449841834,0.031611622440837775,1.0,0.5572494571541897
CAPACITY_VS_GROWTH,INTERNAL_FINANCIAL_CAPACITY,GROWTH_DURATION_EXPOSURE_FINAL,EXTREME_CPU_REGIME,3,PRIMARY_ALIGNED,926,13,189,MAIN_INFERENCE_ELIGIBLE,INTERNAL_FINANCIAL_CAPACITY,GROWTH_DURATION_EXPOSURE_FINAL,SHOCK_A1,DK_H3,3,18.049084882927275,0.8358479120287355,RELIABLE_ESTIMATE,-0.03279402469339604,0.015062829648080039,-2.1771490124749624,0.030715340929896615,-0.06250790678185848,-0.0030801426049335973,0.06435305420675988,0.030715340929896615
CAPACITY_VS_GROWTH,INTERNAL_FINANCIAL_CAPACITY,GROWTH_DURATION_EXPOSURE_FINAL,EXTREME_CPU_REGIME,3,PRIMARY_ALIGNED,926,13,189,MAIN_INFERENCE_ELIGIBLE,GROWTH_DURATION_EXPOSURE_FINAL,INTERNAL_FINANCIAL_CAPACITY,SHOCK_A2,DK_H3,3,18.049084882927275,0.8358479120287355,RELIABLE_ESTIMATE,0.010617739192257128,0.013925089847397,0.76248981576531,0.446723325639817,-0.016851766037760545,0.038087244422274805,1.0,0.5807403233317621
CAPACITY_VS_GROWTH,INTERNAL_FINANCIAL_CAPACITY,GROWTH_DURATION_EXPOSURE_FINAL,EXTREME_CPU_REGIME,4,PRIMARY_ALIGNED,913,13,188,MAIN_INFERENCE_ELIGIBLE,INTERNAL_FINANCIAL_CAPACITY,GROWTH_DURATION_EXPOSURE_FINAL,SHOCK_A1,DK_H4,4,17.659830584914573,0.8356563359921537,RELIABLE_ESTIMATE,-0.044948487231844254,0.017897447528234075,-2.5114467949094905,0.012870610841351977,-0.0802553373895992,-0.009641637074089306,0.06435305420675988,0.01743092862495785
CAPACITY_VS_GROWTH,INTERNAL_FINANCIAL_CAPACITY,GROWTH_DURATION_EXPOSURE_FINAL,EXTREME_CPU_REGIME,4,PRIMARY_ALIGNED,913,13,188,MAIN_INFERENCE_ELIGIBLE,GROWTH_DURATION_EXPOSURE_FINAL,INTERNAL_FINANCIAL_CAPACITY,SHOCK_A2,DK_H4,4,17.659830584914573,0.8356563359921537,RELIABLE_ESTIMATE,0.015107415831688347,0.016436423490176717,0.9191425276135861,0.35920509893934566,-0.017317226865634444,0.04753205852901114,1.0,0.5572494571541897
CAPACITY_VS_GROWTH,INTERNAL_FINANCIAL_CAPACITY,GROWTH_DURATION_EXPOSURE_FINAL,EXTREME_CPU_REGIME,5,PRIMARY_ALIGNED,900,13,187,MAIN_INFERENCE_ELIGIBLE,INTERNAL_FINANCIAL_CAPACITY,GROWTH_DURATION_EXPOSURE_FINAL,SHOCK_A1,DK_H5,5,17.152018027507605,0.8354603186232462,RELIABLE_ESTIMATE,-0.0604199928610194,0.01866705064547206,-3.236718751586774,0.0014315474136772362,-0.09724635250236535,-0.023593633219673442,0.01145237930941789,0.0031016860629673446
CAPACITY_VS_GROWTH,INTERNAL_FINANCIAL_CAPACITY,GROWTH_DURATION_EXPOSURE_FINAL,EXTREME_CPU_REGIME,5,PRIMARY_ALIGNED,900,13,187,MAIN_INFERENCE_ELIGIBLE,GROWTH_DURATION_EXPOSURE_FINAL,INTERNAL_FINANCIAL_CAPACITY,SHOCK_A2,DK_H5,5,17.152018027507605,0.8354603186232462,RELIABLE_ESTIMATE,0.02491578620727874,0.017196632274598393,1.4488759083418048,0.14905602478726396,-0.00900973190438666,0.058841304318944146,1.0,0.389365621359499
CAPACITY_VS_GROWTH,INTERNAL_FINANCIAL_CAPACITY,GROWTH_DURATION_EXPOSURE_FINAL,EXTREME_CPU_REGIME,6,PRIMARY_ALIGNED,887,13,186,MAIN_INFERENCE_ELIGIBLE,INTERNAL_FINANCIAL_CAPACITY,GROWTH_DURATION_EXPOSURE_FINAL,SHOCK_A1,DK_H6,6,16.66449795426786,0.8352597190123197,RELIABLE_ESTIMATE,-0.0769085174435332,0.018926603624814634,-4.063513928230557,7.137765616996436e-05,-0.1142482449187762,-0.039568789968290205,0.0007851542178696079,0.0003093031767365122
CAPACITY_VS_GROWTH,INTERNAL_FINANCIAL_CAPACITY,GROWTH_DURATION_EXPOSURE_FINAL,EXTREME_CPU_REGIME,6,PRIMARY_ALIGNED,887,13,186,MAIN_INFERENCE_ELIGIBLE,GROWTH_DURATION_EXPOSURE_FINAL,INTERNAL_FINANCIAL_CAPACITY,SHOCK_A2,DK_H6,6,16.66449795426786,0.8352597190123197,RELIABLE_ESTIMATE,0.03706416133025693,0.01716614517021002,2.1591429504265034,0.0321266236428427,0.003197589431656253,0.07093073322885761,0.4176461073569551,0.389365621359499
CAPACITY_VS_GROWTH,INTERNAL_FINANCIAL_CAPACITY,GROWTH_DURATION_EXPOSURE_FINAL,EXTREME_CPU_REGIME,7,PRIMARY_ALIGNED,874,13,185,MAIN_INFERENCE_ELIGIBLE,INTERNAL_FINANCIAL_CAPACITY,GROWTH_DURATION_EXPOSURE_FINAL,SHOCK_A1,DK_H7,7,16.12626992778993,0.835054391547564,RELIABLE_ESTIMATE,-0.08225823824200056,0.019456168360456733,-4.227874508383908,3.712134349437285e-05,-0.12064410159989877,-0.043872374884102346,0.0004454561219324742,0.00024128873271342353
CAPACITY_VS_GROWTH,INTERNAL_FINANCIAL_CAPACITY,GROWTH_DURATION_EXPOSURE_FINAL,EXTREME_CPU_REGIME,7,PRIMARY_ALIGNED,874,13,185,MAIN_INFERENCE_ELIGIBLE,GROWTH_DURATION_EXPOSURE_FINAL,INTERNAL_FINANCIAL_CAPACITY,SHOCK_A2,DK_H7,7,16.12626992778993,0.835054391547564,RELIABLE_ESTIMATE,0.035205821489286276,0.019127785342598257,1.8405592105261481,0.06729674485137241,-0.0025321616992467766,0.07294380467781933,0.8075609382164689,0.389365621359499
CAPACITY_VS_GROWTH,INTERNAL_FINANCIAL_CAPACITY,GROWTH_DURATION_EXPOSURE_FINAL,EXTREME_CPU_REGIME,8,PRIMARY_ALIGNED,861,13,184,MAIN_INFERENCE_ELIGIBLE,INTERNAL_FINANCIAL_CAPACITY,GROWTH_DURATION_EXPOSURE_FINAL,SHOCK_A1,DK_H8,8,15.964588478534278,0.8348441858782685,RELIABLE_ESTIMATE,-0.08387096378760668,0.02153106649283557,-3.89534646672122,0.00013736924191982286,-0.12635201452356248,-0.041389913051650865,0.0013736924191982286,0.00036238646971960194
CAPACITY_VS_GROWTH,INTERNAL_FINANCIAL_CAPACITY,GROWTH_DURATION_EXPOSURE_FINAL,EXTREME_CPU_REGIME,8,PRIMARY_ALIGNED,861,13,184,MAIN_INFERENCE_ELIGIBLE,GROWTH_DURATION_EXPOSURE_FINAL,INTERNAL_FINANCIAL_CAPACITY,SHOCK_A2,DK_H8,8,15.964588478534278,0.8348441858782685,RELIABLE_ESTIMATE,0.03364953522857788,0.02069844964794627,1.625703171054487,0.10573368915154001,-0.007188752551668183,0.07448782300882395,1.0,0.389365621359499
CAPACITY_VS_GROWTH,INTERNAL_FINANCIAL_CAPACITY,GROWTH_DURATION_EXPOSURE_FINAL,EXTREME_CPU_REGIME,9,PRIMARY_ALIGNED,848,13,183,MAIN_INFERENCE_ELIGIBLE,INTERNAL_FINANCIAL_CAPACITY,GROWTH_DURATION_EXPOSURE_FINAL,SHOCK_A1,DK_H9,9,15.701044828042193,0.8346289469083383,RELIABLE_ESTIMATE,-0.09579776875330033,0.022365840810334933,-4.283217857342236,2.9784549261569713e-05,-0.1399274531324017,-0.051668084374198946,0.00038719914040040627,0.00024128873271342353
CAPACITY_VS_GROWTH,INTERNAL_FINANCIAL_CAPACITY,GROWTH_DURATION_EXPOSURE_FINAL,EXTREME_CPU_REGIME,9,PRIMARY_ALIGNED,848,13,183,MAIN_INFERENCE_ELIGIBLE,GROWTH_DURATION_EXPOSURE_FINAL,INTERNAL_FINANCIAL_CAPACITY,SHOCK_A2,DK_H9,9,15.701044828042193,0.8346289469083383,RELIABLE_ESTIMATE,0.0318869900692789,0.02204418283697396,1.446503610730171,0.14975600821519192,-0.011608036084235822,0.07538201622279361,1.0,0.389365621359499
CAPACITY_VS_GROWTH,INTERNAL_FINANCIAL_CAPACITY,GROWTH_DURATION_EXPOSURE_FINAL,EXTREME_CPU_REGIME,10,PRIMARY_ALIGNED,835,13,182,MAIN_INFERENCE_ELIGIBLE,INTERNAL_FINANCIAL_CAPACITY,GROWTH_DURATION_EXPOSURE_FINAL,SHOCK_A1,DK_H10,10,15.193535794261386,0.8344085148276721,RELIABLE_ESTIMATE,-0.09692504145100603,0.024900736226475855,-3.892456856273587,0.00013937941143061613,-0.14605810449122456,-0.0477919784107875,0.0013736924191982286,0.00036238646971960194
CAPACITY_VS_GROWTH,INTERNAL_FINANCIAL_CAPACITY,GROWTH_DURATION_EXPOSURE_FINAL,EXTREME_CPU_REGIME,10,PRIMARY_ALIGNED,835,13,182,MAIN_INFERENCE_ELIGIBLE,GROWTH_DURATION_EXPOSURE_FINAL,INTERNAL_FINANCIAL_CAPACITY,SHOCK_A2,DK_H10,10,15.193535794261386,0.8344085148276721,RELIABLE_ESTIMATE,0.02542266229413828,0.023682243480756083,1.0734904535035474,0.28448019816799747,-0.021306123204043428,0.07215144779231998,1.0,0.5572494571541897
CAPACITY_VS_GROWTH,INTERNAL_FINANCIAL_CAPACITY,GROWTH_DURATION_EXPOSURE_FINAL,EXTREME_CPU_REGIME,11,PRIMARY_ALIGNED,822,13,181,MAIN_INFERENCE_ELIGIBLE,INTERNAL_FINANCIAL_CAPACITY,GROWTH_DURATION_EXPOSURE_FINAL,SHOCK_A1,DK_H11,11,14.48889083981988,0.8341827251905649,RELIABLE_ESTIMATE,-0.08963211624084697,0.03182256704990517,-2.816621176421217,0.005394976188371912,-0.1524253864129808,-0.026838846068713132,0.037764833318603384,0.010019241492690694
CAPACITY_VS_GROWTH,INTERNAL_FINANCIAL_CAPACITY,GROWTH_DURATION_EXPOSURE_FINAL,EXTREME_CPU_REGIME,11,PRIMARY_ALIGNED,822,13,181,MAIN_INFERENCE_ELIGIBLE,GROWTH_DURATION_EXPOSURE_FINAL,INTERNAL_FINANCIAL_CAPACITY,SHOCK_A2,DK_H11,11,14.48889083981988,0.8341827251905649,RELIABLE_ESTIMATE,0.012856736196432027,0.027515075212254964,0.46726153198759035,0.640877918526454,-0.041436858311521316,0.06715033070438538,1.0,0.7574011764403548
CAPACITY_VS_GROWTH,INTERNAL_FINANCIAL_CAPACITY,GROWTH_DURATION_EXPOSURE_FINAL,EXTREME_CPU_REGIME,12,PRIMARY_ALIGNED,809,13,180,MAIN_INFERENCE_ELIGIBLE,INTERNAL_FINANCIAL_CAPACITY,GROWTH_DURATION_EXPOSURE_FINAL,SHOCK_A1,DK_H12,12,13.53322185312482,0.8339514090521493,RELIABLE_ESTIMATE,-0.08624497564375942,0.033430615215088604,-2.5798201764720603,0.010687490166186014,-0.15221379030435722,-0.020276160983161637,0.06412494099711608,0.017367171520052273
CAPACITY_VS_GROWTH,INTERNAL_FINANCIAL_CAPACITY,GROWTH_DURATION_EXPOSURE_FINAL,EXTREME_CPU_REGIME,12,PRIMARY_ALIGNED,809,13,180,MAIN_INFERENCE_ELIGIBLE,GROWTH_DURATION_EXPOSURE_FINAL,INTERNAL_FINANCIAL_CAPACITY,SHOCK_A2,DK_H12,12,13.53322185312482,0.8339514090521493,RELIABLE_ESTIMATE,0.004263255425739477,0.02669353411920502,0.1597111647600166,0.8732886797460879,-0.048411240500120564,0.05693775135159952,1.0,0.8732886797460879
FINANCING_VS_CONCENTRATION,EXTERNAL_FINANCING_DEPENDENCE,PORTFOLIO_CONCENTRATION_FINAL,CPU_VIX_CONTINUOUS,0,PRIMARY_ALIGNED,883,11,192,MAIN_INFERENCE_ELIGIBLE,EXTERNAL_FINANCING_DEPENDENCE,PORTFOLIO_CONCENTRATION_FINAL,TRIPLE_A1,DATE_CLUSTERED,0,71.58840716600164,0.5772674029737415,RELIABLE_ESTIMATE,-0.00429589199145482,0.0017433665702290561,-2.4641358075888733,0.014618596983863833,-0.007734616285462462,-0.0008571676974471775,0.19004176079022983,0.13993473959657582
FINANCING_VS_CONCENTRATION,EXTERNAL_FINANCING_DEPENDENCE,PORTFOLIO_CONCENTRATION_FINAL,CPU_VIX_CONTINUOUS,0,PRIMARY_ALIGNED,883,11,192,MAIN_INFERENCE_ELIGIBLE,PORTFOLIO_CONCENTRATION_FINAL,EXTERNAL_FINANCING_DEPENDENCE,TRIPLE_A2,DATE_CLUSTERED,0,71.58840716600164,0.5772674029737415,RELIABLE_ESTIMATE,-0.00785042136993762,0.0026577143963816443,-2.953824301296485,0.0035330889507595993,-0.013092661996457521,-0.0026081807434177196,0.04239706740911519,0.022965078179937395
FINANCING_VS_CONCENTRATION,EXTERNAL_FINANCING_DEPENDENCE,PORTFOLIO_CONCENTRATION_FINAL,CPU_VIX_CONTINUOUS,1,PRIMARY_ALIGNED,872,11,191,MAIN_INFERENCE_ELIGIBLE,EXTERNAL_FINANCING_DEPENDENCE,PORTFOLIO_CONCENTRATION_FINAL,TRIPLE_A1,DK_H1,1,71.39979214842387,0.5774671262291861,RELIABLE_ESTIMATE,-0.004922449977462546,0.004576502818415736,-1.075592034523551,0.283473672310774,-0.013949730761796047,0.004104830806870953,1.0,0.6141929566733437
FINANCING_VS_CONCENTRATION,EXTERNAL_FINANCING_DEPENDENCE,PORTFOLIO_CONCENTRATION_FINAL,CPU_VIX_CONTINUOUS,1,PRIMARY_ALIGNED,872,11,191,MAIN_INFERENCE_ELIGIBLE,PORTFOLIO_CONCENTRATION_FINAL,EXTERNAL_FINANCING_DEPENDENCE,TRIPLE_A2,DK_H1,1,71.39979214842387,0.5774671262291861,RELIABLE_ESTIMATE,-0.01578172910896536,0.004542519392279408,-3.474223827373951,0.0006345665409012777,-0.02474197662752399,-0.006821481590406726,0.00824936503171661,0.00824936503171661
FINANCING_VS_CONCENTRATION,EXTERNAL_FINANCING_DEPENDENCE,PORTFOLIO_CONCENTRATION_FINAL,CPU_VIX_CONTINUOUS,2,PRIMARY_ALIGNED,861,11,190,MAIN_INFERENCE_ELIGIBLE,EXTERNAL_FINANCING_DEPENDENCE,PORTFOLIO_CONCENTRATION_FINAL,TRIPLE_A1,DK_H2,2,71.72925304999582,0.5776757183922019,RELIABLE_ESTIMATE,-0.004658731524929451,0.006584751746904838,-0.7075029862924274,0.4801254513763149,-0.017647780417966878,0.008330317368107978,1.0,0.8916615525560134
FINANCING_VS_CONCENTRATION,EXTERNAL_FINANCING_DEPENDENCE,PORTFOLIO_CONCENTRATION_FINAL,CPU_VIX_CONTINUOUS,2,PRIMARY_ALIGNED,861,11,190,MAIN_INFERENCE_ELIGIBLE,PORTFOLIO_CONCENTRATION_FINAL,EXTERNAL_FINANCING_DEPENDENCE,TRIPLE_A2,DK_H2,2,71.72925304999582,0.5776757183922019,RELIABLE_ESTIMATE,-0.016867687887657266,0.007052918224209117,-2.3915898854121105,0.017756529605754152,-0.03078023967002454,-0.0029551361052899926,0.14205223684603321,0.038472480812467326
FINANCING_VS_CONCENTRATION,EXTERNAL_FINANCING_DEPENDENCE,PORTFOLIO_CONCENTRATION_FINAL,CPU_VIX_CONTINUOUS,3,PRIMARY_ALIGNED,850,11,189,MAIN_INFERENCE_ELIGIBLE,EXTERNAL_FINANCING_DEPENDENCE,PORTFOLIO_CONCENTRATION_FINAL,TRIPLE_A1,DK_H3,3,71.80233709319216,0.5778937078588277,RELIABLE_ESTIMATE,-0.0031511012855961027,0.007926583967338927,-0.39753584880700815,0.6914233525379061,-0.018787577755993358,0.012485375184801153,1.0,0.9048197586222729
FINANCING_VS_CONCENTRATION,EXTERNAL_FINANCING_DEPENDENCE,PORTFOLIO_CONCENTRATION_FINAL,CPU_VIX_CONTINUOUS,3,PRIMARY_ALIGNED,850,11,189,MAIN_INFERENCE_ELIGIBLE,PORTFOLIO_CONCENTRATION_FINAL,EXTERNAL_FINANCING_DEPENDENCE,TRIPLE_A2,DK_H3,3,71.80233709319216,0.5778937078588277,RELIABLE_ESTIMATE,-0.014786024775624336,0.008545535919329935,-1.730263018633912,0.08522430485650587,-0.031643484670090836,0.0020714351188421635,0.40619322461157953,0.11079159631345763
FINANCING_VS_CONCENTRATION,EXTERNAL_FINANCING_DEPENDENCE,PORTFOLIO_CONCENTRATION_FINAL,CPU_VIX_CONTINUOUS,4,PRIMARY_ALIGNED,839,11,188,MAIN_INFERENCE_ELIGIBLE,EXTERNAL_FINANCING_DEPENDENCE,PORTFOLIO_CONCENTRATION_FINAL,TRIPLE_A1,DK_H4,4,71.80790476368061,0.5781216632477837,RELIABLE_ESTIMATE,-0.003082109623826935,0.009142870719138416,-0.33710523953655763,0.7364156208520732,-0.021118534425916925,0.014954315178263056,1.0,0.9048197586222729
FINANCING_VS_CONCENTRATION,EXTERNAL_FINANCING_DEPENDENCE,PORTFOLIO_CONCENTRATION_FINAL,CPU_VIX_CONTINUOUS,4,PRIMARY_ALIGNED,839,11,188,MAIN_INFERENCE_ELIGIBLE,PORTFOLIO_CONCENTRATION_FINAL,EXTERNAL_FINANCING_DEPENDENCE,TRIPLE_A2,DK_H4,4,71.80790476368061,0.5781216632477837,RELIABLE_ESTIMATE,-0.017973311082221156,0.009318579005892703,-1.9287609270528843,0.055274725030600505,-0.03635636107441844,0.00040973890997612894,0.38692307521420355,0.09703667262271427
FINANCING_VS_CONCENTRATION,EXTERNAL_FINANCING_DEPENDENCE,PORTFOLIO_CONCENTRATION_FINAL,CPU_VIX_CONTINUOUS,5,PRIMARY_ALIGNED,828,11,187,MAIN_INFERENCE_ELIGIBLE,EXTERNAL_FINANCING_DEPENDENCE,PORTFOLIO_CONCENTRATION_FINAL,TRIPLE_A1,DK_H5,5,71.73287114794563,0.5783601971725533,RELIABLE_ESTIMATE,-0.0028928412091440404,0.011517633159186809,-0.25116629164704934,0.8019628063605261,-0.025614829218545455,0.019829146800257377,1.0,0.9048197586222729
FINANCING_VS_CONCENTRATION,EXTERNAL_FINANCING_DEPENDENCE,PORTFOLIO_CONCENTRATION_FINAL,CPU_VIX_CONTINUOUS,5,PRIMARY_ALIGNED,828,11,187,MAIN_INFERENCE_ELIGIBLE,PORTFOLIO_CONCENTRATION_FINAL,EXTERNAL_FINANCING_DEPENDENCE,TRIPLE_A2,DK_H5,5,71.73287114794563,0.5783601971725533,RELIABLE_ESTIMATE,-0.027882842838525785,0.009984914281711325,-2.7924969661078465,0.005777040751311131,-0.0475810828717206,-0.008184602805330968,0.06354744826442245,0.025033843255681566
FINANCING_VS_CONCENTRATION,EXTERNAL_FINANCING_DEPENDENCE,PORTFOLIO_CONCENTRATION_FINAL,CPU_VIX_CONTINUOUS,6,PRIMARY_ALIGNED,817,11,186,MAIN_INFERENCE_ELIGIBLE,EXTERNAL_FINANCING_DEPENDENCE,PORTFOLIO_CONCENTRATION_FINAL,TRIPLE_A1,DK_H6,6,71.72411695835957,0.5786099704377102,RELIABLE_ESTIMATE,-0.001633872977631126,0.013645275407608091,-0.1197390986128532,0.9048197586222729,-0.028554226737071767,0.025286480781809513,1.0,0.9048197586222729
FINANCING_VS_CONCENTRATION,EXTERNAL_FINANCING_DEPENDENCE,PORTFOLIO_CONCENTRATION_FINAL,CPU_VIX_CONTINUOUS,6,PRIMARY_ALIGNED,817,11,186,MAIN_INFERENCE_ELIGIBLE,PORTFOLIO_CONCENTRATION_FINAL,EXTERNAL_FINANCING_DEPENDENCE,TRIPLE_A2,DK_H6,6,71.72411695835957,0.5786099704377102,RELIABLE_ESTIMATE,-0.02580931849327147,0.010416630527479615,-2.4777031714031845,0.014119842726515603,-0.04635997580171896,-0.00525866118482398,0.14119842726515602,0.037683910363374
FINANCING_VS_CONCENTRATION,EXTERNAL_FINANCING_DEPENDENCE,PORTFOLIO_CONCENTRATION_FINAL,CPU_VIX_CONTINUOUS,7,PRIMARY_ALIGNED,806,11,185,MAIN_INFERENCE_ELIGIBLE,EXTERNAL_FINANCING_DEPENDENCE,PORTFOLIO_CONCENTRATION_FINAL,TRIPLE_A1,DK_H7,7,71.74541370879987,0.578871696715514,RELIABLE_ESTIMATE,-0.0018303551529257659,0.014495432600017781,-0.12627116440274577,0.8996551522562902,-0.030428981808973254,0.026768271503121725,1.0,0.9048197586222729
FINANCING_VS_CONCENTRATION,EXTERNAL_FINANCING_DEPENDENCE,PORTFOLIO_CONCENTRATION_FINAL,CPU_VIX_CONTINUOUS,7,PRIMARY_ALIGNED,806,11,185,MAIN_INFERENCE_ELIGIBLE,PORTFOLIO_CONCENTRATION_FINAL,EXTERNAL_FINANCING_DEPENDENCE,TRIPLE_A2,DK_H7,7,71.74541370879987,0.578871696715514,RELIABLE_ESTIMATE,-0.026797143149377364,0.010857082880366766,-2.4681715562690925,0.014493811678220768,-0.04821752213613441,-0.005376764162620323,0.14119842726515602,0.037683910363374
FINANCING_VS_CONCENTRATION,EXTERNAL_FINANCING_DEPENDENCE,PORTFOLIO_CONCENTRATION_FINAL,CPU_VIX_CONTINUOUS,8,PRIMARY_ALIGNED,795,11,184,MAIN_INFERENCE_ELIGIBLE,EXTERNAL_FINANCING_DEPENDENCE,PORTFOLIO_CONCENTRATION_FINAL,TRIPLE_A1,DK_H8,8,72.78998720401844,0.5791461477674187,RELIABLE_ESTIMATE,-0.00489016458458313,0.012254857118146462,-0.3990388902488292,0.6903298112006458,-0.0290691436969786,0.019288814527812337,1.0,0.9048197586222729
FINANCING_VS_CONCENTRATION,EXTERNAL_FINANCING_DEPENDENCE,PORTFOLIO_CONCENTRATION_FINAL,CPU_VIX_CONTINUOUS,8,PRIMARY_ALIGNED,795,11,184,MAIN_INFERENCE_ELIGIBLE,PORTFOLIO_CONCENTRATION_FINAL,EXTERNAL_FINANCING_DEPENDENCE,TRIPLE_A2,DK_H8,8,72.78998720401844,0.5791461477674187,RELIABLE_ESTIMATE,-0.020524805368619593,0.010832994203563184,-1.894656729518842,0.059714875460131864,-0.04189843200885187,0.0008488212716126833,0.38692307521420355,0.09703667262271427
FINANCING_VS_CONCENTRATION,EXTERNAL_FINANCING_DEPENDENCE,PORTFOLIO_CONCENTRATION_FINAL,CPU_VIX_CONTINUOUS,9,PRIMARY_ALIGNED,784,11,183,MAIN_INFERENCE_ELIGIBLE,EXTERNAL_FINANCING_DEPENDENCE,PORTFOLIO_CONCENTRATION_FINAL,TRIPLE_A1,DK_H9,9,69.73738872181461,0.579434159285176,RELIABLE_ESTIMATE,-0.017531044559730164,0.010716100484165417,-1.6359537301497695,0.10357744044192087,-0.03867481179616851,0.0036127226767081813,0.9321969639772878,0.26930134514899423
FINANCING_VS_CONCENTRATION,EXTERNAL_FINANCING_DEPENDENCE,PORTFOLIO_CONCENTRATION_FINAL,CPU_VIX_CONTINUOUS,9,PRIMARY_ALIGNED,784,11,183,MAIN_INFERENCE_ELIGIBLE,PORTFOLIO_CONCENTRATION_FINAL,EXTERNAL_FINANCING_DEPENDENCE,TRIPLE_A2,DK_H9,9,69.73738872181461,0.579434159285176,RELIABLE_ESTIMATE,-0.022836881174199186,0.013025282415778742,-1.753273399011659,0.0812386449223159,-0.04853685851157555,0.0028630961631771756,0.40619322461157953,0.11079159631345763
FINANCING_VS_CONCENTRATION,EXTERNAL_FINANCING_DEPENDENCE,PORTFOLIO_CONCENTRATION_FINAL,CPU_VIX_CONTINUOUS,10,PRIMARY_ALIGNED,773,11,182,MAIN_INFERENCE_ELIGIBLE,EXTERNAL_FINANCING_DEPENDENCE,PORTFOLIO_CONCENTRATION_FINAL,TRIPLE_A1,DK_H10,10,70.6306247800298,0.5797366374380295,RELIABLE_ESTIMATE,-0.02619002763242171,0.01214288606366194,-2.156820668094415,0.0323385754017323,-0.05014984878107258,-0.002230206483770838,0.3557243294190553,0.14013382674083996
FINANCING_VS_CONCENTRATION,EXTERNAL_FINANCING_DEPENDENCE,PORTFOLIO_CONCENTRATION_FINAL,CPU_VIX_CONTINUOUS,10,PRIMARY_ALIGNED,773,11,182,MAIN_INFERENCE_ELIGIBLE,PORTFOLIO_CONCENTRATION_FINAL,EXTERNAL_FINANCING_DEPENDENCE,TRIPLE_A2,DK_H10,10,70.6306247800298,0.5797366374380295,RELIABLE_ESTIMATE,-0.02142687974069552,0.015808006279680008,-1.355444789279857,0.1769648529201159,-0.05261855865394234,0.009764799172551297,0.5308945587603477,0.20914028072377336
FINANCING_VS_CONCENTRATION,EXTERNAL_FINANCING_DEPENDENCE,PORTFOLIO_CONCENTRATION_FINAL,CPU_VIX_CONTINUOUS,11,PRIMARY_ALIGNED,762,11,181,MAIN_INFERENCE_ELIGIBLE,EXTERNAL_FINANCING_DEPENDENCE,PORTFOLIO_CONCENTRATION_FINAL,TRIPLE_A1,DK_H11,11,71.6349040726479,0.5800545662265386,RELIABLE_ESTIMATE,-0.034553939857729865,0.014901547466855557,-2.318815541445324,0.021528421476396283,-0.06395813263079296,-0.00514974708466677,0.2583410577167554,0.13993473959657582
FINANCING_VS_CONCENTRATION,EXTERNAL_FINANCING_DEPENDENCE,PORTFOLIO_CONCENTRATION_FINAL,CPU_VIX_CONTINUOUS,11,PRIMARY_ALIGNED,762,11,181,MAIN_INFERENCE_ELIGIBLE,PORTFOLIO_CONCENTRATION_FINAL,EXTERNAL_FINANCING_DEPENDENCE,TRIPLE_A2,DK_H11,11,71.6349040726479,0.5800545662265386,RELIABLE_ESTIMATE,-0.021341144207159702,0.017176897834394127,-1.2424329708957869,0.21569304333186776,-0.05523512845873707,0.01255284004441767,0.5308945587603477,0.2336674636095234
FINANCING_VS_CONCENTRATION,EXTERNAL_FINANCING_DEPENDENCE,PORTFOLIO_CONCENTRATION_FINAL,CPU_VIX_CONTINUOUS,12,PRIMARY_ALIGNED,751,11,180,MAIN_INFERENCE_ELIGIBLE,EXTERNAL_FINANCING_DEPENDENCE,PORTFOLIO_CONCENTRATION_FINAL,TRIPLE_A1,DK_H12,12,71.45669828120417,0.5803890157601055,RELIABLE_ESTIMATE,-0.028170568743012436,0.015852628013124672,-1.7770283084728615,0.0772618523070811,-0.059452645741978914,0.0031115082559540416,0.772618523070811,0.25110101999801354
FINANCING_VS_CONCENTRATION,EXTERNAL_FINANCING_DEPENDENCE,PORTFOLIO_CONCENTRATION_FINAL,CPU_VIX_CONTINUOUS,12,PRIMARY_ALIGNED,751,11,180,MAIN_INFERENCE_ELIGIBLE,PORTFOLIO_CONCENTRATION_FINAL,EXTERNAL_FINANCING_DEPENDENCE,TRIPLE_A2,DK_H12,12,71.45669828120417,0.5803890157601055,RELIABLE_ESTIMATE,-0.012942087491570175,0.016912472997671534,-0.7652392109274622,0.4451368858354509,-0.046315562357572615,0.020431387374432262,0.5308945587603477,0.4451368858354509
FINANCING_VS_CONCENTRATION,EXTERNAL_FINANCING_DEPENDENCE,PORTFOLIO_CONCENTRATION_FINAL,CPU_AND_VIX_STRESS,0,PRIMARY_ALIGNED,883,11,192,MAIN_INFERENCE_ELIGIBLE,EXTERNAL_FINANCING_DEPENDENCE,PORTFOLIO_CONCENTRATION_FINAL,JOINT_A1,DATE_CLUSTERED,0,36.41236708358342,0.5772674029737415,RELIABLE_ESTIMATE,-0.010706499057957742,0.007833742323591021,-1.3667157554717522,0.17332102203116645,-0.026158258028871704,0.004745259912956219,0.7821913687235891,0.20483393512774217
FINANCING_VS_CONCENTRATION,EXTERNAL_FINANCING_DEPENDENCE,PORTFOLIO_CONCENTRATION_FINAL,CPU_AND_VIX_STRESS,0,PRIMARY_ALIGNED,883,11,192,MAIN_INFERENCE_ELIGIBLE,PORTFOLIO_CONCENTRATION_FINAL,EXTERNAL_FINANCING_DEPENDENCE,JOINT_A2,DATE_CLUSTERED,0,36.41236708358342,0.5772674029737415,RELIABLE_ESTIMATE,-0.01783954377161545,0.012412847501457693,-1.437183834693891,0.15230191596102724,-0.042323413653017644,0.006644326109786745,1.0,0.3711646030505027
FINANCING_VS_CONCENTRATION,EXTERNAL_FINANCING_DEPENDENCE,PORTFOLIO_CONCENTRATION_FINAL,CPU_AND_VIX_STRESS,1,PRIMARY_ALIGNED,872,11,191,MAIN_INFERENCE_ELIGIBLE,EXTERNAL_FINANCING_DEPENDENCE,PORTFOLIO_CONCENTRATION_FINAL,JOINT_A1,DK_H1,1,36.45193303106486,0.5774671262291861,RELIABLE_ESTIMATE,-0.018647037436164544,0.013131127444570342,-1.4200637009181571,0.15722790540254514,-0.044548556382030494,0.007254481509701406,0.7821913687235891,0.20439627702330868
FINANCING_VS_CONCENTRATION,EXTERNAL_FINANCING_DEPENDENCE,PORTFOLIO_CONCENTRATION_FINAL,CPU_AND_VIX_STRESS,1,PRIMARY_ALIGNED,872,11,191,MAIN_INFERENCE_ELIGIBLE,PORTFOLIO_CONCENTRATION_FINAL,EXTERNAL_FINANCING_DEPENDENCE,JOINT_A2,DK_H1,1,36.45193303106486,0.5774671262291861,RELIABLE_ESTIMATE,-0.02465498142092989,0.017954324599842857,-1.3732057301195102,0.1713067398694628,-0.06007039268291946,0.010760429841059679,1.0,0.3711646030505027
FINANCING_VS_CONCENTRATION,EXTERNAL_FINANCING_DEPENDENCE,PORTFOLIO_CONCENTRATION_FINAL,CPU_AND_VIX_STRESS,2,PRIMARY_ALIGNED,861,11,190,MAIN_INFERENCE_ELIGIBLE,EXTERNAL_FINANCING_DEPENDENCE,PORTFOLIO_CONCENTRATION_FINAL,JOINT_A1,DK_H2,2,36.421959929384435,0.5776757183922019,RELIABLE_ESTIMATE,-0.022613878753218908,0.019498701851851465,-1.1597632973228753,0.24760820686813226,-0.061076922075012696,0.01584916456857488,0.7821913687235891,0.26544095119384375
FINANCING_VS_CONCENTRATION,EXTERNAL_FINANCING_DEPENDENCE,PORTFOLIO_CONCENTRATION_FINAL,CPU_AND_VIX_STRESS,2,PRIMARY_ALIGNED,861,11,190,MAIN_INFERENCE_ELIGIBLE,PORTFOLIO_CONCENTRATION_FINAL,EXTERNAL_FINANCING_DEPENDENCE,JOINT_A2,DK_H2,2,36.421959929384435,0.5776757183922019,RELIABLE_ESTIMATE,-0.027213603541882254,0.023838225204718483,-1.1415952030059544,0.2550666279272342,-0.07423676927517961,0.019809562191415105,1.0,0.4144832703817556
FINANCING_VS_CONCENTRATION,EXTERNAL_FINANCING_DEPENDENCE,PORTFOLIO_CONCENTRATION_FINAL,CPU_AND_VIX_STRESS,3,PRIMARY_ALIGNED,850,11,189,MAIN_INFERENCE_ELIGIBLE,EXTERNAL_FINANCING_DEPENDENCE,PORTFOLIO_CONCENTRATION_FINAL,JOINT_A1,DK_H3,3,36.451799582349466,0.5778937078588277,RELIABLE_ESTIMATE,-0.028823033475203635,0.025805113705810474,-1.1169504542316209,0.26544095119384375,-0.07972781855531332,0.022081751604906042,0.7821913687235891,0.26544095119384375
FINANCING_VS_CONCENTRATION,EXTERNAL_FINANCING_DEPENDENCE,PORTFOLIO_CONCENTRATION_FINAL,CPU_AND_VIX_STRESS,3,PRIMARY_ALIGNED,850,11,189,MAIN_INFERENCE_ELIGIBLE,PORTFOLIO_CONCENTRATION_FINAL,EXTERNAL_FINANCING_DEPENDENCE,JOINT_A2,DK_H3,3,36.451799582349466,0.5778937078588277,RELIABLE_ESTIMATE,-0.03355146425160488,0.02886562043627231,-1.162333036481155,0.24657360507043005,-0.09049359677867849,0.02339066827546874,1.0,0.4144832703817556
FINANCING_VS_CONCENTRATION,EXTERNAL_FINANCING_DEPENDENCE,PORTFOLIO_CONCENTRATION_FINAL,CPU_AND_VIX_STRESS,4,PRIMARY_ALIGNED,839,11,188,MAIN_INFERENCE_ELIGIBLE,EXTERNAL_FINANCING_DEPENDENCE,PORTFOLIO_CONCENTRATION_FINAL,JOINT_A1,DK_H4,4,36.48264582680189,0.5781216632477837,RELIABLE_ESTIMATE,-0.05267044860828201,0.03361379222444125,-1.5669296774549673,0.11882174765284184,-0.11898141967999637,0.013640522463432357,0.7821913687235891,0.1716314132763271
FINANCING_VS_CONCENTRATION,EXTERNAL_FINANCING_DEPENDENCE,PORTFOLIO_CONCENTRATION_FINAL,CPU_AND_VIX_STRESS,4,PRIMARY_ALIGNED,839,11,188,MAIN_INFERENCE_ELIGIBLE,PORTFOLIO_CONCENTRATION_FINAL,EXTERNAL_FINANCING_DEPENDENCE,JOINT_A2,DK_H4,4,36.48264582680189,0.5781216632477837,RELIABLE_ESTIMATE,-0.04794639889667899,0.032201076984385124,-1.4889687981532125,0.1381801192899411,-0.1114704627729649,0.015577664979606935,1.0,0.3711646030505027
FINANCING_VS_CONCENTRATION,EXTERNAL_FINANCING_DEPENDENCE,PORTFOLIO_CONCENTRATION_FINAL,CPU_AND_VIX_STRESS,5,PRIMARY_ALIGNED,828,11,187,MAIN_INFERENCE_ELIGIBLE,EXTERNAL_FINANCING_DEPENDENCE,PORTFOLIO_CONCENTRATION_FINAL,JOINT_A1,DK_H5,5,36.52480466034912,0.5783601971725533,RELIABLE_ESTIMATE,-0.06362395940948753,0.038614595058492185,-1.6476661043087968,0.10110947634408826,-0.13980283694276874,0.012554918123793668,0.7821913687235891,0.1716314132763271
FINANCING_VS_CONCENTRATION,EXTERNAL_FINANCING_DEPENDENCE,PORTFOLIO_CONCENTRATION_FINAL,CPU_AND_VIX_STRESS,5,PRIMARY_ALIGNED,828,11,187,MAIN_INFERENCE_ELIGIBLE,PORTFOLIO_CONCENTRATION_FINAL,EXTERNAL_FINANCING_DEPENDENCE,JOINT_A2,DK_H5,5,36.52480466034912,0.5783601971725533,RELIABLE_ESTIMATE,-0.0758240951440253,0.02995401243419048,-2.5313501925864603,0.012190385239104118,-0.13491737428881717,-0.016730815999233442,0.15847500810835355,0.15847500810835352
FINANCING_VS_CONCENTRATION,EXTERNAL_FINANCING_DEPENDENCE,PORTFOLIO_CONCENTRATION_FINAL,CPU_AND_VIX_STRESS,6,PRIMARY_ALIGNED,817,11,186,MAIN_INFERENCE_ELIGIBLE,EXTERNAL_FINANCING_DEPENDENCE,PORTFOLIO_CONCENTRATION_FINAL,JOINT_A1,DK_H6,6,36.52354833794924,0.5786099704377102,RELIABLE_ESTIMATE,-0.07210930536344362,0.041676286711998155,-1.7302238527571154,0.08525792746837645,-0.1543311988872133,0.010112588160326064,0.767321347215388,0.1716314132763271
FINANCING_VS_CONCENTRATION,EXTERNAL_FINANCING_DEPENDENCE,PORTFOLIO_CONCENTRATION_FINAL,CPU_AND_VIX_STRESS,6,PRIMARY_ALIGNED,817,11,186,MAIN_INFERENCE_ELIGIBLE,PORTFOLIO_CONCENTRATION_FINAL,EXTERNAL_FINANCING_DEPENDENCE,JOINT_A2,DK_H6,6,36.52354833794924,0.5786099704377102,RELIABLE_ESTIMATE,-0.05609704806845652,0.0323627120227149,-1.7333852623069057,0.0846933698017185,-0.1199444699959488,0.007750373859035757,1.0,0.3711646030505027
FINANCING_VS_CONCENTRATION,EXTERNAL_FINANCING_DEPENDENCE,PORTFOLIO_CONCENTRATION_FINAL,CPU_AND_VIX_STRESS,7,PRIMARY_ALIGNED,806,11,185,MAIN_INFERENCE_ELIGIBLE,EXTERNAL_FINANCING_DEPENDENCE,PORTFOLIO_CONCENTRATION_FINAL,JOINT_A1,DK_H7,7,36.524489383302274,0.578871696715514,RELIABLE_ESTIMATE,-0.07083360699213564,0.04357540715016151,-1.625540909991775,0.105758912969913,-0.1568052944098125,0.015138080425541198,0.7821913687235891,0.1716314132763271
FINANCING_VS_CONCENTRATION,EXTERNAL_FINANCING_DEPENDENCE,PORTFOLIO_CONCENTRATION_FINAL,CPU_AND_VIX_STRESS,7,PRIMARY_ALIGNED,806,11,185,MAIN_INFERENCE_ELIGIBLE,PORTFOLIO_CONCENTRATION_FINAL,EXTERNAL_FINANCING_DEPENDENCE,JOINT_A2,DK_H7,7,36.524489383302274,0.578871696715514,RELIABLE_ESTIMATE,-0.04969056519696595,0.029640664866857836,-1.676432206233219,0.09535177398622016,-0.1081698346161657,0.008788704222233788,1.0,0.3711646030505027
FINANCING_VS_CONCENTRATION,EXTERNAL_FINANCING_DEPENDENCE,PORTFOLIO_CONCENTRATION_FINAL,CPU_AND_VIX_STRESS,8,PRIMARY_ALIGNED,795,11,184,MAIN_INFERENCE_ELIGIBLE,EXTERNAL_FINANCING_DEPENDENCE,PORTFOLIO_CONCENTRATION_FINAL,JOINT_A1,DK_H8,8,37.01549299723848,0.5791461477674187,RELIABLE_ESTIMATE,-0.07370202396871996,0.044285442724814696,-1.664249456118051,0.09777392109044863,-0.16107773013186405,0.01367368219442415,0.7821913687235891,0.1716314132763271
FINANCING_VS_CONCENTRATION,EXTERNAL_FINANCING_DEPENDENCE,PORTFOLIO_CONCENTRATION_FINAL,CPU_AND_VIX_STRESS,8,PRIMARY_ALIGNED,795,11,184,MAIN_INFERENCE_ELIGIBLE,PORTFOLIO_CONCENTRATION_FINAL,EXTERNAL_FINANCING_DEPENDENCE,JOINT_A2,DK_H8,8,37.01549299723848,0.5791461477674187,RELIABLE_ESTIMATE,-0.02495795469901709,0.030138753926341914,-0.8281017443525861,0.40869153663676877,-0.08442207530304964,0.03450616590501546,1.0,0.5903322195864438
FINANCING_VS_CONCENTRATION,EXTERNAL_FINANCING_DEPENDENCE,PORTFOLIO_CONCENTRATION_FINAL,CPU_AND_VIX_STRESS,9,PRIMARY_ALIGNED,784,11,183,MAIN_INFERENCE_ELIGIBLE,EXTERNAL_FINANCING_DEPENDENCE,PORTFOLIO_CONCENTRATION_FINAL,JOINT_A1,DK_H9,9,36.43880430071707,0.579434159285176,RELIABLE_ESTIMATE,-0.0886262004662987,0.04232759913267134,-2.093815909296186,0.03766173527565611,-0.1721421123468295,-0.005110288585767897,0.43401178858817846,0.16320085286117647
FINANCING_VS_CONCENTRATION,EXTERNAL_FINANCING_DEPENDENCE,PORTFOLIO_CONCENTRATION_FINAL,CPU_AND_VIX_STRESS,9,PRIMARY_ALIGNED,784,11,183,MAIN_INFERENCE_ELIGIBLE,PORTFOLIO_CONCENTRATION_FINAL,EXTERNAL_FINANCING_DEPENDENCE,JOINT_A2,DK_H9,9,36.43880430071707,0.579434159285176,RELIABLE_ESTIMATE,-0.014220863169015694,0.0268642559864467,-0.5293600230801206,0.5972008061205584,-0.06722629890534938,0.038784572567318,1.0,0.7057827708697508
FINANCING_VS_CONCENTRATION,EXTERNAL_FINANCING_DEPENDENCE,PORTFOLIO_CONCENTRATION_FINAL,CPU_AND_VIX_STRESS,10,PRIMARY_ALIGNED,773,11,182,MAIN_INFERENCE_ELIGIBLE,EXTERNAL_FINANCING_DEPENDENCE,PORTFOLIO_CONCENTRATION_FINAL,JOINT_A1,DK_H10,10,36.02031679808348,0.5797366374380295,RELIABLE_ESTIMATE,-0.1052810885470276,0.04987861914918617,-2.1107458534915233,0.03616764904901487,-0.203699437174419,-0.006862739919636207,0.43401178858817846,0.16320085286117647
FINANCING_VS_CONCENTRATION,EXTERNAL_FINANCING_DEPENDENCE,PORTFOLIO_CONCENTRATION_FINAL,CPU_AND_VIX_STRESS,10,PRIMARY_ALIGNED,773,11,182,MAIN_INFERENCE_ELIGIBLE,PORTFOLIO_CONCENTRATION_FINAL,EXTERNAL_FINANCING_DEPENDENCE,JOINT_A2,DK_H10,10,36.02031679808348,0.5797366374380295,RELIABLE_ESTIMATE,-0.01125541348358719,0.03685277309271858,-0.30541564552739314,0.7604005563382672,-0.08397172223457844,0.06146089526740406,1.0,0.8237672693664561
FINANCING_VS_CONCENTRATION,EXTERNAL_FINANCING_DEPENDENCE,PORTFOLIO_CONCENTRATION_FINAL,CPU_AND_VIX_STRESS,11,PRIMARY_ALIGNED,762,11,181,MAIN_INFERENCE_ELIGIBLE,EXTERNAL_FINANCING_DEPENDENCE,PORTFOLIO_CONCENTRATION_FINAL,JOINT_A1,DK_H11,11,36.94923915630009,0.5800545662265386,RELIABLE_ESTIMATE,-0.0962562469435435,0.043847885882111554,-2.195231195463697,0.02942632601969395,-0.18277824689264968,-0.009734246994437312,0.38254223825602135,0.16320085286117647
FINANCING_VS_CONCENTRATION,EXTERNAL_FINANCING_DEPENDENCE,PORTFOLIO_CONCENTRATION_FINAL,CPU_AND_VIX_STRESS,11,PRIMARY_ALIGNED,762,11,181,MAIN_INFERENCE_ELIGIBLE,PORTFOLIO_CONCENTRATION_FINAL,EXTERNAL_FINANCING_DEPENDENCE,JOINT_A2,DK_H11,11,36.94923915630009,0.5800545662265386,RELIABLE_ESTIMATE,0.0044026124227691255,0.04026063320572352,0.1093527863874541,0.9130444940495863,-0.07504090997514229,0.08384613482068054,1.0,0.9130444940495863
FINANCING_VS_CONCENTRATION,EXTERNAL_FINANCING_DEPENDENCE,PORTFOLIO_CONCENTRATION_FINAL,CPU_AND_VIX_STRESS,12,PRIMARY_ALIGNED,751,11,180,MAIN_INFERENCE_ELIGIBLE,EXTERNAL_FINANCING_DEPENDENCE,PORTFOLIO_CONCENTRATION_FINAL,JOINT_A1,DK_H12,12,36.934151390353485,0.5803890157601055,RELIABLE_ESTIMATE,-0.06747460012277606,0.03480160773699491,-1.9388357179558982,0.054093944299094435,-0.1361488017766076,0.001199601531055458,0.5409394429909443,0.1716314132763271
FINANCING_VS_CONCENTRATION,EXTERNAL_FINANCING_DEPENDENCE,PORTFOLIO_CONCENTRATION_FINAL,CPU_AND_VIX_STRESS,12,PRIMARY_ALIGNED,751,11,180,MAIN_INFERENCE_ELIGIBLE,PORTFOLIO_CONCENTRATION_FINAL,EXTERNAL_FINANCING_DEPENDENCE,JOINT_A2,DK_H12,12,36.934151390353485,0.5803890157601055,RELIABLE_ESTIMATE,0.02051467799924164,0.031716974362840794,0.6468043819235285,0.5185870782079435,-0.04207259985596282,0.0831019558544461,1.0,0.6741632016703265
FINANCING_VS_CONCENTRATION,EXTERNAL_FINANCING_DEPENDENCE,PORTFOLIO_CONCENTRATION_FINAL,EXTREME_CPU_REGIME,0,PRIMARY_ALIGNED,883,11,192,MAIN_INFERENCE_ELIGIBLE,EXTERNAL_FINANCING_DEPENDENCE,PORTFOLIO_CONCENTRATION_FINAL,SHOCK_A1,DATE_CLUSTERED,0,26.26125206600512,0.5772674029737415,RELIABLE_ESTIMATE,0.007631001795838945,0.00399779349407426,1.9088033954605252,0.057786763541510744,-0.0002544939141611805,0.015516497505839071,0.13948196896401086,0.06260232716996997
FINANCING_VS_CONCENTRATION,EXTERNAL_FINANCING_DEPENDENCE,PORTFOLIO_CONCENTRATION_FINAL,EXTREME_CPU_REGIME,0,PRIMARY_ALIGNED,883,11,192,MAIN_INFERENCE_ELIGIBLE,PORTFOLIO_CONCENTRATION_FINAL,EXTERNAL_FINANCING_DEPENDENCE,SHOCK_A2,DATE_CLUSTERED,0,26.26125206600512,0.5772674029737415,RELIABLE_ESTIMATE,-0.002489092230538753,0.00785894988425662,-0.3167207155150598,0.751801426213333,-0.01799057215672036,0.013012387695642853,1.0,0.9984533813856625
FINANCING_VS_CONCENTRATION,EXTERNAL_FINANCING_DEPENDENCE,PORTFOLIO_CONCENTRATION_FINAL,EXTREME_CPU_REGIME,1,PRIMARY_ALIGNED,872,11,191,MAIN_INFERENCE_ELIGIBLE,EXTERNAL_FINANCING_DEPENDENCE,PORTFOLIO_CONCENTRATION_FINAL,SHOCK_A1,DK_H1,1,25.68745192958702,0.5774671262291861,RELIABLE_ESTIMATE,0.015090323157467197,0.008125212098008639,1.8572220608451064,0.06482726364215338,-0.0009368866905928985,0.03111753300552729,0.13948196896401086,0.06482726364215338
FINANCING_VS_CONCENTRATION,EXTERNAL_FINANCING_DEPENDENCE,PORTFOLIO_CONCENTRATION_FINAL,EXTREME_CPU_REGIME,1,PRIMARY_ALIGNED,872,11,191,MAIN_INFERENCE_ELIGIBLE,PORTFOLIO_CONCENTRATION_FINAL,EXTERNAL_FINANCING_DEPENDENCE,SHOCK_A2,DK_H1,1,25.68745192958702,0.5774671262291861,RELIABLE_ESTIMATE,-3.067711378558923e-05,0.015805186114749965,-0.0019409523913774258,0.9984533813856625,-0.031206852146905814,0.031145497919334637,1.0,0.9984533813856625
FINANCING_VS_CONCENTRATION,EXTERNAL_FINANCING_DEPENDENCE,PORTFOLIO_CONCENTRATION_FINAL,EXTREME_CPU_REGIME,2,PRIMARY_ALIGNED,861,11,190,MAIN_INFERENCE_ELIGIBLE,EXTERNAL_FINANCING_DEPENDENCE,PORTFOLIO_CONCENTRATION_FINAL,SHOCK_A1,DK_H2,2,25.748145859633514,0.5776757183922019,RELIABLE_ESTIMATE,0.02392963211828581,0.011940715074533627,2.00403677408913,0.04649398965467028,0.0003754363213295496,0.04748382791524207,0.13948196896401086,0.05494744231915579
FINANCING_VS_CONCENTRATION,EXTERNAL_FINANCING_DEPENDENCE,PORTFOLIO_CONCENTRATION_FINAL,EXTREME_CPU_REGIME,2,PRIMARY_ALIGNED,861,11,190,MAIN_INFERENCE_ELIGIBLE,PORTFOLIO_CONCENTRATION_FINAL,EXTERNAL_FINANCING_DEPENDENCE,SHOCK_A2,DK_H2,2,25.748145859633514,0.5776757183922019,RELIABLE_ESTIMATE,0.009413922915776396,0.02185019268543577,0.4308393546593865,0.6670761303229038,-0.03368765965289377,0.05251550548444656,1.0,0.9984533813856625
FINANCING_VS_CONCENTRATION,EXTERNAL_FINANCING_DEPENDENCE,PORTFOLIO_CONCENTRATION_FINAL,EXTREME_CPU_REGIME,3,PRIMARY_ALIGNED,850,11,189,MAIN_INFERENCE_ELIGIBLE,EXTERNAL_FINANCING_DEPENDENCE,PORTFOLIO_CONCENTRATION_FINAL,SHOCK_A1,DK_H3,3,25.246123917096988,0.5778937078588277,RELIABLE_ESTIMATE,0.03546525365607543,0.016214825228786714,2.1872115891272634,0.029961135555324047,0.0034788728637648036,0.06745163444838606,0.11984454222129619,0.038949476221921256
FINANCING_VS_CONCENTRATION,EXTERNAL_FINANCING_DEPENDENCE,PORTFOLIO_CONCENTRATION_FINAL,EXTREME_CPU_REGIME,3,PRIMARY_ALIGNED,850,11,189,MAIN_INFERENCE_ELIGIBLE,PORTFOLIO_CONCENTRATION_FINAL,EXTERNAL_FINANCING_DEPENDENCE,SHOCK_A2,DK_H3,3,25.246123917096988,0.5778937078588277,RELIABLE_ESTIMATE,0.008392845629819833,0.03219759293603415,0.26066686557885277,0.7946347175128409,-0.05512214473957443,0.07190783599921409,1.0,0.9984533813856625
FINANCING_VS_CONCENTRATION,EXTERNAL_FINANCING_DEPENDENCE,PORTFOLIO_CONCENTRATION_FINAL,EXTREME_CPU_REGIME,4,PRIMARY_ALIGNED,839,11,188,MAIN_INFERENCE_ELIGIBLE,EXTERNAL_FINANCING_DEPENDENCE,PORTFOLIO_CONCENTRATION_FINAL,SHOCK_A1,DK_H4,4,24.700265170712477,0.5781216632477837,RELIABLE_ESTIMATE,0.050718656233973224,0.019133476969448084,2.650780948750698,0.008719097428314448,0.012973452439328327,0.08846386002861811,0.05231458456988669,0.014168533321010979
FINANCING_VS_CONCENTRATION,EXTERNAL_FINANCING_DEPENDENCE,PORTFOLIO_CONCENTRATION_FINAL,EXTREME_CPU_REGIME,4,PRIMARY_ALIGNED,839,11,188,MAIN_INFERENCE_ELIGIBLE,PORTFOLIO_CONCENTRATION_FINAL,EXTERNAL_FINANCING_DEPENDENCE,SHOCK_A2,DK_H4,4,24.700265170712477,0.5781216632477837,RELIABLE_ESTIMATE,0.006822972089565132,0.04147711958962248,0.16449966046514547,0.8695154886508007,-0.07500022890129578,0.08864617308042604,1.0,0.9984533813856625
FINANCING_VS_CONCENTRATION,EXTERNAL_FINANCING_DEPENDENCE,PORTFOLIO_CONCENTRATION_FINAL,EXTREME_CPU_REGIME,5,PRIMARY_ALIGNED,828,11,187,MAIN_INFERENCE_ELIGIBLE,EXTERNAL_FINANCING_DEPENDENCE,PORTFOLIO_CONCENTRATION_FINAL,SHOCK_A1,DK_H5,5,24.00194646120961,0.5783601971725533,RELIABLE_ESTIMATE,0.0637797133025649,0.021608094214164677,2.9516584234789027,0.003567839380829445,0.021151262573636587,0.10640816403149322,0.02854271504663556,0.006669703229470141
FINANCING_VS_CONCENTRATION,EXTERNAL_FINANCING_DEPENDENCE,PORTFOLIO_CONCENTRATION_FINAL,EXTREME_CPU_REGIME,5,PRIMARY_ALIGNED,828,11,187,MAIN_INFERENCE_ELIGIBLE,PORTFOLIO_CONCENTRATION_FINAL,EXTERNAL_FINANCING_DEPENDENCE,SHOCK_A2,DK_H5,5,24.00194646120961,0.5783601971725533,RELIABLE_ESTIMATE,0.009227283023947465,0.05011990809341854,0.18410414892917848,0.8541323124216187,-0.08964927737618969,0.10810384342408463,1.0,0.9984533813856625
FINANCING_VS_CONCENTRATION,EXTERNAL_FINANCING_DEPENDENCE,PORTFOLIO_CONCENTRATION_FINAL,EXTREME_CPU_REGIME,6,PRIMARY_ALIGNED,817,11,186,MAIN_INFERENCE_ELIGIBLE,EXTERNAL_FINANCING_DEPENDENCE,PORTFOLIO_CONCENTRATION_FINAL,SHOCK_A1,DK_H6,6,23.3201565062016,0.5786099704377102,RELIABLE_ESTIMATE,0.07284502589079359,0.022878828313748927,3.183949146863334,0.001704788442013012,0.02770807310607941,0.11798197867550776,0.015343095978117107,0.004432449949233831
FINANCING_VS_CONCENTRATION,EXTERNAL_FINANCING_DEPENDENCE,PORTFOLIO_CONCENTRATION_FINAL,EXTREME_CPU_REGIME,6,PRIMARY_ALIGNED,817,11,186,MAIN_INFERENCE_ELIGIBLE,PORTFOLIO_CONCENTRATION_FINAL,EXTERNAL_FINANCING_DEPENDENCE,SHOCK_A2,DK_H6,6,23.3201565062016,0.5786099704377102,RELIABLE_ESTIMATE,0.01282740175358545,0.05544788237212622,0.231341598719626,0.8173050995663458,-0.09656405895941932,0.12221886246659021,1.0,0.9984533813856625
FINANCING_VS_CONCENTRATION,EXTERNAL_FINANCING_DEPENDENCE,PORTFOLIO_CONCENTRATION_FINAL,EXTREME_CPU_REGIME,7,PRIMARY_ALIGNED,806,11,185,MAIN_INFERENCE_ELIGIBLE,EXTERNAL_FINANCING_DEPENDENCE,PORTFOLIO_CONCENTRATION_FINAL,SHOCK_A1,DK_H7,7,22.567550518663513,0.578871696715514,RELIABLE_ESTIMATE,0.0838050618932509,0.023191230697462702,3.6136530650967056,0.0003895031459211533,0.03805014262232207,0.12955998116417974,0.004284534605132686,0.0016878469656583309
FINANCING_VS_CONCENTRATION,EXTERNAL_FINANCING_DEPENDENCE,PORTFOLIO_CONCENTRATION_FINAL,EXTREME_CPU_REGIME,7,PRIMARY_ALIGNED,806,11,185,MAIN_INFERENCE_ELIGIBLE,PORTFOLIO_CONCENTRATION_FINAL,EXTERNAL_FINANCING_DEPENDENCE,SHOCK_A2,DK_H7,7,22.567550518663513,0.578871696715514,RELIABLE_ESTIMATE,0.004051513505983126,0.056695375967236054,0.07146109249411227,0.9431084025041844,-0.10780509230578425,0.1159081193177505,1.0,0.9984533813856625
FINANCING_VS_CONCENTRATION,EXTERNAL_FINANCING_DEPENDENCE,PORTFOLIO_CONCENTRATION_FINAL,EXTREME_CPU_REGIME,8,PRIMARY_ALIGNED,795,11,184,MAIN_INFERENCE_ELIGIBLE,EXTERNAL_FINANCING_DEPENDENCE,PORTFOLIO_CONCENTRATION_FINAL,SHOCK_A1,DK_H8,8,22.294832522679364,0.5791461477674187,RELIABLE_ESTIMATE,0.09139481409306735,0.02377768090976484,3.84372279365285,0.00016704983013431243,0.04448116634379317,0.13830846184234152,0.0021716477917460616,0.0016878469656583309
FINANCING_VS_CONCENTRATION,EXTERNAL_FINANCING_DEPENDENCE,PORTFOLIO_CONCENTRATION_FINAL,EXTREME_CPU_REGIME,8,PRIMARY_ALIGNED,795,11,184,MAIN_INFERENCE_ELIGIBLE,PORTFOLIO_CONCENTRATION_FINAL,EXTERNAL_FINANCING_DEPENDENCE,SHOCK_A2,DK_H8,8,22.294832522679364,0.5791461477674187,RELIABLE_ESTIMATE,0.005288482306468654,0.05404212026878907,0.09785852738873588,0.9221517315153372,-0.10133726490307936,0.11191422951601666,1.0,0.9984533813856625
FINANCING_VS_CONCENTRATION,EXTERNAL_FINANCING_DEPENDENCE,PORTFOLIO_CONCENTRATION_FINAL,EXTREME_CPU_REGIME,9,PRIMARY_ALIGNED,784,11,183,MAIN_INFERENCE_ELIGIBLE,EXTERNAL_FINANCING_DEPENDENCE,PORTFOLIO_CONCENTRATION_FINAL,SHOCK_A1,DK_H9,9,21.860653742299345,0.579434159285176,RELIABLE_ESTIMATE,0.09337515084956204,0.025301392625658534,3.6905142823983867,0.0002955264032728561,0.04345337592545114,0.14329692577367292,0.0035463168392742732,0.0016878469656583309
FINANCING_VS_CONCENTRATION,EXTERNAL_FINANCING_DEPENDENCE,PORTFOLIO_CONCENTRATION_FINAL,EXTREME_CPU_REGIME,9,PRIMARY_ALIGNED,784,11,183,MAIN_INFERENCE_ELIGIBLE,PORTFOLIO_CONCENTRATION_FINAL,EXTERNAL_FINANCING_DEPENDENCE,SHOCK_A2,DK_H9,9,21.860653742299345,0.579434159285176,RELIABLE_ESTIMATE,-0.004154661762246878,0.04746351971007926,-0.08753378990063819,0.9303434631599459,-0.09780417675652307,0.08949485323202931,1.0,0.9984533813856625
FINANCING_VS_CONCENTRATION,EXTERNAL_FINANCING_DEPENDENCE,PORTFOLIO_CONCENTRATION_FINAL,EXTREME_CPU_REGIME,10,PRIMARY_ALIGNED,773,11,182,MAIN_INFERENCE_ELIGIBLE,EXTERNAL_FINANCING_DEPENDENCE,PORTFOLIO_CONCENTRATION_FINAL,SHOCK_A1,DK_H10,10,21.063665253551004,0.5797366374380295,RELIABLE_ESTIMATE,0.08831581693165919,0.025859220956160396,3.4152543528431343,0.0007866273766047211,0.03729151299726159,0.1393401208660568,0.00786627376604721,0.0025565389739653434
FINANCING_VS_CONCENTRATION,EXTERNAL_FINANCING_DEPENDENCE,PORTFOLIO_CONCENTRATION_FINAL,EXTREME_CPU_REGIME,10,PRIMARY_ALIGNED,773,11,182,MAIN_INFERENCE_ELIGIBLE,PORTFOLIO_CONCENTRATION_FINAL,EXTERNAL_FINANCING_DEPENDENCE,SHOCK_A2,DK_H10,10,21.063665253551004,0.5797366374380295,RELIABLE_ESTIMATE,-0.013880478083248254,0.03929880388140002,-0.353203576504216,0.7243468446434982,-0.09142318971026442,0.0636622335437679,1.0,0.9984533813856625
FINANCING_VS_CONCENTRATION,EXTERNAL_FINANCING_DEPENDENCE,PORTFOLIO_CONCENTRATION_FINAL,EXTREME_CPU_REGIME,11,PRIMARY_ALIGNED,762,11,181,MAIN_INFERENCE_ELIGIBLE,EXTERNAL_FINANCING_DEPENDENCE,PORTFOLIO_CONCENTRATION_FINAL,SHOCK_A1,DK_H11,11,19.954401160225046,0.5800545662265386,RELIABLE_ESTIMATE,0.08781758292934369,0.029760628389078593,2.950797334695075,0.003591378662022383,0.02909299367803573,0.14654217218065166,0.02854271504663556,0.006669703229470141
FINANCING_VS_CONCENTRATION,EXTERNAL_FINANCING_DEPENDENCE,PORTFOLIO_CONCENTRATION_FINAL,EXTREME_CPU_REGIME,11,PRIMARY_ALIGNED,762,11,181,MAIN_INFERENCE_ELIGIBLE,PORTFOLIO_CONCENTRATION_FINAL,EXTERNAL_FINANCING_DEPENDENCE,SHOCK_A2,DK_H11,11,19.954401160225046,0.5800545662265386,RELIABLE_ESTIMATE,-0.03028325049883165,0.04232541871375982,-0.7154861409318247,0.475235764476124,-0.11380107130423174,0.05323457030656843,1.0,0.9984533813856625
FINANCING_VS_CONCENTRATION,EXTERNAL_FINANCING_DEPENDENCE,PORTFOLIO_CONCENTRATION_FINAL,EXTREME_CPU_REGIME,12,PRIMARY_ALIGNED,751,11,180,MAIN_INFERENCE_ELIGIBLE,EXTERNAL_FINANCING_DEPENDENCE,PORTFOLIO_CONCENTRATION_FINAL,SHOCK_A1,DK_H12,12,18.527306932898522,0.5803890157601055,RELIABLE_ESTIMATE,0.07156656891383233,0.030434116626175383,2.3515244353200733,0.019784355009955023,0.0115107612012353,0.13162237662642934,0.09892177504977512,0.028577401681046145
FINANCING_VS_CONCENTRATION,EXTERNAL_FINANCING_DEPENDENCE,PORTFOLIO_CONCENTRATION_FINAL,EXTREME_CPU_REGIME,12,PRIMARY_ALIGNED,751,11,180,MAIN_INFERENCE_ELIGIBLE,PORTFOLIO_CONCENTRATION_FINAL,EXTERNAL_FINANCING_DEPENDENCE,SHOCK_A2,DK_H12,12,18.527306932898522,0.5803890157601055,RELIABLE_ESTIMATE,-0.03702483236886568,0.03563933315582259,-1.0388755650108659,0.30026387213518335,-0.107352122143737,0.03330245740600564,1.0,0.9984533813856625
