CHANNEL,TEST,REPLICATION,BOOTSTRAP_COEFFICIENT
EXTERNAL_FINANCING_DEPENDENCE,CPU_VIX_CONTINUOUS,1,5.649943590739264e-05
EXTERNAL_FINANCING_DEPENDENCE,CPU_VIX_CONTINUOUS,2,0.004541164772906153
EXTERNAL_FINANCING_DEPENDENCE,CPU_VIX_CONTINUOUS,3,-0.0029218114975930846
EXTERNAL_FINANCING_DEPENDENCE,CPU_VIX_CONTINUOUS,4,-0.0018811628358277946
EXTERNAL_FINANCING_DEPENDENCE,CPU_VIX_CONTINUOUS,5,-0.004924040791663076
EXTERNAL_FINANCING_DEPENDENCE,CPU_VIX_CONTINUOUS,6,0.005272380829153126
EXTERNAL_FINANCING_DEPENDENCE,CPU_VIX_CONTINUOUS,7,-0.00344649787196953
EXTERNAL_FINANCING_DEPENDENCE,CPU_VIX_CONTINUOUS,8,-0.0022341352226182215
EXTERNAL_FINANCING_DEPENDENCE,CPU_VIX_CONTINUOUS,9,-0.00025302486288128375
EXTERNAL_FINANCING_DEPENDENCE,CPU_VIX_CONTINUOUS,10,-0.003550414211578356
EXTERNAL_FINANCING_DEPENDENCE,CPU_VIX_CONTINUOUS,11,-0.001585778238706626
EXTERNAL_FINANCING_DEPENDENCE,CPU_VIX_CONTINUOUS,12,-0.0028676418553814985
EXTERNAL_FINANCING_DEPENDENCE,CPU_VIX_CONTINUOUS,13,0.006101615892935932
EXTERNAL_FINANCING_DEPENDENCE,CPU_VIX_CONTINUOUS,14,-0.00022484080695607588
EXTERNAL_FINANCING_DEPENDENCE,CPU_VIX_CONTINUOUS,15,-0.0013503389831713464
EXTERNAL_FINANCING_DEPENDENCE,CPU_VIX_CONTINUOUS,16,-0.000797213382568928
EXTERNAL_FINANCING_DEPENDENCE,CPU_VIX_CONTINUOUS,17,0.006378521871603938
EXTERNAL_FINANCING_DEPENDENCE,CPU_VIX_CONTINUOUS,18,-0.0023267567999993833
EXTERNAL_FINANCING_DEPENDENCE,CPU_VIX_CONTINUOUS,19,-0.00348788491337452
EXTERNAL_FINANCING_DEPENDENCE,CPU_VIX_CONTINUOUS,20,-0.0048739720358980405
EXTERNAL_FINANCING_DEPENDENCE,CPU_VIX_CONTINUOUS,21,-0.004996619574264828
EXTERNAL_FINANCING_DEPENDENCE,CPU_VIX_CONTINUOUS,22,0.001115338223675259
EXTERNAL_FINANCING_DEPENDENCE,CPU_VIX_CONTINUOUS,23,-0.003094273726878353
EXTERNAL_FINANCING_DEPENDENCE,CPU_VIX_CONTINUOUS,24,0.0032825684544050457
EXTERNAL_FINANCING_DEPENDENCE,CPU_VIX_CONTINUOUS,25,-0.0033781891761564342
EXTERNAL_FINANCING_DEPENDENCE,CPU_VIX_CONTINUOUS,26,-0.00189754923548813
EXTERNAL_FINANCING_DEPENDENCE,CPU_VIX_CONTINUOUS,27,0.0016590501273040302
EXTERNAL_FINANCING_DEPENDENCE,CPU_VIX_CONTINUOUS,28,-0.0011629658476362563
EXTERNAL_FINANCING_DEPENDENCE,CPU_VIX_CONTINUOUS,29,-0.0095963403352181
EXTERNAL_FINANCING_DEPENDENCE,CPU_VIX_CONTINUOUS,30,0.0007008032893034509
EXTERNAL_FINANCING_DEPENDENCE,CPU_VIX_CONTINUOUS,31,-0.003174960690976856
EXTERNAL_FINANCING_DEPENDENCE,CPU_VIX_CONTINUOUS,32,-0.0027741512038299628
EXTERNAL_FINANCING_DEPENDENCE,CPU_VIX_CONTINUOUS,33,0.0005354903312318675
EXTERNAL_FINANCING_DEPENDENCE,CPU_VIX_CONTINUOUS,34,0.00217140762733158
EXTERNAL_FINANCING_DEPENDENCE,CPU_VIX_CONTINUOUS,35,-0.007505376060722712
EXTERNAL_FINANCING_DEPENDENCE,CPU_VIX_CONTINUOUS,36,-0.003088988830581881
EXTERNAL_FINANCING_DEPENDENCE,CPU_VIX_CONTINUOUS,37,0.005753422160837831
EXTERNAL_FINANCING_DEPENDENCE,CPU_VIX_CONTINUOUS,38,-0.003411418147147578
EXTERNAL_FINANCING_DEPENDENCE,CPU_VIX_CONTINUOUS,39,-0.0024034132017101456
EXTERNAL_FINANCING_DEPENDENCE,CPU_VIX_CONTINUOUS,40,0.005068090865382078
EXTERNAL_FINANCING_DEPENDENCE,CPU_VIX_CONTINUOUS,41,-0.004294384071550296
EXTERNAL_FINANCING_DEPENDENCE,CPU_VIX_CONTINUOUS,42,-0.005775267169329638
EXTERNAL_FINANCING_DEPENDENCE,CPU_VIX_CONTINUOUS,43,-0.0008161350546048899
EXTERNAL_FINANCING_DEPENDENCE,CPU_VIX_CONTINUOUS,44,-0.002676325413762052
EXTERNAL_FINANCING_DEPENDENCE,CPU_VIX_CONTINUOUS,45,-0.0010985743830316203
EXTERNAL_FINANCING_DEPENDENCE,CPU_VIX_CONTINUOUS,46,-0.002921703084308469
EXTERNAL_FINANCING_DEPENDENCE,CPU_VIX_CONTINUOUS,47,-0.004055417882767384
EXTERNAL_FINANCING_DEPENDENCE,CPU_VIX_CONTINUOUS,48,-0.0022754031386901193
EXTERNAL_FINANCING_DEPENDENCE,CPU_VIX_CONTINUOUS,49,-0.007033943569023943
EXTERNAL_FINANCING_DEPENDENCE,CPU_VIX_CONTINUOUS,50,0.0005008893967075495
EXTERNAL_FINANCING_DEPENDENCE,CPU_VIX_CONTINUOUS,51,-0.002355767987428398
EXTERNAL_FINANCING_DEPENDENCE,CPU_VIX_CONTINUOUS,52,-0.002604352042095065
EXTERNAL_FINANCING_DEPENDENCE,CPU_VIX_CONTINUOUS,53,-0.004210454745109091
EXTERNAL_FINANCING_DEPENDENCE,CPU_VIX_CONTINUOUS,54,-0.0013317088628703021
EXTERNAL_FINANCING_DEPENDENCE,CPU_VIX_CONTINUOUS,55,0.011685970512490351
EXTERNAL_FINANCING_DEPENDENCE,CPU_VIX_CONTINUOUS,56,-0.0018348325362131665
EXTERNAL_FINANCING_DEPENDENCE,CPU_VIX_CONTINUOUS,57,-0.001484356144059928
EXTERNAL_FINANCING_DEPENDENCE,CPU_VIX_CONTINUOUS,58,-0.007349727360205089
EXTERNAL_FINANCING_DEPENDENCE,CPU_VIX_CONTINUOUS,59,-0.003024157409936747
EXTERNAL_FINANCING_DEPENDENCE,CPU_VIX_CONTINUOUS,60,-0.0030489576369362257
EXTERNAL_FINANCING_DEPENDENCE,CPU_VIX_CONTINUOUS,61,0.002292246077987141
EXTERNAL_FINANCING_DEPENDENCE,CPU_VIX_CONTINUOUS,62,-0.00293861756410495
EXTERNAL_FINANCING_DEPENDENCE,CPU_VIX_CONTINUOUS,63,-0.00255282879865458
EXTERNAL_FINANCING_DEPENDENCE,CPU_VIX_CONTINUOUS,64,-0.003035077769986503
EXTERNAL_FINANCING_DEPENDENCE,CPU_VIX_CONTINUOUS,65,-0.0018084078513962599
EXTERNAL_FINANCING_DEPENDENCE,CPU_VIX_CONTINUOUS,66,-0.00368048799777932
EXTERNAL_FINANCING_DEPENDENCE,CPU_VIX_CONTINUOUS,67,-0.004555831023486988
EXTERNAL_FINANCING_DEPENDENCE,CPU_VIX_CONTINUOUS,68,-0.0008805577302829357
EXTERNAL_FINANCING_DEPENDENCE,CPU_VIX_CONTINUOUS,69,-0.0010916980868898962
EXTERNAL_FINANCING_DEPENDENCE,CPU_VIX_CONTINUOUS,70,-0.004753096613632532
EXTERNAL_FINANCING_DEPENDENCE,CPU_VIX_CONTINUOUS,71,0.004488635098679833
EXTERNAL_FINANCING_DEPENDENCE,CPU_VIX_CONTINUOUS,72,-0.006298369869191142
EXTERNAL_FINANCING_DEPENDENCE,CPU_VIX_CONTINUOUS,73,-0.0015841259110497138
EXTERNAL_FINANCING_DEPENDENCE,CPU_VIX_CONTINUOUS,74,0.009483446411054497
EXTERNAL_FINANCING_DEPENDENCE,CPU_VIX_CONTINUOUS,75,-0.0052091984442324
EXTERNAL_FINANCING_DEPENDENCE,CPU_VIX_CONTINUOUS,76,0.0031189471035799983
EXTERNAL_FINANCING_DEPENDENCE,CPU_VIX_CONTINUOUS,77,-0.002631270437117078
EXTERNAL_FINANCING_DEPENDENCE,CPU_VIX_CONTINUOUS,78,0.0008301356802428194
EXTERNAL_FINANCING_DEPENDENCE,CPU_VIX_CONTINUOUS,79,-0.002751302636570955
EXTERNAL_FINANCING_DEPENDENCE,CPU_VIX_CONTINUOUS,80,-0.005756435266114134
EXTERNAL_FINANCING_DEPENDENCE,CPU_VIX_CONTINUOUS,81,0.0010309700064713109
EXTERNAL_FINANCING_DEPENDENCE,CPU_VIX_CONTINUOUS,82,0.0028796086561515047
EXTERNAL_FINANCING_DEPENDENCE,CPU_VIX_CONTINUOUS,83,-0.0015154525976387551
EXTERNAL_FINANCING_DEPENDENCE,CPU_VIX_CONTINUOUS,84,0.00012921811624193696
EXTERNAL_FINANCING_DEPENDENCE,CPU_VIX_CONTINUOUS,85,-0.0007798960369735946
EXTERNAL_FINANCING_DEPENDENCE,CPU_VIX_CONTINUOUS,86,-0.0007337466881145239
EXTERNAL_FINANCING_DEPENDENCE,CPU_VIX_CONTINUOUS,87,0.008948896884702986
EXTERNAL_FINANCING_DEPENDENCE,CPU_VIX_CONTINUOUS,88,-0.0036846349062056175
EXTERNAL_FINANCING_DEPENDENCE,CPU_VIX_CONTINUOUS,89,0.0034336286256468488
EXTERNAL_FINANCING_DEPENDENCE,CPU_VIX_CONTINUOUS,90,-0.003243105715337139
EXTERNAL_FINANCING_DEPENDENCE,CPU_VIX_CONTINUOUS,91,-0.001413912599988616
EXTERNAL_FINANCING_DEPENDENCE,CPU_VIX_CONTINUOUS,92,-0.00310240086425613
EXTERNAL_FINANCING_DEPENDENCE,CPU_VIX_CONTINUOUS,93,0.003906771849247384
EXTERNAL_FINANCING_DEPENDENCE,CPU_VIX_CONTINUOUS,94,-0.0030999035410423526
EXTERNAL_FINANCING_DEPENDENCE,CPU_VIX_CONTINUOUS,95,0.000713282587351945
EXTERNAL_FINANCING_DEPENDENCE,CPU_VIX_CONTINUOUS,96,-0.0077939135306998334
EXTERNAL_FINANCING_DEPENDENCE,CPU_VIX_CONTINUOUS,97,0.0009902655604272098
EXTERNAL_FINANCING_DEPENDENCE,CPU_VIX_CONTINUOUS,98,-0.004952212816903717
EXTERNAL_FINANCING_DEPENDENCE,CPU_VIX_CONTINUOUS,99,3.296768001103982e-05
EXTERNAL_FINANCING_DEPENDENCE,CPU_AND_VIX_STRESS,1,-0.000226978889457683
EXTERNAL_FINANCING_DEPENDENCE,CPU_AND_VIX_STRESS,2,0.014987149098679726
EXTERNAL_FINANCING_DEPENDENCE,CPU_AND_VIX_STRESS,3,0.015368206414035425
EXTERNAL_FINANCING_DEPENDENCE,CPU_AND_VIX_STRESS,4,0.02237308402434399
EXTERNAL_FINANCING_DEPENDENCE,CPU_AND_VIX_STRESS,5,0.008272392936699569
EXTERNAL_FINANCING_DEPENDENCE,CPU_AND_VIX_STRESS,6,-0.0005140632028683088
EXTERNAL_FINANCING_DEPENDENCE,CPU_AND_VIX_STRESS,7,0.019916491695556315
EXTERNAL_FINANCING_DEPENDENCE,CPU_AND_VIX_STRESS,8,0.01723455118197464
EXTERNAL_FINANCING_DEPENDENCE,CPU_AND_VIX_STRESS,9,-0.0026169938775126352
EXTERNAL_FINANCING_DEPENDENCE,CPU_AND_VIX_STRESS,10,0.007374909921910545
EXTERNAL_FINANCING_DEPENDENCE,CPU_AND_VIX_STRESS,11,-0.0016152112641757501
EXTERNAL_FINANCING_DEPENDENCE,CPU_AND_VIX_STRESS,12,-0.004110687217405638
EXTERNAL_FINANCING_DEPENDENCE,CPU_AND_VIX_STRESS,13,-0.009182951541699185
EXTERNAL_FINANCING_DEPENDENCE,CPU_AND_VIX_STRESS,14,-0.008800098869700802
EXTERNAL_FINANCING_DEPENDENCE,CPU_AND_VIX_STRESS,15,0.028678656304122547
EXTERNAL_FINANCING_DEPENDENCE,CPU_AND_VIX_STRESS,16,0.024207065186848925
EXTERNAL_FINANCING_DEPENDENCE,CPU_AND_VIX_STRESS,17,-0.005646659574144854
EXTERNAL_FINANCING_DEPENDENCE,CPU_AND_VIX_STRESS,18,0.020925277899912532
EXTERNAL_FINANCING_DEPENDENCE,CPU_AND_VIX_STRESS,19,0.007388886418177823
EXTERNAL_FINANCING_DEPENDENCE,CPU_AND_VIX_STRESS,20,0.0009530941738320881
EXTERNAL_FINANCING_DEPENDENCE,CPU_AND_VIX_STRESS,21,0.03329182838511589
EXTERNAL_FINANCING_DEPENDENCE,CPU_AND_VIX_STRESS,22,0.006019289757799632
EXTERNAL_FINANCING_DEPENDENCE,CPU_AND_VIX_STRESS,23,0.014618532632120975
EXTERNAL_FINANCING_DEPENDENCE,CPU_AND_VIX_STRESS,24,0.0067293186054532775
EXTERNAL_FINANCING_DEPENDENCE,CPU_AND_VIX_STRESS,25,0.004971365833627815
EXTERNAL_FINANCING_DEPENDENCE,CPU_AND_VIX_STRESS,26,0.01184782666844369
EXTERNAL_FINANCING_DEPENDENCE,CPU_AND_VIX_STRESS,27,0.02263678891078862
EXTERNAL_FINANCING_DEPENDENCE,CPU_AND_VIX_STRESS,28,0.011174326558353452
EXTERNAL_FINANCING_DEPENDENCE,CPU_AND_VIX_STRESS,29,0.0019619492222435328
EXTERNAL_FINANCING_DEPENDENCE,CPU_AND_VIX_STRESS,30,-0.0067593354689490645
EXTERNAL_FINANCING_DEPENDENCE,CPU_AND_VIX_STRESS,31,0.013481091517270385
EXTERNAL_FINANCING_DEPENDENCE,CPU_AND_VIX_STRESS,32,0.005127162828092514
EXTERNAL_FINANCING_DEPENDENCE,CPU_AND_VIX_STRESS,33,0.008587461099211744
EXTERNAL_FINANCING_DEPENDENCE,CPU_AND_VIX_STRESS,34,-0.02163401734710917
EXTERNAL_FINANCING_DEPENDENCE,CPU_AND_VIX_STRESS,35,0.008067067879862987
EXTERNAL_FINANCING_DEPENDENCE,CPU_AND_VIX_STRESS,36,0.015656797913281457
EXTERNAL_FINANCING_DEPENDENCE,CPU_AND_VIX_STRESS,37,0.008216581302686187
EXTERNAL_FINANCING_DEPENDENCE,CPU_AND_VIX_STRESS,38,0.020290044962136534
EXTERNAL_FINANCING_DEPENDENCE,CPU_AND_VIX_STRESS,39,0.014734018711558161
EXTERNAL_FINANCING_DEPENDENCE,CPU_AND_VIX_STRESS,40,0.004644063448552157
EXTERNAL_FINANCING_DEPENDENCE,CPU_AND_VIX_STRESS,41,-0.007739431265610963
EXTERNAL_FINANCING_DEPENDENCE,CPU_AND_VIX_STRESS,42,0.0017286310090228769
EXTERNAL_FINANCING_DEPENDENCE,CPU_AND_VIX_STRESS,43,-0.007302700385228842
EXTERNAL_FINANCING_DEPENDENCE,CPU_AND_VIX_STRESS,44,0.014043755688175572
EXTERNAL_FINANCING_DEPENDENCE,CPU_AND_VIX_STRESS,45,-0.008697233073745602
EXTERNAL_FINANCING_DEPENDENCE,CPU_AND_VIX_STRESS,46,0.00618303707207281
EXTERNAL_FINANCING_DEPENDENCE,CPU_AND_VIX_STRESS,47,0.0018152877645732982
EXTERNAL_FINANCING_DEPENDENCE,CPU_AND_VIX_STRESS,48,0.010087454678046568
EXTERNAL_FINANCING_DEPENDENCE,CPU_AND_VIX_STRESS,49,0.01118554344486875
EXTERNAL_FINANCING_DEPENDENCE,CPU_AND_VIX_STRESS,50,0.014944603869355567
EXTERNAL_FINANCING_DEPENDENCE,CPU_AND_VIX_STRESS,51,0.00658383650599703
EXTERNAL_FINANCING_DEPENDENCE,CPU_AND_VIX_STRESS,52,0.021697380050578214
EXTERNAL_FINANCING_DEPENDENCE,CPU_AND_VIX_STRESS,53,0.00031832570355316684
EXTERNAL_FINANCING_DEPENDENCE,CPU_AND_VIX_STRESS,54,0.00845156824177793
EXTERNAL_FINANCING_DEPENDENCE,CPU_AND_VIX_STRESS,55,0.008430968196552056
EXTERNAL_FINANCING_DEPENDENCE,CPU_AND_VIX_STRESS,56,-0.004989602619081983
EXTERNAL_FINANCING_DEPENDENCE,CPU_AND_VIX_STRESS,57,0.016831312996676513
EXTERNAL_FINANCING_DEPENDENCE,CPU_AND_VIX_STRESS,58,0.027936369416318396
EXTERNAL_FINANCING_DEPENDENCE,CPU_AND_VIX_STRESS,59,0.011723529512443579
EXTERNAL_FINANCING_DEPENDENCE,CPU_AND_VIX_STRESS,60,0.0013610192193922437
EXTERNAL_FINANCING_DEPENDENCE,CPU_AND_VIX_STRESS,61,0.026380654213919805
EXTERNAL_FINANCING_DEPENDENCE,CPU_AND_VIX_STRESS,62,0.011199937882785727
EXTERNAL_FINANCING_DEPENDENCE,CPU_AND_VIX_STRESS,63,-0.002183478193517877
EXTERNAL_FINANCING_DEPENDENCE,CPU_AND_VIX_STRESS,64,0.0062549702773027184
EXTERNAL_FINANCING_DEPENDENCE,CPU_AND_VIX_STRESS,65,0.018007108089585337
EXTERNAL_FINANCING_DEPENDENCE,CPU_AND_VIX_STRESS,66,0.024855117720457443
EXTERNAL_FINANCING_DEPENDENCE,CPU_AND_VIX_STRESS,67,0.0014870208819682989
EXTERNAL_FINANCING_DEPENDENCE,CPU_AND_VIX_STRESS,68,0.011479308458472538
EXTERNAL_FINANCING_DEPENDENCE,CPU_AND_VIX_STRESS,69,0.014748673498393119
EXTERNAL_FINANCING_DEPENDENCE,CPU_AND_VIX_STRESS,70,0.0121727547814961
EXTERNAL_FINANCING_DEPENDENCE,CPU_AND_VIX_STRESS,71,0.017890676188895494
EXTERNAL_FINANCING_DEPENDENCE,CPU_AND_VIX_STRESS,72,0.009991751990545507
EXTERNAL_FINANCING_DEPENDENCE,CPU_AND_VIX_STRESS,73,-0.0012597499260808575
EXTERNAL_FINANCING_DEPENDENCE,CPU_AND_VIX_STRESS,74,-0.004089656853296791
EXTERNAL_FINANCING_DEPENDENCE,CPU_AND_VIX_STRESS,75,0.010538583058440815
EXTERNAL_FINANCING_DEPENDENCE,CPU_AND_VIX_STRESS,76,0.024518424747261996
EXTERNAL_FINANCING_DEPENDENCE,CPU_AND_VIX_STRESS,77,-0.007100716160970081
EXTERNAL_FINANCING_DEPENDENCE,CPU_AND_VIX_STRESS,78,-0.017817874893942997
EXTERNAL_FINANCING_DEPENDENCE,CPU_AND_VIX_STRESS,79,0.011539344052621765
EXTERNAL_FINANCING_DEPENDENCE,CPU_AND_VIX_STRESS,80,-0.01986932346973849
EXTERNAL_FINANCING_DEPENDENCE,CPU_AND_VIX_STRESS,81,0.011334898143452758
EXTERNAL_FINANCING_DEPENDENCE,CPU_AND_VIX_STRESS,82,0.0008597647299064265
EXTERNAL_FINANCING_DEPENDENCE,CPU_AND_VIX_STRESS,83,0.01596254683698678
EXTERNAL_FINANCING_DEPENDENCE,CPU_AND_VIX_STRESS,84,0.013732260036764381
EXTERNAL_FINANCING_DEPENDENCE,CPU_AND_VIX_STRESS,85,0.00973850921194355
EXTERNAL_FINANCING_DEPENDENCE,CPU_AND_VIX_STRESS,86,0.0035303018563919196
EXTERNAL_FINANCING_DEPENDENCE,CPU_AND_VIX_STRESS,87,0.007579269955190574
EXTERNAL_FINANCING_DEPENDENCE,CPU_AND_VIX_STRESS,88,0.0005708651427966715
EXTERNAL_FINANCING_DEPENDENCE,CPU_AND_VIX_STRESS,89,0.008144844756224177
EXTERNAL_FINANCING_DEPENDENCE,CPU_AND_VIX_STRESS,90,0.006221316556315753
EXTERNAL_FINANCING_DEPENDENCE,CPU_AND_VIX_STRESS,91,0.007175523361044656
EXTERNAL_FINANCING_DEPENDENCE,CPU_AND_VIX_STRESS,92,0.016526872330135542
EXTERNAL_FINANCING_DEPENDENCE,CPU_AND_VIX_STRESS,93,0.016970314305102582
EXTERNAL_FINANCING_DEPENDENCE,CPU_AND_VIX_STRESS,94,-0.0021167324465915455
EXTERNAL_FINANCING_DEPENDENCE,CPU_AND_VIX_STRESS,95,0.014696957569779864
EXTERNAL_FINANCING_DEPENDENCE,CPU_AND_VIX_STRESS,96,0.008254208000365523
EXTERNAL_FINANCING_DEPENDENCE,CPU_AND_VIX_STRESS,97,0.008842714651250702
EXTERNAL_FINANCING_DEPENDENCE,CPU_AND_VIX_STRESS,98,0.009838544196768533
EXTERNAL_FINANCING_DEPENDENCE,CPU_AND_VIX_STRESS,99,0.01268238685739162
GROWTH_DURATION_EXPOSURE_FINAL,CPU_AND_VIX_STRESS,1,-0.012782040932880795
GROWTH_DURATION_EXPOSURE_FINAL,CPU_AND_VIX_STRESS,2,-0.014065876666665589
GROWTH_DURATION_EXPOSURE_FINAL,CPU_AND_VIX_STRESS,3,-0.011997118722834377
GROWTH_DURATION_EXPOSURE_FINAL,CPU_AND_VIX_STRESS,4,-0.01962294002688203
GROWTH_DURATION_EXPOSURE_FINAL,CPU_AND_VIX_STRESS,5,-0.022987598335185155
GROWTH_DURATION_EXPOSURE_FINAL,CPU_AND_VIX_STRESS,6,-0.018485751210835843
GROWTH_DURATION_EXPOSURE_FINAL,CPU_AND_VIX_STRESS,7,-0.014337951495090206
GROWTH_DURATION_EXPOSURE_FINAL,CPU_AND_VIX_STRESS,8,-0.011410869581222838
GROWTH_DURATION_EXPOSURE_FINAL,CPU_AND_VIX_STRESS,9,-0.01653097882134763
GROWTH_DURATION_EXPOSURE_FINAL,CPU_AND_VIX_STRESS,10,-0.02547643887565698
GROWTH_DURATION_EXPOSURE_FINAL,CPU_AND_VIX_STRESS,11,-0.009214462688179381
GROWTH_DURATION_EXPOSURE_FINAL,CPU_AND_VIX_STRESS,12,0.007021713530399154
GROWTH_DURATION_EXPOSURE_FINAL,CPU_AND_VIX_STRESS,13,-0.01768640100493457
GROWTH_DURATION_EXPOSURE_FINAL,CPU_AND_VIX_STRESS,14,-0.015365190410489688
GROWTH_DURATION_EXPOSURE_FINAL,CPU_AND_VIX_STRESS,15,-0.01575419866403127
GROWTH_DURATION_EXPOSURE_FINAL,CPU_AND_VIX_STRESS,16,-0.014477377648854928
GROWTH_DURATION_EXPOSURE_FINAL,CPU_AND_VIX_STRESS,17,-0.011015085887251641
GROWTH_DURATION_EXPOSURE_FINAL,CPU_AND_VIX_STRESS,18,-0.005085883761655641
GROWTH_DURATION_EXPOSURE_FINAL,CPU_AND_VIX_STRESS,19,-0.00436152771820475
GROWTH_DURATION_EXPOSURE_FINAL,CPU_AND_VIX_STRESS,20,-0.01296817875152323
GROWTH_DURATION_EXPOSURE_FINAL,CPU_AND_VIX_STRESS,21,-0.020071973731440096
GROWTH_DURATION_EXPOSURE_FINAL,CPU_AND_VIX_STRESS,22,-0.022206179253010716
GROWTH_DURATION_EXPOSURE_FINAL,CPU_AND_VIX_STRESS,23,-0.021140659138591644
GROWTH_DURATION_EXPOSURE_FINAL,CPU_AND_VIX_STRESS,24,-0.019360499947903786
GROWTH_DURATION_EXPOSURE_FINAL,CPU_AND_VIX_STRESS,25,-0.012833468082237509
GROWTH_DURATION_EXPOSURE_FINAL,CPU_AND_VIX_STRESS,26,-0.010904361963187448
GROWTH_DURATION_EXPOSURE_FINAL,CPU_AND_VIX_STRESS,27,-0.020592212939668064
GROWTH_DURATION_EXPOSURE_FINAL,CPU_AND_VIX_STRESS,28,-0.015156230147674421
GROWTH_DURATION_EXPOSURE_FINAL,CPU_AND_VIX_STRESS,29,0.008802194163236798
GROWTH_DURATION_EXPOSURE_FINAL,CPU_AND_VIX_STRESS,30,-0.019499951837372964
GROWTH_DURATION_EXPOSURE_FINAL,CPU_AND_VIX_STRESS,31,-0.017652221448374
GROWTH_DURATION_EXPOSURE_FINAL,CPU_AND_VIX_STRESS,32,-0.01960528916018589
GROWTH_DURATION_EXPOSURE_FINAL,CPU_AND_VIX_STRESS,33,0.014296647209839364
GROWTH_DURATION_EXPOSURE_FINAL,CPU_AND_VIX_STRESS,34,-0.001776042046444104
GROWTH_DURATION_EXPOSURE_FINAL,CPU_AND_VIX_STRESS,35,-0.0028854582048698507
GROWTH_DURATION_EXPOSURE_FINAL,CPU_AND_VIX_STRESS,36,-0.010343837070929673
GROWTH_DURATION_EXPOSURE_FINAL,CPU_AND_VIX_STRESS,37,-0.011161542703437277
GROWTH_DURATION_EXPOSURE_FINAL,CPU_AND_VIX_STRESS,38,-0.014390888542166635
GROWTH_DURATION_EXPOSURE_FINAL,CPU_AND_VIX_STRESS,39,-0.005605232989839939
GROWTH_DURATION_EXPOSURE_FINAL,CPU_AND_VIX_STRESS,40,-0.01439842070752273
GROWTH_DURATION_EXPOSURE_FINAL,CPU_AND_VIX_STRESS,41,-0.014424129125375273
GROWTH_DURATION_EXPOSURE_FINAL,CPU_AND_VIX_STRESS,42,-0.020163907346320897
GROWTH_DURATION_EXPOSURE_FINAL,CPU_AND_VIX_STRESS,43,0.007366091255875062
GROWTH_DURATION_EXPOSURE_FINAL,CPU_AND_VIX_STRESS,44,-0.010229977571548865
GROWTH_DURATION_EXPOSURE_FINAL,CPU_AND_VIX_STRESS,45,-0.009689949115768925
GROWTH_DURATION_EXPOSURE_FINAL,CPU_AND_VIX_STRESS,46,-0.014978117015782999
GROWTH_DURATION_EXPOSURE_FINAL,CPU_AND_VIX_STRESS,47,-0.025214575047429744
GROWTH_DURATION_EXPOSURE_FINAL,CPU_AND_VIX_STRESS,48,-0.016289727768441745
GROWTH_DURATION_EXPOSURE_FINAL,CPU_AND_VIX_STRESS,49,-0.016150805403006174
GROWTH_DURATION_EXPOSURE_FINAL,CPU_AND_VIX_STRESS,50,-0.012567690245482765
GROWTH_DURATION_EXPOSURE_FINAL,CPU_AND_VIX_STRESS,51,-0.010037862051554214
GROWTH_DURATION_EXPOSURE_FINAL,CPU_AND_VIX_STRESS,52,-0.01613948891138209
GROWTH_DURATION_EXPOSURE_FINAL,CPU_AND_VIX_STRESS,53,0.0049297114154217
GROWTH_DURATION_EXPOSURE_FINAL,CPU_AND_VIX_STRESS,54,-0.016939524332398204
GROWTH_DURATION_EXPOSURE_FINAL,CPU_AND_VIX_STRESS,55,-0.025287710682599496
GROWTH_DURATION_EXPOSURE_FINAL,CPU_AND_VIX_STRESS,56,-0.010969072146820302
GROWTH_DURATION_EXPOSURE_FINAL,CPU_AND_VIX_STRESS,57,-0.013209682432574255
GROWTH_DURATION_EXPOSURE_FINAL,CPU_AND_VIX_STRESS,58,-0.013804124771570385
GROWTH_DURATION_EXPOSURE_FINAL,CPU_AND_VIX_STRESS,59,-0.005407022659437821
GROWTH_DURATION_EXPOSURE_FINAL,CPU_AND_VIX_STRESS,60,-0.013621585673159187
GROWTH_DURATION_EXPOSURE_FINAL,CPU_AND_VIX_STRESS,61,-0.023393056379619637
GROWTH_DURATION_EXPOSURE_FINAL,CPU_AND_VIX_STRESS,62,0.008883668589207083
GROWTH_DURATION_EXPOSURE_FINAL,CPU_AND_VIX_STRESS,63,0.0015562569889837619
GROWTH_DURATION_EXPOSURE_FINAL,CPU_AND_VIX_STRESS,64,0.004133724061816224
GROWTH_DURATION_EXPOSURE_FINAL,CPU_AND_VIX_STRESS,65,-0.01788021800923989
GROWTH_DURATION_EXPOSURE_FINAL,CPU_AND_VIX_STRESS,66,-0.014659979436631332
GROWTH_DURATION_EXPOSURE_FINAL,CPU_AND_VIX_STRESS,67,-0.02116985857333553
GROWTH_DURATION_EXPOSURE_FINAL,CPU_AND_VIX_STRESS,68,-0.021808271965980786
GROWTH_DURATION_EXPOSURE_FINAL,CPU_AND_VIX_STRESS,69,-0.001173295949125297
GROWTH_DURATION_EXPOSURE_FINAL,CPU_AND_VIX_STRESS,70,0.011536832887758086
GROWTH_DURATION_EXPOSURE_FINAL,CPU_AND_VIX_STRESS,71,-0.013653861056195815
GROWTH_DURATION_EXPOSURE_FINAL,CPU_AND_VIX_STRESS,72,-0.005848456361442248
GROWTH_DURATION_EXPOSURE_FINAL,CPU_AND_VIX_STRESS,73,-0.008437403224790224
GROWTH_DURATION_EXPOSURE_FINAL,CPU_AND_VIX_STRESS,74,-0.020983232914145056
GROWTH_DURATION_EXPOSURE_FINAL,CPU_AND_VIX_STRESS,75,-0.012752325070114562
GROWTH_DURATION_EXPOSURE_FINAL,CPU_AND_VIX_STRESS,76,-0.009589972318598594
GROWTH_DURATION_EXPOSURE_FINAL,CPU_AND_VIX_STRESS,77,0.0029476044659797473
GROWTH_DURATION_EXPOSURE_FINAL,CPU_AND_VIX_STRESS,78,-0.015328481122558357
GROWTH_DURATION_EXPOSURE_FINAL,CPU_AND_VIX_STRESS,79,-0.0104999879810741
GROWTH_DURATION_EXPOSURE_FINAL,CPU_AND_VIX_STRESS,80,-0.00829300928225507
GROWTH_DURATION_EXPOSURE_FINAL,CPU_AND_VIX_STRESS,81,-0.016138116674113245
GROWTH_DURATION_EXPOSURE_FINAL,CPU_AND_VIX_STRESS,82,-0.012363022776771704
GROWTH_DURATION_EXPOSURE_FINAL,CPU_AND_VIX_STRESS,83,0.0025877133537823838
GROWTH_DURATION_EXPOSURE_FINAL,CPU_AND_VIX_STRESS,84,-0.0155626170898433
GROWTH_DURATION_EXPOSURE_FINAL,CPU_AND_VIX_STRESS,85,-0.010745842232324776
GROWTH_DURATION_EXPOSURE_FINAL,CPU_AND_VIX_STRESS,86,-0.015029999576186892
GROWTH_DURATION_EXPOSURE_FINAL,CPU_AND_VIX_STRESS,87,3.5221305214605536e-05
GROWTH_DURATION_EXPOSURE_FINAL,CPU_AND_VIX_STRESS,88,0.012420916171159924
GROWTH_DURATION_EXPOSURE_FINAL,CPU_AND_VIX_STRESS,89,-0.018412573799635068
GROWTH_DURATION_EXPOSURE_FINAL,CPU_AND_VIX_STRESS,90,-0.02075232874583932
GROWTH_DURATION_EXPOSURE_FINAL,CPU_AND_VIX_STRESS,91,-0.008363893823705448
GROWTH_DURATION_EXPOSURE_FINAL,CPU_AND_VIX_STRESS,92,-0.021585575417213843
GROWTH_DURATION_EXPOSURE_FINAL,CPU_AND_VIX_STRESS,93,-0.016019646212428462
GROWTH_DURATION_EXPOSURE_FINAL,CPU_AND_VIX_STRESS,94,-0.015270582219567785
GROWTH_DURATION_EXPOSURE_FINAL,CPU_AND_VIX_STRESS,95,-0.0042666400025552775
GROWTH_DURATION_EXPOSURE_FINAL,CPU_AND_VIX_STRESS,96,-0.011796761932976185
GROWTH_DURATION_EXPOSURE_FINAL,CPU_AND_VIX_STRESS,97,0.00841046877565077
GROWTH_DURATION_EXPOSURE_FINAL,CPU_AND_VIX_STRESS,98,-0.01623962154270675
GROWTH_DURATION_EXPOSURE_FINAL,CPU_AND_VIX_STRESS,99,0.0013203738311118318
GROWTH_DURATION_EXPOSURE_FINAL,CPU_VIX_CONTINUOUS,1,-0.013855936127214918
GROWTH_DURATION_EXPOSURE_FINAL,CPU_VIX_CONTINUOUS,2,-0.001617577927704783
GROWTH_DURATION_EXPOSURE_FINAL,CPU_VIX_CONTINUOUS,3,-0.0025476168812241795
GROWTH_DURATION_EXPOSURE_FINAL,CPU_VIX_CONTINUOUS,4,0.00036178165361105963
GROWTH_DURATION_EXPOSURE_FINAL,CPU_VIX_CONTINUOUS,5,-0.004243898354886699
GROWTH_DURATION_EXPOSURE_FINAL,CPU_VIX_CONTINUOUS,6,0.00025169005375391684
GROWTH_DURATION_EXPOSURE_FINAL,CPU_VIX_CONTINUOUS,7,-0.008194028340310466
GROWTH_DURATION_EXPOSURE_FINAL,CPU_VIX_CONTINUOUS,8,-0.004259688112594695
GROWTH_DURATION_EXPOSURE_FINAL,CPU_VIX_CONTINUOUS,9,-0.003304381093704123
GROWTH_DURATION_EXPOSURE_FINAL,CPU_VIX_CONTINUOUS,10,-0.004885269004666404
GROWTH_DURATION_EXPOSURE_FINAL,CPU_VIX_CONTINUOUS,11,-0.0019447228200277777
GROWTH_DURATION_EXPOSURE_FINAL,CPU_VIX_CONTINUOUS,12,-0.003032841561678268
GROWTH_DURATION_EXPOSURE_FINAL,CPU_VIX_CONTINUOUS,13,0.0004402588638916516
GROWTH_DURATION_EXPOSURE_FINAL,CPU_VIX_CONTINUOUS,14,-0.0030185834157760993
GROWTH_DURATION_EXPOSURE_FINAL,CPU_VIX_CONTINUOUS,15,-0.007582333073746561
GROWTH_DURATION_EXPOSURE_FINAL,CPU_VIX_CONTINUOUS,16,-0.0015126485801335576
GROWTH_DURATION_EXPOSURE_FINAL,CPU_VIX_CONTINUOUS,17,-0.0015479982088743016
GROWTH_DURATION_EXPOSURE_FINAL,CPU_VIX_CONTINUOUS,18,-0.0026603605113109108
GROWTH_DURATION_EXPOSURE_FINAL,CPU_VIX_CONTINUOUS,19,-0.003312797350803892
GROWTH_DURATION_EXPOSURE_FINAL,CPU_VIX_CONTINUOUS,20,-0.0016737975265455063
GROWTH_DURATION_EXPOSURE_FINAL,CPU_VIX_CONTINUOUS,21,0.0006195755411415593
GROWTH_DURATION_EXPOSURE_FINAL,CPU_VIX_CONTINUOUS,22,-0.0005956497851573594
GROWTH_DURATION_EXPOSURE_FINAL,CPU_VIX_CONTINUOUS,23,-0.006625922897841141
GROWTH_DURATION_EXPOSURE_FINAL,CPU_VIX_CONTINUOUS,24,-0.00396009841230166
GROWTH_DURATION_EXPOSURE_FINAL,CPU_VIX_CONTINUOUS,25,-0.006396443856395706
GROWTH_DURATION_EXPOSURE_FINAL,CPU_VIX_CONTINUOUS,26,-0.011028170643809565
GROWTH_DURATION_EXPOSURE_FINAL,CPU_VIX_CONTINUOUS,27,-0.0014834154126543986
GROWTH_DURATION_EXPOSURE_FINAL,CPU_VIX_CONTINUOUS,28,-0.0010654794226636621
GROWTH_DURATION_EXPOSURE_FINAL,CPU_VIX_CONTINUOUS,29,-0.002861035322526906
GROWTH_DURATION_EXPOSURE_FINAL,CPU_VIX_CONTINUOUS,30,-0.006067837519998287
GROWTH_DURATION_EXPOSURE_FINAL,CPU_VIX_CONTINUOUS,31,-0.0023230532441653046
GROWTH_DURATION_EXPOSURE_FINAL,CPU_VIX_CONTINUOUS,32,-0.0007707724350372036
GROWTH_DURATION_EXPOSURE_FINAL,CPU_VIX_CONTINUOUS,33,-0.0018285743534032228
GROWTH_DURATION_EXPOSURE_FINAL,CPU_VIX_CONTINUOUS,34,0.0005752826904767139
GROWTH_DURATION_EXPOSURE_FINAL,CPU_VIX_CONTINUOUS,35,-0.00362911157582535
GROWTH_DURATION_EXPOSURE_FINAL,CPU_VIX_CONTINUOUS,36,-0.0013302991463959302
GROWTH_DURATION_EXPOSURE_FINAL,CPU_VIX_CONTINUOUS,37,-0.0020485365411696543
GROWTH_DURATION_EXPOSURE_FINAL,CPU_VIX_CONTINUOUS,38,-0.001652553758489106
GROWTH_DURATION_EXPOSURE_FINAL,CPU_VIX_CONTINUOUS,39,0.0008255248497216483
GROWTH_DURATION_EXPOSURE_FINAL,CPU_VIX_CONTINUOUS,40,-0.004381106921253028
GROWTH_DURATION_EXPOSURE_FINAL,CPU_VIX_CONTINUOUS,41,-0.0010014352504008617
GROWTH_DURATION_EXPOSURE_FINAL,CPU_VIX_CONTINUOUS,42,-0.005033385456636341
GROWTH_DURATION_EXPOSURE_FINAL,CPU_VIX_CONTINUOUS,43,1.916928440315324e-06
GROWTH_DURATION_EXPOSURE_FINAL,CPU_VIX_CONTINUOUS,44,-0.00340370402941903
GROWTH_DURATION_EXPOSURE_FINAL,CPU_VIX_CONTINUOUS,45,-0.0009660047291295548
GROWTH_DURATION_EXPOSURE_FINAL,CPU_VIX_CONTINUOUS,46,-0.004686888646285192
GROWTH_DURATION_EXPOSURE_FINAL,CPU_VIX_CONTINUOUS,47,-0.002242357699848374
GROWTH_DURATION_EXPOSURE_FINAL,CPU_VIX_CONTINUOUS,48,-0.013182030869605565
GROWTH_DURATION_EXPOSURE_FINAL,CPU_VIX_CONTINUOUS,49,-0.004932199615506505
GROWTH_DURATION_EXPOSURE_FINAL,CPU_VIX_CONTINUOUS,50,-0.0053471262719977375
GROWTH_DURATION_EXPOSURE_FINAL,CPU_VIX_CONTINUOUS,51,-0.0012918588265224962
GROWTH_DURATION_EXPOSURE_FINAL,CPU_VIX_CONTINUOUS,52,-0.008669201401604543
GROWTH_DURATION_EXPOSURE_FINAL,CPU_VIX_CONTINUOUS,53,-0.0014551644897506932
GROWTH_DURATION_EXPOSURE_FINAL,CPU_VIX_CONTINUOUS,54,-0.004387143437005747
GROWTH_DURATION_EXPOSURE_FINAL,CPU_VIX_CONTINUOUS,55,-0.0075484366691456195
GROWTH_DURATION_EXPOSURE_FINAL,CPU_VIX_CONTINUOUS,56,-0.0008212739063016006
GROWTH_DURATION_EXPOSURE_FINAL,CPU_VIX_CONTINUOUS,57,-0.001251075529714818
GROWTH_DURATION_EXPOSURE_FINAL,CPU_VIX_CONTINUOUS,58,0.0005881524443673847
GROWTH_DURATION_EXPOSURE_FINAL,CPU_VIX_CONTINUOUS,59,-0.0044546281145443345
GROWTH_DURATION_EXPOSURE_FINAL,CPU_VIX_CONTINUOUS,60,-0.0018341952518182714
GROWTH_DURATION_EXPOSURE_FINAL,CPU_VIX_CONTINUOUS,61,-0.004472984774375632
GROWTH_DURATION_EXPOSURE_FINAL,CPU_VIX_CONTINUOUS,62,-0.0030482002259619168
GROWTH_DURATION_EXPOSURE_FINAL,CPU_VIX_CONTINUOUS,63,-0.002170088023556723
GROWTH_DURATION_EXPOSURE_FINAL,CPU_VIX_CONTINUOUS,64,-0.005699368168957886
GROWTH_DURATION_EXPOSURE_FINAL,CPU_VIX_CONTINUOUS,65,-0.0038902876345381365
GROWTH_DURATION_EXPOSURE_FINAL,CPU_VIX_CONTINUOUS,66,-0.004885580091164687
GROWTH_DURATION_EXPOSURE_FINAL,CPU_VIX_CONTINUOUS,67,-0.0023520880020353463
GROWTH_DURATION_EXPOSURE_FINAL,CPU_VIX_CONTINUOUS,68,-0.003351319174460521
GROWTH_DURATION_EXPOSURE_FINAL,CPU_VIX_CONTINUOUS,69,-0.0035183987330500432
GROWTH_DURATION_EXPOSURE_FINAL,CPU_VIX_CONTINUOUS,70,-0.0026286383841886973
GROWTH_DURATION_EXPOSURE_FINAL,CPU_VIX_CONTINUOUS,71,-0.006945501817703814
GROWTH_DURATION_EXPOSURE_FINAL,CPU_VIX_CONTINUOUS,72,-0.001898677219215661
GROWTH_DURATION_EXPOSURE_FINAL,CPU_VIX_CONTINUOUS,73,-0.00389220084668275
GROWTH_DURATION_EXPOSURE_FINAL,CPU_VIX_CONTINUOUS,74,-0.006403927994967695
GROWTH_DURATION_EXPOSURE_FINAL,CPU_VIX_CONTINUOUS,75,0.000635430442871919
GROWTH_DURATION_EXPOSURE_FINAL,CPU_VIX_CONTINUOUS,76,-0.0023574952907063906
GROWTH_DURATION_EXPOSURE_FINAL,CPU_VIX_CONTINUOUS,77,-0.0038236380375351597
GROWTH_DURATION_EXPOSURE_FINAL,CPU_VIX_CONTINUOUS,78,0.0014054761396572468
GROWTH_DURATION_EXPOSURE_FINAL,CPU_VIX_CONTINUOUS,79,-0.0034000435405889817
GROWTH_DURATION_EXPOSURE_FINAL,CPU_VIX_CONTINUOUS,80,-0.0063790219308154095
GROWTH_DURATION_EXPOSURE_FINAL,CPU_VIX_CONTINUOUS,81,-0.0007601778303491166
GROWTH_DURATION_EXPOSURE_FINAL,CPU_VIX_CONTINUOUS,82,0.00044708714522734283
GROWTH_DURATION_EXPOSURE_FINAL,CPU_VIX_CONTINUOUS,83,-0.005116061931337068
GROWTH_DURATION_EXPOSURE_FINAL,CPU_VIX_CONTINUOUS,84,-0.008560736737098187
GROWTH_DURATION_EXPOSURE_FINAL,CPU_VIX_CONTINUOUS,85,-0.0012711485898885544
GROWTH_DURATION_EXPOSURE_FINAL,CPU_VIX_CONTINUOUS,86,-0.0033541221767203755
GROWTH_DURATION_EXPOSURE_FINAL,CPU_VIX_CONTINUOUS,87,0.0005214914757989408
GROWTH_DURATION_EXPOSURE_FINAL,CPU_VIX_CONTINUOUS,88,-0.0021161600503174505
GROWTH_DURATION_EXPOSURE_FINAL,CPU_VIX_CONTINUOUS,89,-0.005592505990978228
GROWTH_DURATION_EXPOSURE_FINAL,CPU_VIX_CONTINUOUS,90,-0.0031464027256546956
GROWTH_DURATION_EXPOSURE_FINAL,CPU_VIX_CONTINUOUS,91,-0.002946329685108884
GROWTH_DURATION_EXPOSURE_FINAL,CPU_VIX_CONTINUOUS,92,-0.003898508745197482
GROWTH_DURATION_EXPOSURE_FINAL,CPU_VIX_CONTINUOUS,93,-0.0046637414055795984
GROWTH_DURATION_EXPOSURE_FINAL,CPU_VIX_CONTINUOUS,94,-0.01235921056909639
GROWTH_DURATION_EXPOSURE_FINAL,CPU_VIX_CONTINUOUS,95,-0.0003627372991257677
GROWTH_DURATION_EXPOSURE_FINAL,CPU_VIX_CONTINUOUS,96,-0.004313103488371328
GROWTH_DURATION_EXPOSURE_FINAL,CPU_VIX_CONTINUOUS,97,-5.441504979586398e-05
GROWTH_DURATION_EXPOSURE_FINAL,CPU_VIX_CONTINUOUS,98,-0.0018364427334898181
GROWTH_DURATION_EXPOSURE_FINAL,CPU_VIX_CONTINUOUS,99,-0.010564759377975658
INTERNAL_FINANCIAL_CAPACITY,CPU_VIX_CONTINUOUS,1,-0.001041920834380657
INTERNAL_FINANCIAL_CAPACITY,CPU_VIX_CONTINUOUS,2,-0.002132149872175532
INTERNAL_FINANCIAL_CAPACITY,CPU_VIX_CONTINUOUS,3,-0.005170205853231803
INTERNAL_FINANCIAL_CAPACITY,CPU_VIX_CONTINUOUS,4,-0.004915532361499618
INTERNAL_FINANCIAL_CAPACITY,CPU_VIX_CONTINUOUS,5,-0.0011356583587442688
INTERNAL_FINANCIAL_CAPACITY,CPU_VIX_CONTINUOUS,6,-0.003811434770158305
INTERNAL_FINANCIAL_CAPACITY,CPU_VIX_CONTINUOUS,7,-0.0013179226366696797
INTERNAL_FINANCIAL_CAPACITY,CPU_VIX_CONTINUOUS,8,-0.004362329051269263
INTERNAL_FINANCIAL_CAPACITY,CPU_VIX_CONTINUOUS,9,-0.0025568825672810758
INTERNAL_FINANCIAL_CAPACITY,CPU_VIX_CONTINUOUS,10,-0.0007147144784522577
INTERNAL_FINANCIAL_CAPACITY,CPU_VIX_CONTINUOUS,11,-0.004919436287060894
INTERNAL_FINANCIAL_CAPACITY,CPU_VIX_CONTINUOUS,12,-0.005629973076002246
INTERNAL_FINANCIAL_CAPACITY,CPU_VIX_CONTINUOUS,13,0.0006899294720744306
INTERNAL_FINANCIAL_CAPACITY,CPU_VIX_CONTINUOUS,14,-0.00015084376546348858
INTERNAL_FINANCIAL_CAPACITY,CPU_VIX_CONTINUOUS,15,-0.00562883518032332
INTERNAL_FINANCIAL_CAPACITY,CPU_VIX_CONTINUOUS,16,-0.0007639231597690151
INTERNAL_FINANCIAL_CAPACITY,CPU_VIX_CONTINUOUS,17,-0.0006319687199855681
INTERNAL_FINANCIAL_CAPACITY,CPU_VIX_CONTINUOUS,18,-0.0028352370505633708
INTERNAL_FINANCIAL_CAPACITY,CPU_VIX_CONTINUOUS,19,-0.0025021435825186202
INTERNAL_FINANCIAL_CAPACITY,CPU_VIX_CONTINUOUS,20,-0.004287098106414738
INTERNAL_FINANCIAL_CAPACITY,CPU_VIX_CONTINUOUS,21,-0.00045221031569422855
INTERNAL_FINANCIAL_CAPACITY,CPU_VIX_CONTINUOUS,22,0.0010653793058442308
INTERNAL_FINANCIAL_CAPACITY,CPU_VIX_CONTINUOUS,23,-0.0040667959907433725
INTERNAL_FINANCIAL_CAPACITY,CPU_VIX_CONTINUOUS,24,-0.0019960646699015423
INTERNAL_FINANCIAL_CAPACITY,CPU_VIX_CONTINUOUS,25,-0.0030284231397915673
INTERNAL_FINANCIAL_CAPACITY,CPU_VIX_CONTINUOUS,26,-0.0016477976525774208
INTERNAL_FINANCIAL_CAPACITY,CPU_VIX_CONTINUOUS,27,-0.004905574952319723
INTERNAL_FINANCIAL_CAPACITY,CPU_VIX_CONTINUOUS,28,-0.00428058085828527
INTERNAL_FINANCIAL_CAPACITY,CPU_VIX_CONTINUOUS,29,-0.0017192523629024415
INTERNAL_FINANCIAL_CAPACITY,CPU_VIX_CONTINUOUS,30,-0.0037862102610621406
INTERNAL_FINANCIAL_CAPACITY,CPU_VIX_CONTINUOUS,31,-0.005689154067232689
INTERNAL_FINANCIAL_CAPACITY,CPU_VIX_CONTINUOUS,32,-0.0017844249576706456
INTERNAL_FINANCIAL_CAPACITY,CPU_VIX_CONTINUOUS,33,-0.004022405409962104
INTERNAL_FINANCIAL_CAPACITY,CPU_VIX_CONTINUOUS,34,-0.00237298246353746
INTERNAL_FINANCIAL_CAPACITY,CPU_VIX_CONTINUOUS,35,-0.0044477161981877796
INTERNAL_FINANCIAL_CAPACITY,CPU_VIX_CONTINUOUS,36,-0.004482543804737594
INTERNAL_FINANCIAL_CAPACITY,CPU_VIX_CONTINUOUS,37,-0.002650999966489683
INTERNAL_FINANCIAL_CAPACITY,CPU_VIX_CONTINUOUS,38,0.0021610239757028507
INTERNAL_FINANCIAL_CAPACITY,CPU_VIX_CONTINUOUS,39,-0.003475389289820813
INTERNAL_FINANCIAL_CAPACITY,CPU_VIX_CONTINUOUS,40,-0.007722519070632906
INTERNAL_FINANCIAL_CAPACITY,CPU_VIX_CONTINUOUS,41,-0.004473871102604886
INTERNAL_FINANCIAL_CAPACITY,CPU_VIX_CONTINUOUS,42,-0.004151732016673314
INTERNAL_FINANCIAL_CAPACITY,CPU_VIX_CONTINUOUS,43,-0.0006487498890892194
INTERNAL_FINANCIAL_CAPACITY,CPU_VIX_CONTINUOUS,44,-0.0051099494217658045
INTERNAL_FINANCIAL_CAPACITY,CPU_VIX_CONTINUOUS,45,-0.004233219445280915
INTERNAL_FINANCIAL_CAPACITY,CPU_VIX_CONTINUOUS,46,-0.002886883073865587
INTERNAL_FINANCIAL_CAPACITY,CPU_VIX_CONTINUOUS,47,-0.0022568785442122516
INTERNAL_FINANCIAL_CAPACITY,CPU_VIX_CONTINUOUS,48,-0.001105187924877518
INTERNAL_FINANCIAL_CAPACITY,CPU_VIX_CONTINUOUS,49,-0.0032927539025837654
INTERNAL_FINANCIAL_CAPACITY,CPU_VIX_CONTINUOUS,50,-0.00306417919842731
INTERNAL_FINANCIAL_CAPACITY,CPU_VIX_CONTINUOUS,51,-0.0018965209263438366
INTERNAL_FINANCIAL_CAPACITY,CPU_VIX_CONTINUOUS,52,-0.0035063392465852455
INTERNAL_FINANCIAL_CAPACITY,CPU_VIX_CONTINUOUS,53,-0.004350058637592904
INTERNAL_FINANCIAL_CAPACITY,CPU_VIX_CONTINUOUS,54,-1.686375148759352e-05
INTERNAL_FINANCIAL_CAPACITY,CPU_VIX_CONTINUOUS,55,-0.000885934434095219
INTERNAL_FINANCIAL_CAPACITY,CPU_VIX_CONTINUOUS,56,0.0016218472197422984
INTERNAL_FINANCIAL_CAPACITY,CPU_VIX_CONTINUOUS,57,-0.0009314795235210353
INTERNAL_FINANCIAL_CAPACITY,CPU_VIX_CONTINUOUS,58,-0.0013842368359409673
INTERNAL_FINANCIAL_CAPACITY,CPU_VIX_CONTINUOUS,59,-0.0032441212525450443
INTERNAL_FINANCIAL_CAPACITY,CPU_VIX_CONTINUOUS,60,-0.0014320224850974356
INTERNAL_FINANCIAL_CAPACITY,CPU_VIX_CONTINUOUS,61,-0.0017121968048567412
INTERNAL_FINANCIAL_CAPACITY,CPU_VIX_CONTINUOUS,62,0.0009296975439900645
INTERNAL_FINANCIAL_CAPACITY,CPU_VIX_CONTINUOUS,63,-0.0016619088705679655
INTERNAL_FINANCIAL_CAPACITY,CPU_VIX_CONTINUOUS,64,0.0007928993375104825
INTERNAL_FINANCIAL_CAPACITY,CPU_VIX_CONTINUOUS,65,-0.003912433316103209
INTERNAL_FINANCIAL_CAPACITY,CPU_VIX_CONTINUOUS,66,-0.001418862835852098
INTERNAL_FINANCIAL_CAPACITY,CPU_VIX_CONTINUOUS,67,-0.0030001769125044386
INTERNAL_FINANCIAL_CAPACITY,CPU_VIX_CONTINUOUS,68,-0.007875370097703352
INTERNAL_FINANCIAL_CAPACITY,CPU_VIX_CONTINUOUS,69,-0.0011245985595085368
INTERNAL_FINANCIAL_CAPACITY,CPU_VIX_CONTINUOUS,70,-0.005248878825283263
INTERNAL_FINANCIAL_CAPACITY,CPU_VIX_CONTINUOUS,71,-0.0016971476526709943
INTERNAL_FINANCIAL_CAPACITY,CPU_VIX_CONTINUOUS,72,-0.002345839374536852
INTERNAL_FINANCIAL_CAPACITY,CPU_VIX_CONTINUOUS,73,-0.0043693799035483235
INTERNAL_FINANCIAL_CAPACITY,CPU_VIX_CONTINUOUS,74,-0.006050931828757391
INTERNAL_FINANCIAL_CAPACITY,CPU_VIX_CONTINUOUS,75,-0.003248741174824786
INTERNAL_FINANCIAL_CAPACITY,CPU_VIX_CONTINUOUS,76,-0.00011508863972244962
INTERNAL_FINANCIAL_CAPACITY,CPU_VIX_CONTINUOUS,77,-0.0005727948217409507
INTERNAL_FINANCIAL_CAPACITY,CPU_VIX_CONTINUOUS,78,-0.0004265048747524844
INTERNAL_FINANCIAL_CAPACITY,CPU_VIX_CONTINUOUS,79,-0.0037389948016643268
INTERNAL_FINANCIAL_CAPACITY,CPU_VIX_CONTINUOUS,80,0.0003684438925109562
INTERNAL_FINANCIAL_CAPACITY,CPU_VIX_CONTINUOUS,81,-0.002426254934374999
INTERNAL_FINANCIAL_CAPACITY,CPU_VIX_CONTINUOUS,82,-0.003327834600675196
INTERNAL_FINANCIAL_CAPACITY,CPU_VIX_CONTINUOUS,83,-0.004202584378194233
INTERNAL_FINANCIAL_CAPACITY,CPU_VIX_CONTINUOUS,84,-0.004975154869207354
INTERNAL_FINANCIAL_CAPACITY,CPU_VIX_CONTINUOUS,85,-0.005821656736265496
INTERNAL_FINANCIAL_CAPACITY,CPU_VIX_CONTINUOUS,86,-0.005938068561085073
INTERNAL_FINANCIAL_CAPACITY,CPU_VIX_CONTINUOUS,87,-0.0014395063052507321
INTERNAL_FINANCIAL_CAPACITY,CPU_VIX_CONTINUOUS,88,-0.004476977125296679
INTERNAL_FINANCIAL_CAPACITY,CPU_VIX_CONTINUOUS,89,-0.0006337081120381223
INTERNAL_FINANCIAL_CAPACITY,CPU_VIX_CONTINUOUS,90,0.0011975489363077862
INTERNAL_FINANCIAL_CAPACITY,CPU_VIX_CONTINUOUS,91,-0.0013301228618485986
INTERNAL_FINANCIAL_CAPACITY,CPU_VIX_CONTINUOUS,92,-0.0014013387220206002
INTERNAL_FINANCIAL_CAPACITY,CPU_VIX_CONTINUOUS,93,-0.003871625232970496
INTERNAL_FINANCIAL_CAPACITY,CPU_VIX_CONTINUOUS,94,-0.003602456743968318
INTERNAL_FINANCIAL_CAPACITY,CPU_VIX_CONTINUOUS,95,-0.001512092523240347
INTERNAL_FINANCIAL_CAPACITY,CPU_VIX_CONTINUOUS,96,-0.0029771490218069296
INTERNAL_FINANCIAL_CAPACITY,CPU_VIX_CONTINUOUS,97,-0.0019080392635933228
INTERNAL_FINANCIAL_CAPACITY,CPU_VIX_CONTINUOUS,98,-0.0022457259154426428
INTERNAL_FINANCIAL_CAPACITY,CPU_VIX_CONTINUOUS,99,-0.00249226725270225
PORTFOLIO_CONCENTRATION_FINAL,CPU_AND_VIX_STRESS,1,-0.002432743103476742
PORTFOLIO_CONCENTRATION_FINAL,CPU_AND_VIX_STRESS,2,-0.0012568783810793516
PORTFOLIO_CONCENTRATION_FINAL,CPU_AND_VIX_STRESS,3,-0.006782910343296367
PORTFOLIO_CONCENTRATION_FINAL,CPU_AND_VIX_STRESS,4,0.0034042579295875397
PORTFOLIO_CONCENTRATION_FINAL,CPU_AND_VIX_STRESS,5,-0.006757858200204581
PORTFOLIO_CONCENTRATION_FINAL,CPU_AND_VIX_STRESS,6,-0.00577551795102238
PORTFOLIO_CONCENTRATION_FINAL,CPU_AND_VIX_STRESS,7,-0.008812418560780709
PORTFOLIO_CONCENTRATION_FINAL,CPU_AND_VIX_STRESS,8,-0.006441353699907282
PORTFOLIO_CONCENTRATION_FINAL,CPU_AND_VIX_STRESS,9,-0.006689308326101706
PORTFOLIO_CONCENTRATION_FINAL,CPU_AND_VIX_STRESS,10,-0.007348629822057973
PORTFOLIO_CONCENTRATION_FINAL,CPU_AND_VIX_STRESS,11,0.004910607819189394
PORTFOLIO_CONCENTRATION_FINAL,CPU_AND_VIX_STRESS,12,-0.005221376083760276
PORTFOLIO_CONCENTRATION_FINAL,CPU_AND_VIX_STRESS,13,-0.000927986066368014
PORTFOLIO_CONCENTRATION_FINAL,CPU_AND_VIX_STRESS,14,-0.006966417090995547
PORTFOLIO_CONCENTRATION_FINAL,CPU_AND_VIX_STRESS,15,-0.003465052334303831
PORTFOLIO_CONCENTRATION_FINAL,CPU_AND_VIX_STRESS,16,-0.008490803554801474
PORTFOLIO_CONCENTRATION_FINAL,CPU_AND_VIX_STRESS,17,-0.003918761657946024
PORTFOLIO_CONCENTRATION_FINAL,CPU_AND_VIX_STRESS,18,-0.0002625236913527118
PORTFOLIO_CONCENTRATION_FINAL,CPU_AND_VIX_STRESS,19,0.0016138737680190252
PORTFOLIO_CONCENTRATION_FINAL,CPU_AND_VIX_STRESS,20,-0.0020996427040678722
PORTFOLIO_CONCENTRATION_FINAL,CPU_AND_VIX_STRESS,21,0.005047074972545418
PORTFOLIO_CONCENTRATION_FINAL,CPU_AND_VIX_STRESS,22,-0.008074779857954129
PORTFOLIO_CONCENTRATION_FINAL,CPU_AND_VIX_STRESS,23,-0.002536451301812015
PORTFOLIO_CONCENTRATION_FINAL,CPU_AND_VIX_STRESS,24,-0.001919120669525487
PORTFOLIO_CONCENTRATION_FINAL,CPU_AND_VIX_STRESS,25,-0.005924647424429219
PORTFOLIO_CONCENTRATION_FINAL,CPU_AND_VIX_STRESS,26,-0.002810349018948388
PORTFOLIO_CONCENTRATION_FINAL,CPU_AND_VIX_STRESS,27,-0.0027642662125879625
PORTFOLIO_CONCENTRATION_FINAL,CPU_AND_VIX_STRESS,28,-0.010657880375743112
PORTFOLIO_CONCENTRATION_FINAL,CPU_AND_VIX_STRESS,29,-0.0037548706948520305
PORTFOLIO_CONCENTRATION_FINAL,CPU_AND_VIX_STRESS,30,-0.0019022059220228371
PORTFOLIO_CONCENTRATION_FINAL,CPU_AND_VIX_STRESS,31,-0.0031964995973610133
PORTFOLIO_CONCENTRATION_FINAL,CPU_AND_VIX_STRESS,32,0.0059713675732810945
PORTFOLIO_CONCENTRATION_FINAL,CPU_AND_VIX_STRESS,33,-0.0010661224492235551
PORTFOLIO_CONCENTRATION_FINAL,CPU_AND_VIX_STRESS,34,0.002433050944417703
PORTFOLIO_CONCENTRATION_FINAL,CPU_AND_VIX_STRESS,35,-0.004445910545026681
PORTFOLIO_CONCENTRATION_FINAL,CPU_AND_VIX_STRESS,36,-0.0014619069707056953
PORTFOLIO_CONCENTRATION_FINAL,CPU_AND_VIX_STRESS,37,-0.002667680829164354
PORTFOLIO_CONCENTRATION_FINAL,CPU_AND_VIX_STRESS,38,-0.0028504800047871037
PORTFOLIO_CONCENTRATION_FINAL,CPU_AND_VIX_STRESS,39,-0.003541235554600939
PORTFOLIO_CONCENTRATION_FINAL,CPU_AND_VIX_STRESS,40,-0.0013821071724162692
PORTFOLIO_CONCENTRATION_FINAL,CPU_AND_VIX_STRESS,41,-0.003203145565545462
PORTFOLIO_CONCENTRATION_FINAL,CPU_AND_VIX_STRESS,42,-0.0008952827067553459
PORTFOLIO_CONCENTRATION_FINAL,CPU_AND_VIX_STRESS,43,-0.010870376826833006
PORTFOLIO_CONCENTRATION_FINAL,CPU_AND_VIX_STRESS,44,-0.005306575075982645
PORTFOLIO_CONCENTRATION_FINAL,CPU_AND_VIX_STRESS,45,-0.007023303978789086
PORTFOLIO_CONCENTRATION_FINAL,CPU_AND_VIX_STRESS,46,-0.007438858289207005
PORTFOLIO_CONCENTRATION_FINAL,CPU_AND_VIX_STRESS,47,-0.0021291962715870305
PORTFOLIO_CONCENTRATION_FINAL,CPU_AND_VIX_STRESS,48,-0.0043774683542952
PORTFOLIO_CONCENTRATION_FINAL,CPU_AND_VIX_STRESS,49,-0.0046022525321803565
PORTFOLIO_CONCENTRATION_FINAL,CPU_AND_VIX_STRESS,50,0.00033794054184665967
PORTFOLIO_CONCENTRATION_FINAL,CPU_AND_VIX_STRESS,51,-0.008878341105597265
PORTFOLIO_CONCENTRATION_FINAL,CPU_AND_VIX_STRESS,52,0.005055250702671016
PORTFOLIO_CONCENTRATION_FINAL,CPU_AND_VIX_STRESS,53,0.00257926272539908
PORTFOLIO_CONCENTRATION_FINAL,CPU_AND_VIX_STRESS,54,0.00291145592983888
PORTFOLIO_CONCENTRATION_FINAL,CPU_AND_VIX_STRESS,55,-0.0069700856798058375
PORTFOLIO_CONCENTRATION_FINAL,CPU_AND_VIX_STRESS,56,-0.0008620798861518342
PORTFOLIO_CONCENTRATION_FINAL,CPU_AND_VIX_STRESS,57,-0.008668023771351174
PORTFOLIO_CONCENTRATION_FINAL,CPU_AND_VIX_STRESS,58,-0.0023944441806297845
PORTFOLIO_CONCENTRATION_FINAL,CPU_AND_VIX_STRESS,59,0.0035744104887920347
PORTFOLIO_CONCENTRATION_FINAL,CPU_AND_VIX_STRESS,60,-0.006371796678162234
PORTFOLIO_CONCENTRATION_FINAL,CPU_AND_VIX_STRESS,61,-0.0021582090024468703
PORTFOLIO_CONCENTRATION_FINAL,CPU_AND_VIX_STRESS,62,-0.005190728967530589
PORTFOLIO_CONCENTRATION_FINAL,CPU_AND_VIX_STRESS,63,-0.00683951964935256
PORTFOLIO_CONCENTRATION_FINAL,CPU_AND_VIX_STRESS,64,-0.004442595820683737
PORTFOLIO_CONCENTRATION_FINAL,CPU_AND_VIX_STRESS,65,-0.008298654889349777
PORTFOLIO_CONCENTRATION_FINAL,CPU_AND_VIX_STRESS,66,-0.0015214662561535697
PORTFOLIO_CONCENTRATION_FINAL,CPU_AND_VIX_STRESS,67,-0.006342946727919501
PORTFOLIO_CONCENTRATION_FINAL,CPU_AND_VIX_STRESS,68,0.00022039512020977092
PORTFOLIO_CONCENTRATION_FINAL,CPU_AND_VIX_STRESS,69,0.000760055345978651
PORTFOLIO_CONCENTRATION_FINAL,CPU_AND_VIX_STRESS,70,-0.004246863755464236
PORTFOLIO_CONCENTRATION_FINAL,CPU_AND_VIX_STRESS,71,-0.004579045164726292
PORTFOLIO_CONCENTRATION_FINAL,CPU_AND_VIX_STRESS,72,-0.0004567466976101997
PORTFOLIO_CONCENTRATION_FINAL,CPU_AND_VIX_STRESS,73,-0.0009460621654344692
PORTFOLIO_CONCENTRATION_FINAL,CPU_AND_VIX_STRESS,74,0.0026669226968139004
PORTFOLIO_CONCENTRATION_FINAL,CPU_AND_VIX_STRESS,75,-0.0038050973805410226
PORTFOLIO_CONCENTRATION_FINAL,CPU_AND_VIX_STRESS,76,0.00015147154527861417
PORTFOLIO_CONCENTRATION_FINAL,CPU_AND_VIX_STRESS,77,-0.005158652834523353
PORTFOLIO_CONCENTRATION_FINAL,CPU_AND_VIX_STRESS,78,-0.004376247213496498
PORTFOLIO_CONCENTRATION_FINAL,CPU_AND_VIX_STRESS,79,-0.01024001320973511
PORTFOLIO_CONCENTRATION_FINAL,CPU_AND_VIX_STRESS,80,0.002076834287455309
PORTFOLIO_CONCENTRATION_FINAL,CPU_AND_VIX_STRESS,81,-0.005299520863785656
PORTFOLIO_CONCENTRATION_FINAL,CPU_AND_VIX_STRESS,82,-0.004595495121428317
PORTFOLIO_CONCENTRATION_FINAL,CPU_AND_VIX_STRESS,83,0.0023058817630434714
PORTFOLIO_CONCENTRATION_FINAL,CPU_AND_VIX_STRESS,84,-0.007418079717293163
PORTFOLIO_CONCENTRATION_FINAL,CPU_AND_VIX_STRESS,85,0.000869414052158124
PORTFOLIO_CONCENTRATION_FINAL,CPU_AND_VIX_STRESS,86,-0.003511850461004773
PORTFOLIO_CONCENTRATION_FINAL,CPU_AND_VIX_STRESS,87,-0.006912333318179322
PORTFOLIO_CONCENTRATION_FINAL,CPU_AND_VIX_STRESS,88,-0.008095278641247261
PORTFOLIO_CONCENTRATION_FINAL,CPU_AND_VIX_STRESS,89,-0.013331051035486596
PORTFOLIO_CONCENTRATION_FINAL,CPU_AND_VIX_STRESS,90,-0.002772209075047223
PORTFOLIO_CONCENTRATION_FINAL,CPU_AND_VIX_STRESS,91,-0.010829678901389445
PORTFOLIO_CONCENTRATION_FINAL,CPU_AND_VIX_STRESS,92,7.61226067231835e-05
PORTFOLIO_CONCENTRATION_FINAL,CPU_AND_VIX_STRESS,93,-0.007668053923477913
PORTFOLIO_CONCENTRATION_FINAL,CPU_AND_VIX_STRESS,94,-0.0017587841299810947
PORTFOLIO_CONCENTRATION_FINAL,CPU_AND_VIX_STRESS,95,-0.0033795742215307345
PORTFOLIO_CONCENTRATION_FINAL,CPU_AND_VIX_STRESS,96,-0.006212920713478454
PORTFOLIO_CONCENTRATION_FINAL,CPU_AND_VIX_STRESS,97,-1.0707586086067256e-05
PORTFOLIO_CONCENTRATION_FINAL,CPU_AND_VIX_STRESS,98,-0.000916573267640608
PORTFOLIO_CONCENTRATION_FINAL,CPU_AND_VIX_STRESS,99,-0.01023478791464505
PORTFOLIO_CONCENTRATION_FINAL,CPU_VIX_CONTINUOUS,1,-0.0006246771828408715
PORTFOLIO_CONCENTRATION_FINAL,CPU_VIX_CONTINUOUS,2,4.2953250185968385e-05
PORTFOLIO_CONCENTRATION_FINAL,CPU_VIX_CONTINUOUS,3,-0.0036520935588270484
PORTFOLIO_CONCENTRATION_FINAL,CPU_VIX_CONTINUOUS,4,-0.001106784464021987
PORTFOLIO_CONCENTRATION_FINAL,CPU_VIX_CONTINUOUS,5,-0.0006295654447018295
PORTFOLIO_CONCENTRATION_FINAL,CPU_VIX_CONTINUOUS,6,0.00028915235444770815
PORTFOLIO_CONCENTRATION_FINAL,CPU_VIX_CONTINUOUS,7,-0.0028874673798845243
PORTFOLIO_CONCENTRATION_FINAL,CPU_VIX_CONTINUOUS,8,0.0003291516501613412
PORTFOLIO_CONCENTRATION_FINAL,CPU_VIX_CONTINUOUS,9,0.0001149774492918143
PORTFOLIO_CONCENTRATION_FINAL,CPU_VIX_CONTINUOUS,10,-0.0036930597083711936
PORTFOLIO_CONCENTRATION_FINAL,CPU_VIX_CONTINUOUS,11,-0.00033346377058932064
PORTFOLIO_CONCENTRATION_FINAL,CPU_VIX_CONTINUOUS,12,-0.0025856176832725897
PORTFOLIO_CONCENTRATION_FINAL,CPU_VIX_CONTINUOUS,13,-0.0035302523762732463
PORTFOLIO_CONCENTRATION_FINAL,CPU_VIX_CONTINUOUS,14,0.0008791617172085008
PORTFOLIO_CONCENTRATION_FINAL,CPU_VIX_CONTINUOUS,15,-0.0002135512572869619
PORTFOLIO_CONCENTRATION_FINAL,CPU_VIX_CONTINUOUS,16,-0.0008773664421812821
PORTFOLIO_CONCENTRATION_FINAL,CPU_VIX_CONTINUOUS,17,0.0008193607827428617
PORTFOLIO_CONCENTRATION_FINAL,CPU_VIX_CONTINUOUS,18,-0.0014017712814586025
PORTFOLIO_CONCENTRATION_FINAL,CPU_VIX_CONTINUOUS,19,-0.0006972162087788281
PORTFOLIO_CONCENTRATION_FINAL,CPU_VIX_CONTINUOUS,20,-0.003545142285113701
PORTFOLIO_CONCENTRATION_FINAL,CPU_VIX_CONTINUOUS,21,-0.001362009386701668
PORTFOLIO_CONCENTRATION_FINAL,CPU_VIX_CONTINUOUS,22,0.0007731159576760509
PORTFOLIO_CONCENTRATION_FINAL,CPU_VIX_CONTINUOUS,23,-0.0012604290065231227
PORTFOLIO_CONCENTRATION_FINAL,CPU_VIX_CONTINUOUS,24,-0.0027717757463653417
PORTFOLIO_CONCENTRATION_FINAL,CPU_VIX_CONTINUOUS,25,-0.00017954496846289691
PORTFOLIO_CONCENTRATION_FINAL,CPU_VIX_CONTINUOUS,26,0.0002657118127741276
PORTFOLIO_CONCENTRATION_FINAL,CPU_VIX_CONTINUOUS,27,-0.0035264920387488297
PORTFOLIO_CONCENTRATION_FINAL,CPU_VIX_CONTINUOUS,28,-0.0008756030863140141
PORTFOLIO_CONCENTRATION_FINAL,CPU_VIX_CONTINUOUS,29,-0.000483725468104268
PORTFOLIO_CONCENTRATION_FINAL,CPU_VIX_CONTINUOUS,30,-0.0018990107764733644
PORTFOLIO_CONCENTRATION_FINAL,CPU_VIX_CONTINUOUS,31,4.198918717723821e-05
PORTFOLIO_CONCENTRATION_FINAL,CPU_VIX_CONTINUOUS,32,0.00037608142693053986
PORTFOLIO_CONCENTRATION_FINAL,CPU_VIX_CONTINUOUS,33,-0.0013752498828704723
PORTFOLIO_CONCENTRATION_FINAL,CPU_VIX_CONTINUOUS,34,0.0005907597778891729
PORTFOLIO_CONCENTRATION_FINAL,CPU_VIX_CONTINUOUS,35,-0.004111197480277662
PORTFOLIO_CONCENTRATION_FINAL,CPU_VIX_CONTINUOUS,36,-0.0013565424737551623
PORTFOLIO_CONCENTRATION_FINAL,CPU_VIX_CONTINUOUS,37,-0.0021172880699987795
PORTFOLIO_CONCENTRATION_FINAL,CPU_VIX_CONTINUOUS,38,-0.0001537440588706973
PORTFOLIO_CONCENTRATION_FINAL,CPU_VIX_CONTINUOUS,39,0.00018411561534342757
PORTFOLIO_CONCENTRATION_FINAL,CPU_VIX_CONTINUOUS,40,-0.0006489112645798878
PORTFOLIO_CONCENTRATION_FINAL,CPU_VIX_CONTINUOUS,41,-0.0004945085736216548
PORTFOLIO_CONCENTRATION_FINAL,CPU_VIX_CONTINUOUS,42,-0.0025754493410783327
PORTFOLIO_CONCENTRATION_FINAL,CPU_VIX_CONTINUOUS,43,-0.00015878305351274546
PORTFOLIO_CONCENTRATION_FINAL,CPU_VIX_CONTINUOUS,44,0.00020594856923350502
PORTFOLIO_CONCENTRATION_FINAL,CPU_VIX_CONTINUOUS,45,-4.644065872329295e-05
PORTFOLIO_CONCENTRATION_FINAL,CPU_VIX_CONTINUOUS,46,-0.0010249421944293347
PORTFOLIO_CONCENTRATION_FINAL,CPU_VIX_CONTINUOUS,47,-0.002519882522141137
PORTFOLIO_CONCENTRATION_FINAL,CPU_VIX_CONTINUOUS,48,-0.0023765498435288634
PORTFOLIO_CONCENTRATION_FINAL,CPU_VIX_CONTINUOUS,49,-9.76535276150381e-05
PORTFOLIO_CONCENTRATION_FINAL,CPU_VIX_CONTINUOUS,50,0.00014028997535494095
PORTFOLIO_CONCENTRATION_FINAL,CPU_VIX_CONTINUOUS,51,-0.000832222778344216
PORTFOLIO_CONCENTRATION_FINAL,CPU_VIX_CONTINUOUS,52,-0.000365728035364425
PORTFOLIO_CONCENTRATION_FINAL,CPU_VIX_CONTINUOUS,53,-0.0006962714262526704
PORTFOLIO_CONCENTRATION_FINAL,CPU_VIX_CONTINUOUS,54,-0.0011232013801235896
PORTFOLIO_CONCENTRATION_FINAL,CPU_VIX_CONTINUOUS,55,-0.0013857347729174796
PORTFOLIO_CONCENTRATION_FINAL,CPU_VIX_CONTINUOUS,56,0.0005736165224672352
PORTFOLIO_CONCENTRATION_FINAL,CPU_VIX_CONTINUOUS,57,-0.0008837006979025563
PORTFOLIO_CONCENTRATION_FINAL,CPU_VIX_CONTINUOUS,58,0.0003005124201606313
PORTFOLIO_CONCENTRATION_FINAL,CPU_VIX_CONTINUOUS,59,0.000411728514404075
PORTFOLIO_CONCENTRATION_FINAL,CPU_VIX_CONTINUOUS,60,-3.253387604529312e-05
PORTFOLIO_CONCENTRATION_FINAL,CPU_VIX_CONTINUOUS,61,-0.0007605502441122569
PORTFOLIO_CONCENTRATION_FINAL,CPU_VIX_CONTINUOUS,62,0.0003633623944738762
PORTFOLIO_CONCENTRATION_FINAL,CPU_VIX_CONTINUOUS,63,0.0003387097349636212
PORTFOLIO_CONCENTRATION_FINAL,CPU_VIX_CONTINUOUS,64,0.0005236588300441825
PORTFOLIO_CONCENTRATION_FINAL,CPU_VIX_CONTINUOUS,65,0.0005928079333767551
PORTFOLIO_CONCENTRATION_FINAL,CPU_VIX_CONTINUOUS,66,0.0005238142984651528
PORTFOLIO_CONCENTRATION_FINAL,CPU_VIX_CONTINUOUS,67,0.000359069760574135
PORTFOLIO_CONCENTRATION_FINAL,CPU_VIX_CONTINUOUS,68,-0.0005855299331458674
PORTFOLIO_CONCENTRATION_FINAL,CPU_VIX_CONTINUOUS,69,-0.002504795871195009
PORTFOLIO_CONCENTRATION_FINAL,CPU_VIX_CONTINUOUS,70,-0.0013079576575842078
PORTFOLIO_CONCENTRATION_FINAL,CPU_VIX_CONTINUOUS,71,-0.001868384110721516
PORTFOLIO_CONCENTRATION_FINAL,CPU_VIX_CONTINUOUS,72,-0.0006452391972431859
PORTFOLIO_CONCENTRATION_FINAL,CPU_VIX_CONTINUOUS,73,-0.003560206338551697
PORTFOLIO_CONCENTRATION_FINAL,CPU_VIX_CONTINUOUS,74,-0.002963489764521543
PORTFOLIO_CONCENTRATION_FINAL,CPU_VIX_CONTINUOUS,75,-0.0007403423139877574
PORTFOLIO_CONCENTRATION_FINAL,CPU_VIX_CONTINUOUS,76,0.0012544290871725977
PORTFOLIO_CONCENTRATION_FINAL,CPU_VIX_CONTINUOUS,77,-0.0017134850943277269
PORTFOLIO_CONCENTRATION_FINAL,CPU_VIX_CONTINUOUS,78,-7.89532084453648e-05
PORTFOLIO_CONCENTRATION_FINAL,CPU_VIX_CONTINUOUS,79,-0.0006472856397501947
PORTFOLIO_CONCENTRATION_FINAL,CPU_VIX_CONTINUOUS,80,-0.0003866010291889016
PORTFOLIO_CONCENTRATION_FINAL,CPU_VIX_CONTINUOUS,81,0.0004962366232918944
PORTFOLIO_CONCENTRATION_FINAL,CPU_VIX_CONTINUOUS,82,-0.0011684701484855967
PORTFOLIO_CONCENTRATION_FINAL,CPU_VIX_CONTINUOUS,83,-0.001842239874678242
PORTFOLIO_CONCENTRATION_FINAL,CPU_VIX_CONTINUOUS,84,-0.0032408488429748195
PORTFOLIO_CONCENTRATION_FINAL,CPU_VIX_CONTINUOUS,85,0.0009995227317934896
PORTFOLIO_CONCENTRATION_FINAL,CPU_VIX_CONTINUOUS,86,-0.0003357652322436844
PORTFOLIO_CONCENTRATION_FINAL,CPU_VIX_CONTINUOUS,87,0.00029270138464954076
PORTFOLIO_CONCENTRATION_FINAL,CPU_VIX_CONTINUOUS,88,-0.0008702158836954854
PORTFOLIO_CONCENTRATION_FINAL,CPU_VIX_CONTINUOUS,89,-0.002794210190607327
PORTFOLIO_CONCENTRATION_FINAL,CPU_VIX_CONTINUOUS,90,-0.001234639542336241
PORTFOLIO_CONCENTRATION_FINAL,CPU_VIX_CONTINUOUS,91,-0.0018617100435575074
PORTFOLIO_CONCENTRATION_FINAL,CPU_VIX_CONTINUOUS,92,-0.00037664633038614337
PORTFOLIO_CONCENTRATION_FINAL,CPU_VIX_CONTINUOUS,93,-0.00031957600771506667
PORTFOLIO_CONCENTRATION_FINAL,CPU_VIX_CONTINUOUS,94,-0.0027141790408391486
PORTFOLIO_CONCENTRATION_FINAL,CPU_VIX_CONTINUOUS,95,-0.001050277117353171
PORTFOLIO_CONCENTRATION_FINAL,CPU_VIX_CONTINUOUS,96,-0.0011877648279227382
PORTFOLIO_CONCENTRATION_FINAL,CPU_VIX_CONTINUOUS,97,-0.0025684251409070075
PORTFOLIO_CONCENTRATION_FINAL,CPU_VIX_CONTINUOUS,98,-0.0020837746348782993
PORTFOLIO_CONCENTRATION_FINAL,CPU_VIX_CONTINUOUS,99,-0.003184512005851056
INTERNAL_FINANCIAL_CAPACITY,CPU_AND_VIX_STRESS,1,-0.034747331433857775
INTERNAL_FINANCIAL_CAPACITY,CPU_AND_VIX_STRESS,2,-0.015095287273280633
INTERNAL_FINANCIAL_CAPACITY,CPU_AND_VIX_STRESS,3,-0.010772262139669465
INTERNAL_FINANCIAL_CAPACITY,CPU_AND_VIX_STRESS,4,-0.025474257446079996
INTERNAL_FINANCIAL_CAPACITY,CPU_AND_VIX_STRESS,5,-0.019054594939676543
INTERNAL_FINANCIAL_CAPACITY,CPU_AND_VIX_STRESS,6,0.0018453696737614662
INTERNAL_FINANCIAL_CAPACITY,CPU_AND_VIX_STRESS,7,-0.0014027083302528447
INTERNAL_FINANCIAL_CAPACITY,CPU_AND_VIX_STRESS,8,-0.023718303570296643
INTERNAL_FINANCIAL_CAPACITY,CPU_AND_VIX_STRESS,9,-0.008370365324533575
INTERNAL_FINANCIAL_CAPACITY,CPU_AND_VIX_STRESS,10,-0.007428768311379108
INTERNAL_FINANCIAL_CAPACITY,CPU_AND_VIX_STRESS,11,-0.0266148878556789
INTERNAL_FINANCIAL_CAPACITY,CPU_AND_VIX_STRESS,12,-0.030359121007502387
INTERNAL_FINANCIAL_CAPACITY,CPU_AND_VIX_STRESS,13,-0.0180627309165865
INTERNAL_FINANCIAL_CAPACITY,CPU_AND_VIX_STRESS,14,-0.020835574567661636
INTERNAL_FINANCIAL_CAPACITY,CPU_AND_VIX_STRESS,15,-0.021531727050702873
INTERNAL_FINANCIAL_CAPACITY,CPU_AND_VIX_STRESS,16,-0.024251386439061322
INTERNAL_FINANCIAL_CAPACITY,CPU_AND_VIX_STRESS,17,-0.020601975850289028
INTERNAL_FINANCIAL_CAPACITY,CPU_AND_VIX_STRESS,18,0.002526914746681863
INTERNAL_FINANCIAL_CAPACITY,CPU_AND_VIX_STRESS,19,-0.012687933814254019
INTERNAL_FINANCIAL_CAPACITY,CPU_AND_VIX_STRESS,20,-0.010359748674170206
INTERNAL_FINANCIAL_CAPACITY,CPU_AND_VIX_STRESS,21,-0.021494681419853758
INTERNAL_FINANCIAL_CAPACITY,CPU_AND_VIX_STRESS,22,-0.021994983168260755
INTERNAL_FINANCIAL_CAPACITY,CPU_AND_VIX_STRESS,23,-0.0321172285529811
INTERNAL_FINANCIAL_CAPACITY,CPU_AND_VIX_STRESS,24,0.013817232952330845
INTERNAL_FINANCIAL_CAPACITY,CPU_AND_VIX_STRESS,25,-0.017762010207727164
INTERNAL_FINANCIAL_CAPACITY,CPU_AND_VIX_STRESS,26,-0.01906985099254831
INTERNAL_FINANCIAL_CAPACITY,CPU_AND_VIX_STRESS,27,-0.007786423229154508
INTERNAL_FINANCIAL_CAPACITY,CPU_AND_VIX_STRESS,28,-0.01440884108544163
INTERNAL_FINANCIAL_CAPACITY,CPU_AND_VIX_STRESS,29,-0.014443668628012444
INTERNAL_FINANCIAL_CAPACITY,CPU_AND_VIX_STRESS,30,-0.01910531501466544
INTERNAL_FINANCIAL_CAPACITY,CPU_AND_VIX_STRESS,31,-0.010271324998293974
INTERNAL_FINANCIAL_CAPACITY,CPU_AND_VIX_STRESS,32,-0.02400939384168148
INTERNAL_FINANCIAL_CAPACITY,CPU_AND_VIX_STRESS,33,-0.0125805087380057
INTERNAL_FINANCIAL_CAPACITY,CPU_AND_VIX_STRESS,34,-0.022943688241247755
INTERNAL_FINANCIAL_CAPACITY,CPU_AND_VIX_STRESS,35,-0.018762740017508907
INTERNAL_FINANCIAL_CAPACITY,CPU_AND_VIX_STRESS,36,0.0009348757435112632
INTERNAL_FINANCIAL_CAPACITY,CPU_AND_VIX_STRESS,37,-0.014334980632425165
INTERNAL_FINANCIAL_CAPACITY,CPU_AND_VIX_STRESS,38,-0.017600699279104674
INTERNAL_FINANCIAL_CAPACITY,CPU_AND_VIX_STRESS,39,-0.015400096050794718
INTERNAL_FINANCIAL_CAPACITY,CPU_AND_VIX_STRESS,40,-0.02056078331763914
INTERNAL_FINANCIAL_CAPACITY,CPU_AND_VIX_STRESS,41,-0.023118954425029457
INTERNAL_FINANCIAL_CAPACITY,CPU_AND_VIX_STRESS,42,-0.016085742641072976
INTERNAL_FINANCIAL_CAPACITY,CPU_AND_VIX_STRESS,43,-0.014137364000361221
INTERNAL_FINANCIAL_CAPACITY,CPU_AND_VIX_STRESS,44,-0.012679561844850378
INTERNAL_FINANCIAL_CAPACITY,CPU_AND_VIX_STRESS,45,-0.01972694668463198
INTERNAL_FINANCIAL_CAPACITY,CPU_AND_VIX_STRESS,46,-0.0234253519256607
INTERNAL_FINANCIAL_CAPACITY,CPU_AND_VIX_STRESS,47,-0.005715054022576049
INTERNAL_FINANCIAL_CAPACITY,CPU_AND_VIX_STRESS,48,-0.031482434359686
INTERNAL_FINANCIAL_CAPACITY,CPU_AND_VIX_STRESS,49,-0.021302091221769796
INTERNAL_FINANCIAL_CAPACITY,CPU_AND_VIX_STRESS,50,-0.018848989931225846
INTERNAL_FINANCIAL_CAPACITY,CPU_AND_VIX_STRESS,51,-0.01051327479241773
INTERNAL_FINANCIAL_CAPACITY,CPU_AND_VIX_STRESS,52,-0.022829910944541183
INTERNAL_FINANCIAL_CAPACITY,CPU_AND_VIX_STRESS,53,-0.013080941019354654
INTERNAL_FINANCIAL_CAPACITY,CPU_AND_VIX_STRESS,54,-0.009794104354358471
INTERNAL_FINANCIAL_CAPACITY,CPU_AND_VIX_STRESS,55,-0.015651558458204415
INTERNAL_FINANCIAL_CAPACITY,CPU_AND_VIX_STRESS,56,-0.017504665954223887
INTERNAL_FINANCIAL_CAPACITY,CPU_AND_VIX_STRESS,57,-0.03152387953563314
INTERNAL_FINANCIAL_CAPACITY,CPU_AND_VIX_STRESS,58,-0.011860462197069651
INTERNAL_FINANCIAL_CAPACITY,CPU_AND_VIX_STRESS,59,-0.013394197537557318
INTERNAL_FINANCIAL_CAPACITY,CPU_AND_VIX_STRESS,60,-0.018489306771368157
INTERNAL_FINANCIAL_CAPACITY,CPU_AND_VIX_STRESS,61,-0.02490832912396516
INTERNAL_FINANCIAL_CAPACITY,CPU_AND_VIX_STRESS,62,-0.017421144194683248
INTERNAL_FINANCIAL_CAPACITY,CPU_AND_VIX_STRESS,63,-0.023336935465908093
INTERNAL_FINANCIAL_CAPACITY,CPU_AND_VIX_STRESS,64,-0.022537427877802354
INTERNAL_FINANCIAL_CAPACITY,CPU_AND_VIX_STRESS,65,-0.014454445437451637
INTERNAL_FINANCIAL_CAPACITY,CPU_AND_VIX_STRESS,66,-0.018401089525547983
INTERNAL_FINANCIAL_CAPACITY,CPU_AND_VIX_STRESS,67,-0.02368545741689898
INTERNAL_FINANCIAL_CAPACITY,CPU_AND_VIX_STRESS,68,-0.013695406010878111
INTERNAL_FINANCIAL_CAPACITY,CPU_AND_VIX_STRESS,69,-0.00544917743539707
INTERNAL_FINANCIAL_CAPACITY,CPU_AND_VIX_STRESS,70,-0.015732742945956092
INTERNAL_FINANCIAL_CAPACITY,CPU_AND_VIX_STRESS,71,-0.012695983877385682
INTERNAL_FINANCIAL_CAPACITY,CPU_AND_VIX_STRESS,72,-0.017277410611024818
INTERNAL_FINANCIAL_CAPACITY,CPU_AND_VIX_STRESS,73,-0.008594180298645572
INTERNAL_FINANCIAL_CAPACITY,CPU_AND_VIX_STRESS,74,-0.022249257364449694
INTERNAL_FINANCIAL_CAPACITY,CPU_AND_VIX_STRESS,75,-0.025449901755336717
INTERNAL_FINANCIAL_CAPACITY,CPU_AND_VIX_STRESS,76,0.005291373034071924
INTERNAL_FINANCIAL_CAPACITY,CPU_AND_VIX_STRESS,77,-0.009036930619182716
INTERNAL_FINANCIAL_CAPACITY,CPU_AND_VIX_STRESS,78,-0.008876089583177333
INTERNAL_FINANCIAL_CAPACITY,CPU_AND_VIX_STRESS,79,-0.03126345645471762
INTERNAL_FINANCIAL_CAPACITY,CPU_AND_VIX_STRESS,80,-0.01837956057011124
INTERNAL_FINANCIAL_CAPACITY,CPU_AND_VIX_STRESS,81,0.0035882917522868326
INTERNAL_FINANCIAL_CAPACITY,CPU_AND_VIX_STRESS,82,-0.02784595762333202
INTERNAL_FINANCIAL_CAPACITY,CPU_AND_VIX_STRESS,83,0.005130224868772965
INTERNAL_FINANCIAL_CAPACITY,CPU_AND_VIX_STRESS,84,-0.018232346081458642
INTERNAL_FINANCIAL_CAPACITY,CPU_AND_VIX_STRESS,85,-0.030569948415837378
INTERNAL_FINANCIAL_CAPACITY,CPU_AND_VIX_STRESS,86,-0.02389092629517865
INTERNAL_FINANCIAL_CAPACITY,CPU_AND_VIX_STRESS,87,-0.02123979565336039
INTERNAL_FINANCIAL_CAPACITY,CPU_AND_VIX_STRESS,88,-0.007463889792623092
INTERNAL_FINANCIAL_CAPACITY,CPU_AND_VIX_STRESS,89,-0.004202596463403241
INTERNAL_FINANCIAL_CAPACITY,CPU_AND_VIX_STRESS,90,0.004627714358821821
INTERNAL_FINANCIAL_CAPACITY,CPU_AND_VIX_STRESS,91,-0.020483130785768723
INTERNAL_FINANCIAL_CAPACITY,CPU_AND_VIX_STRESS,92,-0.01640484136729428
INTERNAL_FINANCIAL_CAPACITY,CPU_AND_VIX_STRESS,93,-0.005065760253626378
INTERNAL_FINANCIAL_CAPACITY,CPU_AND_VIX_STRESS,94,-0.006694865372120372
INTERNAL_FINANCIAL_CAPACITY,CPU_AND_VIX_STRESS,95,-0.0007923695626262233
INTERNAL_FINANCIAL_CAPACITY,CPU_AND_VIX_STRESS,96,-0.01796254503364815
INTERNAL_FINANCIAL_CAPACITY,CPU_AND_VIX_STRESS,97,-0.024635852979579768
INTERNAL_FINANCIAL_CAPACITY,CPU_AND_VIX_STRESS,98,-0.017998848941857874
INTERNAL_FINANCIAL_CAPACITY,CPU_AND_VIX_STRESS,99,-0.005548336344007932
