CHANNEL,TEST,HORIZON_MONTHS,CONTROL_LEVEL,ARCHITECTURE_COLUMN,MODEL_STATUS,COEFFICIENT,STANDARD_ERROR,T_STATISTIC,P_VALUE,CI_LOWER_95,CI_UPPER_95,N_OBSERVATIONS,N_ETFS,N_DATES,COVARIANCE_METHOD,MONTH_FE,COVARIANCE_STATUS,TARGET_VARIANCE,NEGATIVE_DIAGONAL_COUNT,ZERO_DIAGONAL_COUNT,NONFINITE_COV_ELEMENTS,MIN_COV_EIGENVALUE,REGRESSORS,DESIGN_RANK,N_REGRESSORS,CONDITION_NUMBER,WITHIN_ITERATIONS,WITHIN_CONVERGENCE,DF_INFERENCE
INTERNAL_FINANCIAL_CAPACITY,CPU_VIX_CONTINUOUS,0,BASELINE,INTERNAL_FINANCIAL_CAPACITY_MAIN,RELIABLE_ESTIMATE,-9.613480630344334e-05,0.0017690354514320087,-0.05434306374449624,0.956718639679357,-0.0035854899928037596,0.0033932203801968733,1777,23,192,DATE_CLUSTER,False,VALID,3.1294864284232507e-06,0,0,0,1.9385320677645267e-07,CPU_Z|VIX_LEVEL_Z|CPU_X_VIX|CPU_X_ARCH|VIX_X_ARCH|CPU_VIX_X_ARCH|MARKET_RETURN|ENERGY_RETURN|TREASURY_RETURN|VIX_CHANGE,10,10,48.57442769879292,1,1.1027257391465399e-16,191
INTERNAL_FINANCIAL_CAPACITY,CPU_VIX_CONTINUOUS,0,COMMON_STYLE_CONTROLS,INTERNAL_FINANCIAL_CAPACITY_MAIN,RELIABLE_ESTIMATE,-9.134098295605524e-05,0.0017651897509275286,-0.05174570207427254,0.958785398204564,-0.003573110671387256,0.0033904287054751458,1777,23,192,DATE_CLUSTER,False,VALID,3.11589485677959e-06,0,0,0,1.7490292739039229e-07,CPU_Z|VIX_LEVEL_Z|CPU_X_VIX|CPU_X_ARCH|VIX_X_ARCH|CPU_VIX_X_ARCH|MARKET_RETURN|ENERGY_RETURN|TREASURY_RETURN|VIX_CHANGE|GROWTH_FACTOR|USO_RETURN,12,12,76.91245911214396,1,1.1027257391465399e-16,191
INTERNAL_FINANCIAL_CAPACITY,CPU_VIX_CONTINUOUS,0,ARCHITECTURE_FACTOR_BETAS,INTERNAL_FINANCIAL_CAPACITY_MAIN,RELIABLE_ESTIMATE,0.0008061426711759972,0.0012397365504702104,0.6502532097406029,0.5163100434812956,-0.0016391905519516125,0.003251475894303607,1777,23,192,DATE_CLUSTER,False,VALID,1.5369467145717768e-06,0,0,0,1.7108091288484166e-07,CPU_Z|VIX_LEVEL_Z|CPU_X_VIX|CPU_X_ARCH|VIX_X_ARCH|CPU_VIX_X_ARCH|MARKET_RETURN|ENERGY_RETURN|TREASURY_RETURN|VIX_CHANGE|GROWTH_FACTOR|USO_RETURN|MARKET_RETURN_X_ARCH_STYLE|GROWTH_FACTOR_X_ARCH_STYLE|ENERGY_RETURN_X_ARCH_STYLE|TREASURY_RETURN_X_ARCH_STYLE|USO_RETURN_X_ARCH_STYLE,17,17,134.3438048313496,1,1.1027257391465399e-16,191
INTERNAL_FINANCIAL_CAPACITY,CPU_VIX_CONTINUOUS,6,BASELINE,INTERNAL_FINANCIAL_CAPACITY_MAIN,RELIABLE_ESTIMATE,-0.008245085222975814,0.0055536631623527835,-1.4846210477559503,0.13934611293576232,-0.019201740367360186,0.0027115699214085576,1639,23,186,DK,False,VALID,3.0843174520874324e-05,0,0,0,3.3723919174610234e-06,CPU_Z|VIX_LEVEL_Z|CPU_X_VIX|CPU_X_ARCH|VIX_X_ARCH|CPU_VIX_X_ARCH|MARKET_RETURN|ENERGY_RETURN|TREASURY_RETURN|VIX_CHANGE,10,10,48.76140071406255,1,7.119245874808051e-17,185
INTERNAL_FINANCIAL_CAPACITY,CPU_VIX_CONTINUOUS,6,COMMON_STYLE_CONTROLS,INTERNAL_FINANCIAL_CAPACITY_MAIN,RELIABLE_ESTIMATE,-0.00827090278458604,0.005655990992444788,-1.4623260177808315,0.1453485771784905,-0.019429437429619903,0.0028876318604478222,1639,23,186,DK,False,VALID,3.199023410661658e-05,0,0,0,3.2677104146709614e-06,CPU_Z|VIX_LEVEL_Z|CPU_X_VIX|CPU_X_ARCH|VIX_X_ARCH|CPU_VIX_X_ARCH|MARKET_RETURN|ENERGY_RETURN|TREASURY_RETURN|VIX_CHANGE|GROWTH_FACTOR|USO_RETURN,12,12,76.52349317659306,1,7.119245874808051e-17,185
INTERNAL_FINANCIAL_CAPACITY,CPU_VIX_CONTINUOUS,6,ARCHITECTURE_FACTOR_BETAS,INTERNAL_FINANCIAL_CAPACITY_MAIN,RELIABLE_ESTIMATE,-0.010835964277251168,0.004355495302186436,-2.487883357792068,0.013735015950229227,-0.019428790059797533,-0.0022431384947048036,1639,23,186,DK,False,VALID,1.897033932736811e-05,0,0,0,1.4097763995477958e-06,CPU_Z|VIX_LEVEL_Z|CPU_X_VIX|CPU_X_ARCH|VIX_X_ARCH|CPU_VIX_X_ARCH|MARKET_RETURN|ENERGY_RETURN|TREASURY_RETURN|VIX_CHANGE|GROWTH_FACTOR|USO_RETURN|MARKET_RETURN_X_ARCH_STYLE|GROWTH_FACTOR_X_ARCH_STYLE|ENERGY_RETURN_X_ARCH_STYLE|TREASURY_RETURN_X_ARCH_STYLE|USO_RETURN_X_ARCH_STYLE,17,17,134.15736915636083,1,7.119245874808051e-17,185
INTERNAL_FINANCIAL_CAPACITY,CPU_VIX_CONTINUOUS,9,BASELINE,INTERNAL_FINANCIAL_CAPACITY_MAIN,RELIABLE_ESTIMATE,-0.002940628201893465,0.00646056011807744,-0.45516613856207705,0.6495322254499896,-0.015687856501543425,0.009806600097756494,1570,23,183,DK,False,VALID,4.173883703929279e-05,0,0,0,6.289871832544878e-06,CPU_Z|VIX_LEVEL_Z|CPU_X_VIX|CPU_X_ARCH|VIX_X_ARCH|CPU_VIX_X_ARCH|MARKET_RETURN|ENERGY_RETURN|TREASURY_RETURN|VIX_CHANGE,10,10,48.26761884757776,1,8.07917073652383e-17,182
INTERNAL_FINANCIAL_CAPACITY,CPU_VIX_CONTINUOUS,9,COMMON_STYLE_CONTROLS,INTERNAL_FINANCIAL_CAPACITY_MAIN,RELIABLE_ESTIMATE,-0.0034822748905662324,0.006428664908290044,-0.5416793284832263,0.5887019374654697,-0.01616657125964139,0.009202021478508926,1570,23,183,DK,False,VALID,4.132773250307984e-05,0,0,0,4.669988945748579e-06,CPU_Z|VIX_LEVEL_Z|CPU_X_VIX|CPU_X_ARCH|VIX_X_ARCH|CPU_VIX_X_ARCH|MARKET_RETURN|ENERGY_RETURN|TREASURY_RETURN|VIX_CHANGE|GROWTH_FACTOR|USO_RETURN,12,12,73.42122794159354,1,8.07917073652383e-17,182
INTERNAL_FINANCIAL_CAPACITY,CPU_VIX_CONTINUOUS,9,ARCHITECTURE_FACTOR_BETAS,INTERNAL_FINANCIAL_CAPACITY_MAIN,RELIABLE_ESTIMATE,-0.004983285035995771,0.006429669992554761,-0.775045226546023,0.4393187416890207,-0.017669564520830024,0.007702994448838483,1570,23,183,DK,False,VALID,4.134065621315915e-05,0,0,0,2.199916620571253e-06,CPU_Z|VIX_LEVEL_Z|CPU_X_VIX|CPU_X_ARCH|VIX_X_ARCH|CPU_VIX_X_ARCH|MARKET_RETURN|ENERGY_RETURN|TREASURY_RETURN|VIX_CHANGE|GROWTH_FACTOR|USO_RETURN|MARKET_RETURN_X_ARCH_STYLE|GROWTH_FACTOR_X_ARCH_STYLE|ENERGY_RETURN_X_ARCH_STYLE|TREASURY_RETURN_X_ARCH_STYLE|USO_RETURN_X_ARCH_STYLE,17,17,129.0338667882504,1,8.07917073652383e-17,182
INTERNAL_FINANCIAL_CAPACITY,CPU_VIX_CONTINUOUS,12,BASELINE,INTERNAL_FINANCIAL_CAPACITY_MAIN,RELIABLE_ESTIMATE,-0.0034817924835048907,0.00820529141525327,-0.42433501838001686,0.6718310535959571,-0.01967333861947696,0.012709753652467182,1501,23,180,DK,False,VALID,6.7326807209229e-05,0,0,0,6.832008393917596e-06,CPU_Z|VIX_LEVEL_Z|CPU_X_VIX|CPU_X_ARCH|VIX_X_ARCH|CPU_VIX_X_ARCH|MARKET_RETURN|ENERGY_RETURN|TREASURY_RETURN|VIX_CHANGE,10,10,50.01916460946822,1,9.060780847207307e-17,179
INTERNAL_FINANCIAL_CAPACITY,CPU_VIX_CONTINUOUS,12,COMMON_STYLE_CONTROLS,INTERNAL_FINANCIAL_CAPACITY_MAIN,RELIABLE_ESTIMATE,-0.004209294806500861,0.008030829520167019,-0.5241419701327839,0.6008282108328842,-0.020056574336900956,0.011637984723899233,1501,23,180,DK,False,VALID,6.449422278198604e-05,0,0,0,5.627205913127734e-06,CPU_Z|VIX_LEVEL_Z|CPU_X_VIX|CPU_X_ARCH|VIX_X_ARCH|CPU_VIX_X_ARCH|MARKET_RETURN|ENERGY_RETURN|TREASURY_RETURN|VIX_CHANGE|GROWTH_FACTOR|USO_RETURN,12,12,72.87564159556945,1,9.060780847207307e-17,179
INTERNAL_FINANCIAL_CAPACITY,CPU_VIX_CONTINUOUS,12,ARCHITECTURE_FACTOR_BETAS,INTERNAL_FINANCIAL_CAPACITY_MAIN,RELIABLE_ESTIMATE,-0.0040326401685173595,0.009476908821300601,-0.4255227357947635,0.6709668056713838,-0.02273347584161003,0.01466819550457531,1501,23,180,DK,False,VALID,8.981180080724514e-05,0,0,0,2.5631688240897244e-06,CPU_Z|VIX_LEVEL_Z|CPU_X_VIX|CPU_X_ARCH|VIX_X_ARCH|CPU_VIX_X_ARCH|MARKET_RETURN|ENERGY_RETURN|TREASURY_RETURN|VIX_CHANGE|GROWTH_FACTOR|USO_RETURN|MARKET_RETURN_X_ARCH_STYLE|GROWTH_FACTOR_X_ARCH_STYLE|ENERGY_RETURN_X_ARCH_STYLE|TREASURY_RETURN_X_ARCH_STYLE|USO_RETURN_X_ARCH_STYLE,17,17,127.33668581376632,1,9.060780847207307e-17,179
INTERNAL_FINANCIAL_CAPACITY,CPU_AND_VIX_STRESS,0,BASELINE,INTERNAL_FINANCIAL_CAPACITY_MAIN,RELIABLE_ESTIMATE,-0.00714214804587571,0.006292078177215581,-1.1351016062925507,0.2577551831081692,-0.019553033087077204,0.005268736995325781,1777,23,192,DATE_CLUSTER,False,VALID,3.959024778819255e-05,0,0,0,8.630963316413717e-07,HIGH_CPU_REGIME|HIGH_VIX_REGIME|JV_AB|JV_A_X_ARCH|JV_B_X_ARCH|JV_AB_X_ARCH|MARKET_RETURN|ENERGY_RETURN|TREASURY_RETURN|VIX_CHANGE,10,10,25.038090194764308,1,3.148859901019015e-17,191
INTERNAL_FINANCIAL_CAPACITY,CPU_AND_VIX_STRESS,0,COMMON_STYLE_CONTROLS,INTERNAL_FINANCIAL_CAPACITY_MAIN,RELIABLE_ESTIMATE,-0.007143711398644279,0.0062964030035155905,-1.1345702291698283,0.25797730951439246,-0.019563126995334884,0.005275704198046328,1777,23,192,DATE_CLUSTER,False,VALID,3.9644690782680144e-05,0,0,0,8.313689634109016e-07,HIGH_CPU_REGIME|HIGH_VIX_REGIME|JV_AB|JV_A_X_ARCH|JV_B_X_ARCH|JV_AB_X_ARCH|MARKET_RETURN|ENERGY_RETURN|TREASURY_RETURN|VIX_CHANGE|GROWTH_FACTOR|USO_RETURN,12,12,39.24170986089454,1,3.148859901019015e-17,191
INTERNAL_FINANCIAL_CAPACITY,CPU_AND_VIX_STRESS,0,ARCHITECTURE_FACTOR_BETAS,INTERNAL_FINANCIAL_CAPACITY_MAIN,RELIABLE_ESTIMATE,0.0034779338977579954,0.00512501559003871,0.6786191840114434,0.49820058932386463,-0.006630964550557736,0.013586832346073727,1777,23,192,DATE_CLUSTER,False,VALID,2.6265784798139822e-05,0,0,0,5.749012493883277e-07,HIGH_CPU_REGIME|HIGH_VIX_REGIME|JV_AB|JV_A_X_ARCH|JV_B_X_ARCH|JV_AB_X_ARCH|MARKET_RETURN|ENERGY_RETURN|TREASURY_RETURN|VIX_CHANGE|GROWTH_FACTOR|USO_RETURN|MARKET_RETURN_X_ARCH_STYLE|GROWTH_FACTOR_X_ARCH_STYLE|ENERGY_RETURN_X_ARCH_STYLE|TREASURY_RETURN_X_ARCH_STYLE|USO_RETURN_X_ARCH_STYLE,17,17,67.8686938190497,1,3.148859901019015e-17,191
INTERNAL_FINANCIAL_CAPACITY,EXTREME_CPU_REGIME,0,BASELINE,INTERNAL_FINANCIAL_CAPACITY_MAIN,RELIABLE_ESTIMATE,-0.007407843316487757,0.003744679479756954,-1.9782316100839044,0.049340278700759604,-0.014794081254169603,-2.1605378805910312e-05,1777,23,192,DATE_CLUSTER,False,VALID,1.4022624406112814e-05,0,0,0,2.567591590492045e-06,EXTREME_CPU_REGIME|EXTREME_X_ARCH|MARKET_RETURN|ENERGY_RETURN|TREASURY_RETURN|VIX_CHANGE,6,6,17.224539287003854,1,5.45427518569365e-17,191
INTERNAL_FINANCIAL_CAPACITY,EXTREME_CPU_REGIME,0,COMMON_STYLE_CONTROLS,INTERNAL_FINANCIAL_CAPACITY_MAIN,RELIABLE_ESTIMATE,-0.007388923149027223,0.003752019309649513,-1.9693190624110737,0.050362500296135294,-0.0147896386221835,1.179232412905351e-05,1777,23,192,DATE_CLUSTER,False,VALID,1.4077648899982808e-05,0,0,0,2.385807625149525e-06,EXTREME_CPU_REGIME|EXTREME_X_ARCH|MARKET_RETURN|ENERGY_RETURN|TREASURY_RETURN|VIX_CHANGE|GROWTH_FACTOR|USO_RETURN,8,8,26.929780316480276,1,5.45427518569365e-17,191
INTERNAL_FINANCIAL_CAPACITY,EXTREME_CPU_REGIME,0,ARCHITECTURE_FACTOR_BETAS,INTERNAL_FINANCIAL_CAPACITY_MAIN,RELIABLE_ESTIMATE,-0.0037312621417267544,0.0023738240058792416,-1.5718360470218309,0.11764364162166809,-0.008413539763720494,0.0009510154802669863,1777,23,192,DATE_CLUSTER,False,VALID,5.635040410888569e-06,0,0,0,1.901722775478446e-06,EXTREME_CPU_REGIME|EXTREME_X_ARCH|MARKET_RETURN|ENERGY_RETURN|TREASURY_RETURN|VIX_CHANGE|GROWTH_FACTOR|USO_RETURN|MARKET_RETURN_X_ARCH_STYLE|GROWTH_FACTOR_X_ARCH_STYLE|ENERGY_RETURN_X_ARCH_STYLE|TREASURY_RETURN_X_ARCH_STYLE|USO_RETURN_X_ARCH_STYLE,13,13,46.26735754263288,1,5.45427518569365e-17,191
INTERNAL_FINANCIAL_CAPACITY,EXTREME_CPU_REGIME,6,BASELINE,INTERNAL_FINANCIAL_CAPACITY_MAIN,RELIABLE_ESTIMATE,-0.05022879557320578,0.016197819987281592,-3.1009602287619606,0.002230845813849656,-0.0821849878202478,-0.018272603326163768,1639,23,186,DK,False,VALID,0.00026236937234037905,0,0,0,9.303552055500056e-05,EXTREME_CPU_REGIME|EXTREME_X_ARCH|MARKET_RETURN|ENERGY_RETURN|TREASURY_RETURN|VIX_CHANGE,6,6,15.298700764387265,1,5.649334975822944e-17,185
INTERNAL_FINANCIAL_CAPACITY,EXTREME_CPU_REGIME,6,COMMON_STYLE_CONTROLS,INTERNAL_FINANCIAL_CAPACITY_MAIN,RELIABLE_ESTIMATE,-0.04993012679189253,0.016311475082780143,-3.0610430104266446,0.0025340456649948803,-0.08211054576107736,-0.017749707822707697,1639,23,186,DK,False,VALID,0.0002660642193761575,0,0,0,7.912370915651268e-05,EXTREME_CPU_REGIME|EXTREME_X_ARCH|MARKET_RETURN|ENERGY_RETURN|TREASURY_RETURN|VIX_CHANGE|GROWTH_FACTOR|USO_RETURN,8,8,23.604876924214437,1,5.649334975822944e-17,185
INTERNAL_FINANCIAL_CAPACITY,EXTREME_CPU_REGIME,6,ARCHITECTURE_FACTOR_BETAS,INTERNAL_FINANCIAL_CAPACITY_MAIN,RELIABLE_ESTIMATE,-0.04865553268360881,0.015557850816600594,-3.127394217695686,0.0020488973653783986,-0.07934914898731277,-0.017961916379904845,1639,23,186,DK,False,VALID,0.00024204672203159979,0,0,0,5.1117538911831256e-05,EXTREME_CPU_REGIME|EXTREME_X_ARCH|MARKET_RETURN|ENERGY_RETURN|TREASURY_RETURN|VIX_CHANGE|GROWTH_FACTOR|USO_RETURN|MARKET_RETURN_X_ARCH_STYLE|GROWTH_FACTOR_X_ARCH_STYLE|ENERGY_RETURN_X_ARCH_STYLE|TREASURY_RETURN_X_ARCH_STYLE|USO_RETURN_X_ARCH_STYLE,13,13,40.8696424879065,1,5.649334975822944e-17,185
INTERNAL_FINANCIAL_CAPACITY,EXTREME_CPU_REGIME,9,BASELINE,INTERNAL_FINANCIAL_CAPACITY_MAIN,RELIABLE_ESTIMATE,-0.072610975984937,0.017264310927762646,-4.205842694142613,4.076442087819791e-05,-0.10667491298268171,-0.03854703898719229,1570,23,183,DK,False,VALID,0.00029805643181046477,0,0,0,0.00015323429109196298,EXTREME_CPU_REGIME|EXTREME_X_ARCH|MARKET_RETURN|ENERGY_RETURN|TREASURY_RETURN|VIX_CHANGE,6,6,14.381170494410727,1,1.3365105200901566e-17,182
INTERNAL_FINANCIAL_CAPACITY,EXTREME_CPU_REGIME,9,COMMON_STYLE_CONTROLS,INTERNAL_FINANCIAL_CAPACITY_MAIN,RELIABLE_ESTIMATE,-0.07268524364254456,0.017327264699752848,-4.194848113769585,4.260882275159605e-05,-0.10687339372541137,-0.038497093559677745,1570,23,183,DK,False,VALID,0.00030023410197530117,0,0,0,0.00010297524859118982,EXTREME_CPU_REGIME|EXTREME_X_ARCH|MARKET_RETURN|ENERGY_RETURN|TREASURY_RETURN|VIX_CHANGE|GROWTH_FACTOR|USO_RETURN,8,8,20.97352888871779,1,1.3365105200901566e-17,182
INTERNAL_FINANCIAL_CAPACITY,EXTREME_CPU_REGIME,9,ARCHITECTURE_FACTOR_BETAS,INTERNAL_FINANCIAL_CAPACITY_MAIN,RELIABLE_ESTIMATE,-0.06973588124308266,0.01778254871482222,-3.921590901362524,0.00012449666720948895,-0.10482234496674842,-0.034649417519416914,1570,23,183,DK,False,VALID,0.0003162190387950254,0,0,0,4.700889665125988e-05,EXTREME_CPU_REGIME|EXTREME_X_ARCH|MARKET_RETURN|ENERGY_RETURN|TREASURY_RETURN|VIX_CHANGE|GROWTH_FACTOR|USO_RETURN|MARKET_RETURN_X_ARCH_STYLE|GROWTH_FACTOR_X_ARCH_STYLE|ENERGY_RETURN_X_ARCH_STYLE|TREASURY_RETURN_X_ARCH_STYLE|USO_RETURN_X_ARCH_STYLE,13,13,36.30052649035944,1,1.3365105200901566e-17,182
INTERNAL_FINANCIAL_CAPACITY,EXTREME_CPU_REGIME,12,BASELINE,INTERNAL_FINANCIAL_CAPACITY_MAIN,RELIABLE_ESTIMATE,-0.08221723543751264,0.025397257351074037,-3.2372485855853923,0.0014381671688056626,-0.13233378137305735,-0.03210068950196793,1501,23,180,DK,False,VALID,0.0006450206809566842,0,0,0,0.00013895475256840527,EXTREME_CPU_REGIME|EXTREME_X_ARCH|MARKET_RETURN|ENERGY_RETURN|TREASURY_RETURN|VIX_CHANGE,6,6,12.51514362244261,1,2.2448546833693206e-17,179
INTERNAL_FINANCIAL_CAPACITY,EXTREME_CPU_REGIME,12,COMMON_STYLE_CONTROLS,INTERNAL_FINANCIAL_CAPACITY_MAIN,RELIABLE_ESTIMATE,-0.0822753567636284,0.025316718088451498,-3.2498429091865275,0.0013793870868511488,-0.13223297413460247,-0.03231773939265434,1501,23,180,DK,False,VALID,0.0006409362147701273,0,0,0,0.00014950390915586804,EXTREME_CPU_REGIME|EXTREME_X_ARCH|MARKET_RETURN|ENERGY_RETURN|TREASURY_RETURN|VIX_CHANGE|GROWTH_FACTOR|USO_RETURN,8,8,17.944688222545544,1,2.2448546833693206e-17,179
INTERNAL_FINANCIAL_CAPACITY,EXTREME_CPU_REGIME,12,ARCHITECTURE_FACTOR_BETAS,INTERNAL_FINANCIAL_CAPACITY_MAIN,RELIABLE_ESTIMATE,-0.080581694879829,0.024908743758923556,-3.2350766325162668,0.0014485364708879528,-0.12973425428947774,-0.031429135470180246,1501,23,180,DK,False,VALID,0.0006204455156477132,0,0,0,7.728406596463508e-05,EXTREME_CPU_REGIME|EXTREME_X_ARCH|MARKET_RETURN|ENERGY_RETURN|TREASURY_RETURN|VIX_CHANGE|GROWTH_FACTOR|USO_RETURN|MARKET_RETURN_X_ARCH_STYLE|GROWTH_FACTOR_X_ARCH_STYLE|ENERGY_RETURN_X_ARCH_STYLE|TREASURY_RETURN_X_ARCH_STYLE|USO_RETURN_X_ARCH_STYLE,13,13,30.909576409305167,1,2.2448546833693206e-17,179
EXTERNAL_FINANCING_DEPENDENCE,CPU_VIX_CONTINUOUS,0,BASELINE,EXTERNAL_FINANCING_DEPENDENCE_MAIN,RELIABLE_ESTIMATE,-0.006535591221884851,0.002270390829000016,-2.8786194598766173,0.004449538971850514,-0.011013850834003452,-0.0020573316097662513,883,11,192,DATE_CLUSTER,False,VALID,5.15467451640738e-06,0,0,0,4.954434678418784e-07,CPU_Z|VIX_LEVEL_Z|CPU_X_VIX|CPU_X_ARCH|VIX_X_ARCH|CPU_VIX_X_ARCH|MARKET_RETURN|ENERGY_RETURN|TREASURY_RETURN|VIX_CHANGE,10,10,71.19006915236682,1,9.316820625676569e-17,191
EXTERNAL_FINANCING_DEPENDENCE,CPU_VIX_CONTINUOUS,0,COMMON_STYLE_CONTROLS,EXTERNAL_FINANCING_DEPENDENCE_MAIN,RELIABLE_ESTIMATE,-0.006548559907875185,0.002259366903886987,-2.898404812697364,0.004189422921440429,-0.011005075246730295,-0.0020920445690200762,883,11,192,DATE_CLUSTER,False,VALID,5.10473880637987e-06,0,0,0,4.254679483194307e-07,CPU_Z|VIX_LEVEL_Z|CPU_X_VIX|CPU_X_ARCH|VIX_X_ARCH|CPU_VIX_X_ARCH|MARKET_RETURN|ENERGY_RETURN|TREASURY_RETURN|VIX_CHANGE|GROWTH_FACTOR|USO_RETURN,12,12,112.73136020385421,1,9.316820625676569e-17,191
EXTERNAL_FINANCING_DEPENDENCE,CPU_VIX_CONTINUOUS,0,ARCHITECTURE_FACTOR_BETAS,EXTERNAL_FINANCING_DEPENDENCE_MAIN,RELIABLE_ESTIMATE,-0.004561782023069111,0.0025180786575068493,-1.8116122026091646,0.07161695945113991,-0.00952859646224542,0.00040503241610719606,883,11,192,DATE_CLUSTER,False,VALID,6.340720125391495e-06,0,0,0,1.24975010869124e-07,CPU_Z|VIX_LEVEL_Z|CPU_X_VIX|CPU_X_ARCH|VIX_X_ARCH|CPU_VIX_X_ARCH|MARKET_RETURN|ENERGY_RETURN|TREASURY_RETURN|VIX_CHANGE|GROWTH_FACTOR|USO_RETURN|MARKET_RETURN_X_ARCH_STYLE|GROWTH_FACTOR_X_ARCH_STYLE|ENERGY_RETURN_X_ARCH_STYLE|TREASURY_RETURN_X_ARCH_STYLE|USO_RETURN_X_ARCH_STYLE,17,17,131.05839589635056,1,9.316820625676569e-17,191
EXTERNAL_FINANCING_DEPENDENCE,CPU_VIX_CONTINUOUS,6,BASELINE,EXTERNAL_FINANCING_DEPENDENCE_MAIN,RELIABLE_ESTIMATE,-0.008639086606021612,0.01605930180464456,-0.5379490784289934,0.59125877416257,-0.04032200049353528,0.023043827281492055,817,11,186,DK,False,VALID,0.00025790117445266,0,0,0,1.4505548025320827e-05,CPU_Z|VIX_LEVEL_Z|CPU_X_VIX|CPU_X_ARCH|VIX_X_ARCH|CPU_VIX_X_ARCH|MARKET_RETURN|ENERGY_RETURN|TREASURY_RETURN|VIX_CHANGE,10,10,71.34330442307774,1,5.585087675898891e-17,185
EXTERNAL_FINANCING_DEPENDENCE,CPU_VIX_CONTINUOUS,6,COMMON_STYLE_CONTROLS,EXTERNAL_FINANCING_DEPENDENCE_MAIN,RELIABLE_ESTIMATE,-0.008784618926148338,0.01610613852858244,-0.5454205494730402,0.5861213070961541,-0.040559935578698025,0.022990697726401346,817,11,186,DK,False,VALID,0.00025940769830188774,0,0,0,1.3123213466529898e-05,CPU_Z|VIX_LEVEL_Z|CPU_X_VIX|CPU_X_ARCH|VIX_X_ARCH|CPU_VIX_X_ARCH|MARKET_RETURN|ENERGY_RETURN|TREASURY_RETURN|VIX_CHANGE|GROWTH_FACTOR|USO_RETURN,12,12,112.04339488527265,1,5.585087675898891e-17,185
EXTERNAL_FINANCING_DEPENDENCE,CPU_VIX_CONTINUOUS,6,ARCHITECTURE_FACTOR_BETAS,EXTERNAL_FINANCING_DEPENDENCE_MAIN,RELIABLE_ESTIMATE,0.0009176730824020785,0.014796815079896037,0.06201828416771199,0.9506152234085147,-0.028274518688364995,0.030109864853169153,817,11,186,DK,False,VALID,0.00021894573650863876,0,0,0,6.392338582113415e-06,CPU_Z|VIX_LEVEL_Z|CPU_X_VIX|CPU_X_ARCH|VIX_X_ARCH|CPU_VIX_X_ARCH|MARKET_RETURN|ENERGY_RETURN|TREASURY_RETURN|VIX_CHANGE|GROWTH_FACTOR|USO_RETURN|MARKET_RETURN_X_ARCH_STYLE|GROWTH_FACTOR_X_ARCH_STYLE|ENERGY_RETURN_X_ARCH_STYLE|TREASURY_RETURN_X_ARCH_STYLE|USO_RETURN_X_ARCH_STYLE,17,17,130.35575913737864,1,5.585087675898891e-17,185
EXTERNAL_FINANCING_DEPENDENCE,CPU_VIX_CONTINUOUS,9,BASELINE,EXTERNAL_FINANCING_DEPENDENCE_MAIN,RELIABLE_ESTIMATE,-0.02357409698370614,0.011851278342699443,-1.9891606881571657,0.048181520051330216,-0.046957665577762236,-0.00019052838965004024,784,11,183,DK,False,VALID,0.00014045279835613687,0,0,0,1.379406208839884e-05,CPU_Z|VIX_LEVEL_Z|CPU_X_VIX|CPU_X_ARCH|VIX_X_ARCH|CPU_VIX_X_ARCH|MARKET_RETURN|ENERGY_RETURN|TREASURY_RETURN|VIX_CHANGE,10,10,69.2580192902565,1,7.115906503496699e-17,182
EXTERNAL_FINANCING_DEPENDENCE,CPU_VIX_CONTINUOUS,9,COMMON_STYLE_CONTROLS,EXTERNAL_FINANCING_DEPENDENCE_MAIN,RELIABLE_ESTIMATE,-0.0223216606328031,0.011871755024022329,-1.8802325846208532,0.06167398733712075,-0.04574563144073407,0.0011023101751278658,784,11,183,DK,False,VALID,0.0001409385673503994,0,0,0,1.1607849341566027e-05,CPU_Z|VIX_LEVEL_Z|CPU_X_VIX|CPU_X_ARCH|VIX_X_ARCH|CPU_VIX_X_ARCH|MARKET_RETURN|ENERGY_RETURN|TREASURY_RETURN|VIX_CHANGE|GROWTH_FACTOR|USO_RETURN,12,12,105.53155612683669,1,7.115906503496699e-17,182
EXTERNAL_FINANCING_DEPENDENCE,CPU_VIX_CONTINUOUS,9,ARCHITECTURE_FACTOR_BETAS,EXTERNAL_FINANCING_DEPENDENCE_MAIN,RELIABLE_ESTIMATE,-0.02089234265823347,0.011927388118812367,-1.7516276363373475,0.08152228267202995,-0.04442608223966758,0.0026413969232006416,784,11,183,DK,False,VALID,0.00014226258733678643,0,0,0,8.669602363290503e-06,CPU_Z|VIX_LEVEL_Z|CPU_X_VIX|CPU_X_ARCH|VIX_X_ARCH|CPU_VIX_X_ARCH|MARKET_RETURN|ENERGY_RETURN|TREASURY_RETURN|VIX_CHANGE|GROWTH_FACTOR|USO_RETURN|MARKET_RETURN_X_ARCH_STYLE|GROWTH_FACTOR_X_ARCH_STYLE|ENERGY_RETURN_X_ARCH_STYLE|TREASURY_RETURN_X_ARCH_STYLE|USO_RETURN_X_ARCH_STYLE,17,17,122.77660656785393,1,7.115906503496699e-17,182
EXTERNAL_FINANCING_DEPENDENCE,CPU_VIX_CONTINUOUS,12,BASELINE,EXTERNAL_FINANCING_DEPENDENCE_MAIN,RELIABLE_ESTIMATE,-0.03211430372631691,0.01913530726774337,-1.6782747868623151,0.09503846525181818,-0.06987410953598115,0.005645502083347326,751,11,180,DK,False,VALID,0.0003661599842309523,0,0,0,1.9115320540043604e-05,CPU_Z|VIX_LEVEL_Z|CPU_X_VIX|CPU_X_ARCH|VIX_X_ARCH|CPU_VIX_X_ARCH|MARKET_RETURN|ENERGY_RETURN|TREASURY_RETURN|VIX_CHANGE,10,10,70.93947407052555,1,7.229015433311606e-17,179
EXTERNAL_FINANCING_DEPENDENCE,CPU_VIX_CONTINUOUS,12,COMMON_STYLE_CONTROLS,EXTERNAL_FINANCING_DEPENDENCE_MAIN,RELIABLE_ESTIMATE,-0.03030521866289459,0.0188393387133999,-1.6086137164325904,0.10946313016580152,-0.06748098811602665,0.006870550790237469,751,11,180,DK,False,VALID,0.00035492068315820817,0,0,0,1.708716564611786e-05,CPU_Z|VIX_LEVEL_Z|CPU_X_VIX|CPU_X_ARCH|VIX_X_ARCH|CPU_VIX_X_ARCH|MARKET_RETURN|ENERGY_RETURN|TREASURY_RETURN|VIX_CHANGE|GROWTH_FACTOR|USO_RETURN,12,12,103.74828723927898,1,7.229015433311606e-17,179
EXTERNAL_FINANCING_DEPENDENCE,CPU_VIX_CONTINUOUS,12,ARCHITECTURE_FACTOR_BETAS,EXTERNAL_FINANCING_DEPENDENCE_MAIN,RELIABLE_ESTIMATE,-0.026833257526579887,0.017673948381041284,-1.5182378576687328,0.1307186515272688,-0.061709355904322374,0.008042840851162598,751,11,180,DK,False,VALID,0.00031236845137571186,0,0,0,1.4841428071575888e-05,CPU_Z|VIX_LEVEL_Z|CPU_X_VIX|CPU_X_ARCH|VIX_X_ARCH|CPU_VIX_X_ARCH|MARKET_RETURN|ENERGY_RETURN|TREASURY_RETURN|VIX_CHANGE|GROWTH_FACTOR|USO_RETURN|MARKET_RETURN_X_ARCH_STYLE|GROWTH_FACTOR_X_ARCH_STYLE|ENERGY_RETURN_X_ARCH_STYLE|TREASURY_RETURN_X_ARCH_STYLE|USO_RETURN_X_ARCH_STYLE,17,17,120.17406998807665,1,7.229015433311606e-17,179
EXTERNAL_FINANCING_DEPENDENCE,CPU_AND_VIX_STRESS,0,BASELINE,EXTERNAL_FINANCING_DEPENDENCE_MAIN,RELIABLE_ESTIMATE,-0.016124357944374966,0.010765567798573315,-1.4977712505337446,0.1358434910869231,-0.037359031225322706,0.00511031533657277,883,11,192,DATE_CLUSTER,False,VALID,0.00011589745002567869,0,0,0,2.74406495046071e-06,HIGH_CPU_REGIME|HIGH_VIX_REGIME|JV_AB|JV_A_X_ARCH|JV_B_X_ARCH|JV_AB_X_ARCH|MARKET_RETURN|ENERGY_RETURN|TREASURY_RETURN|VIX_CHANGE,10,10,36.21488107687065,1,5.733428077339427e-17,191
EXTERNAL_FINANCING_DEPENDENCE,CPU_AND_VIX_STRESS,0,COMMON_STYLE_CONTROLS,EXTERNAL_FINANCING_DEPENDENCE_MAIN,RELIABLE_ESTIMATE,-0.01610846004356787,0.010757932572588506,-1.497356479497989,0.13595125827027804,-0.03732807313147729,0.005111153044341548,883,11,192,DATE_CLUSTER,False,VALID,0.00011573311323636073,0,0,0,2.3740775350287722e-06,HIGH_CPU_REGIME|HIGH_VIX_REGIME|JV_AB|JV_A_X_ARCH|JV_B_X_ARCH|JV_AB_X_ARCH|MARKET_RETURN|ENERGY_RETURN|TREASURY_RETURN|VIX_CHANGE|GROWTH_FACTOR|USO_RETURN,12,12,56.728413395286545,1,5.733428077339427e-17,191
EXTERNAL_FINANCING_DEPENDENCE,CPU_AND_VIX_STRESS,0,ARCHITECTURE_FACTOR_BETAS,EXTERNAL_FINANCING_DEPENDENCE_MAIN,RELIABLE_ESTIMATE,-0.011915138443459391,0.01096052289373847,-1.087095803637824,0.2783644329758806,-0.03353435323933185,0.009704076352413065,883,11,192,DATE_CLUSTER,False,VALID,0.00012013306210416514,0,0,0,5.78061440072522e-07,HIGH_CPU_REGIME|HIGH_VIX_REGIME|JV_AB|JV_A_X_ARCH|JV_B_X_ARCH|JV_AB_X_ARCH|MARKET_RETURN|ENERGY_RETURN|TREASURY_RETURN|VIX_CHANGE|GROWTH_FACTOR|USO_RETURN|MARKET_RETURN_X_ARCH_STYLE|GROWTH_FACTOR_X_ARCH_STYLE|ENERGY_RETURN_X_ARCH_STYLE|TREASURY_RETURN_X_ARCH_STYLE|USO_RETURN_X_ARCH_STYLE,17,17,65.66034813887062,1,5.733428077339427e-17,191
EXTERNAL_FINANCING_DEPENDENCE,EXTREME_CPU_REGIME,0,BASELINE,EXTERNAL_FINANCING_DEPENDENCE_MAIN,RELIABLE_ESTIMATE,0.006878752322219652,0.005891778097809868,1.1675172092405635,0.24445698061284396,-0.004742556027853274,0.018500060672292578,883,11,192,DATE_CLUSTER,False,VALID,3.4713049153832064e-05,0,0,0,4.3087275343906025e-06,EXTREME_CPU_REGIME|EXTREME_X_ARCH|MARKET_RETURN|ENERGY_RETURN|TREASURY_RETURN|VIX_CHANGE,6,6,26.17075494610017,1,2.976730476557257e-17,191
EXTERNAL_FINANCING_DEPENDENCE,EXTREME_CPU_REGIME,0,COMMON_STYLE_CONTROLS,EXTERNAL_FINANCING_DEPENDENCE_MAIN,RELIABLE_ESTIMATE,0.0068734410398159935,0.005910593573587438,1.1629019918627486,0.24632011854574956,-0.004784980121047576,0.018531862200679563,883,11,192,DATE_CLUSTER,False,VALID,3.4935116392133124e-05,0,0,0,4.061283501323768e-06,EXTREME_CPU_REGIME|EXTREME_X_ARCH|MARKET_RETURN|ENERGY_RETURN|TREASURY_RETURN|VIX_CHANGE|GROWTH_FACTOR|USO_RETURN,8,8,40.91276781698176,1,2.976730476557257e-17,191
EXTERNAL_FINANCING_DEPENDENCE,EXTREME_CPU_REGIME,0,ARCHITECTURE_FACTOR_BETAS,EXTERNAL_FINANCING_DEPENDENCE_MAIN,RELIABLE_ESTIMATE,0.006423451300083543,0.005292599578432052,1.2136665933050823,0.22637371710164897,-0.0040160001954316436,0.016862902795598732,883,11,192,DATE_CLUSTER,False,VALID,2.8011610297619133e-05,0,0,0,2.29308289431731e-06,EXTREME_CPU_REGIME|EXTREME_X_ARCH|MARKET_RETURN|ENERGY_RETURN|TREASURY_RETURN|VIX_CHANGE|GROWTH_FACTOR|USO_RETURN|MARKET_RETURN_X_ARCH_STYLE|GROWTH_FACTOR_X_ARCH_STYLE|ENERGY_RETURN_X_ARCH_STYLE|TREASURY_RETURN_X_ARCH_STYLE|USO_RETURN_X_ARCH_STYLE,13,13,47.04754014753656,1,2.976730476557257e-17,191
EXTERNAL_FINANCING_DEPENDENCE,EXTREME_CPU_REGIME,6,BASELINE,EXTERNAL_FINANCING_DEPENDENCE_MAIN,RELIABLE_ESTIMATE,0.076784476376396,0.03753073038817126,2.045909460919965,0.042180554860959715,0.0027412263342289217,0.15082772641856307,817,11,186,DK,False,VALID,0.0014085557234696016,0,0,0,0.00025101232414319937,EXTREME_CPU_REGIME|EXTREME_X_ARCH|MARKET_RETURN|ENERGY_RETURN|TREASURY_RETURN|VIX_CHANGE,6,6,23.227962573909124,1,6.984756850150923e-17,185
EXTERNAL_FINANCING_DEPENDENCE,EXTREME_CPU_REGIME,6,COMMON_STYLE_CONTROLS,EXTERNAL_FINANCING_DEPENDENCE_MAIN,RELIABLE_ESTIMATE,0.07610932818297617,0.03772251352409387,2.017610203370041,0.04507683621394584,0.0016877149557572857,0.15053094141019505,817,11,186,DK,False,VALID,0.0014229880265754452,0,0,0,0.00018701616708862977,EXTREME_CPU_REGIME|EXTREME_X_ARCH|MARKET_RETURN|ENERGY_RETURN|TREASURY_RETURN|VIX_CHANGE|GROWTH_FACTOR|USO_RETURN,8,8,35.86359414917462,1,6.984756850150923e-17,185
EXTERNAL_FINANCING_DEPENDENCE,EXTREME_CPU_REGIME,6,ARCHITECTURE_FACTOR_BETAS,EXTERNAL_FINANCING_DEPENDENCE_MAIN,RELIABLE_ESTIMATE,0.08462787353231087,0.03724386464629333,2.272263481140467,0.024221084924762316,0.011150572290892238,0.15810517477372948,817,11,186,DK,False,VALID,0.0013871054537914183,0,0,0,0.00011489752684387016,EXTREME_CPU_REGIME|EXTREME_X_ARCH|MARKET_RETURN|ENERGY_RETURN|TREASURY_RETURN|VIX_CHANGE|GROWTH_FACTOR|USO_RETURN|MARKET_RETURN_X_ARCH_STYLE|GROWTH_FACTOR_X_ARCH_STYLE|ENERGY_RETURN_X_ARCH_STYLE|TREASURY_RETURN_X_ARCH_STYLE|USO_RETURN_X_ARCH_STYLE,13,13,41.33279923284408,1,6.984756850150923e-17,185
EXTERNAL_FINANCING_DEPENDENCE,EXTREME_CPU_REGIME,9,BASELINE,EXTERNAL_FINANCING_DEPENDENCE_MAIN,RELIABLE_ESTIMATE,0.09206853281023696,0.038632695946205,2.383176492224098,0.01819361669665366,0.015842975574220583,0.16829409004625334,784,11,183,DK,False,VALID,0.0014924851960719239,0,0,0,0.0005192456482100375,EXTREME_CPU_REGIME|EXTREME_X_ARCH|MARKET_RETURN|ENERGY_RETURN|TREASURY_RETURN|VIX_CHANGE,6,6,21.75369890554184,1,3.3313771242738275e-17,182
EXTERNAL_FINANCING_DEPENDENCE,EXTREME_CPU_REGIME,9,COMMON_STYLE_CONTROLS,EXTERNAL_FINANCING_DEPENDENCE_MAIN,RELIABLE_ESTIMATE,0.09130806647649845,0.038999362831724706,2.3412707246135396,0.020300788750495985,0.014359044646976793,0.1682570883060201,784,11,183,DK,False,VALID,0.0015209503012805106,0,0,0,0.00024030150924948243,EXTREME_CPU_REGIME|EXTREME_X_ARCH|MARKET_RETURN|ENERGY_RETURN|TREASURY_RETURN|VIX_CHANGE|GROWTH_FACTOR|USO_RETURN,8,8,31.800203394523372,1,3.3313771242738275e-17,182
EXTERNAL_FINANCING_DEPENDENCE,EXTREME_CPU_REGIME,9,ARCHITECTURE_FACTOR_BETAS,EXTERNAL_FINANCING_DEPENDENCE_MAIN,RELIABLE_ESTIMATE,0.0935763162250432,0.03620645505996614,2.5845202483938152,0.010534848404265955,0.022137936249446072,0.16501469620064033,784,11,183,DK,False,VALID,0.001310907388009348,0,0,0,0.00016939393767160266,EXTREME_CPU_REGIME|EXTREME_X_ARCH|MARKET_RETURN|ENERGY_RETURN|TREASURY_RETURN|VIX_CHANGE|GROWTH_FACTOR|USO_RETURN|MARKET_RETURN_X_ARCH_STYLE|GROWTH_FACTOR_X_ARCH_STYLE|ENERGY_RETURN_X_ARCH_STYLE|TREASURY_RETURN_X_ARCH_STYLE|USO_RETURN_X_ARCH_STYLE,13,13,36.65918235764678,1,3.3313771242738275e-17,182
EXTERNAL_FINANCING_DEPENDENCE,EXTREME_CPU_REGIME,12,BASELINE,EXTERNAL_FINANCING_DEPENDENCE_MAIN,RELIABLE_ESTIMATE,0.05912369772200886,0.03998097967607964,1.4787956223439465,0.14095253941498181,-0.019770986723104608,0.1380183821671223,751,11,180,DK,False,VALID,0.0015984787358590928,0,0,0,0.0006158660116984456,EXTREME_CPU_REGIME|EXTREME_X_ARCH|MARKET_RETURN|ENERGY_RETURN|TREASURY_RETURN|VIX_CHANGE,6,6,18.39536021309256,1,3.067526998797869e-17,179
EXTERNAL_FINANCING_DEPENDENCE,EXTREME_CPU_REGIME,12,COMMON_STYLE_CONTROLS,EXTERNAL_FINANCING_DEPENDENCE_MAIN,RELIABLE_ESTIMATE,0.0580345667265987,0.04020391296899053,1.4435054312091722,0.15062597194610805,-0.02130003319680001,0.1373691666499974,751,11,180,DK,False,VALID,0.0016163546180181646,0,0,0,0.0005078058028240815,EXTREME_CPU_REGIME|EXTREME_X_ARCH|MARKET_RETURN|ENERGY_RETURN|TREASURY_RETURN|VIX_CHANGE|GROWTH_FACTOR|USO_RETURN,8,8,26.382201539860045,1,3.067526998797869e-17,179
EXTERNAL_FINANCING_DEPENDENCE,EXTREME_CPU_REGIME,12,ARCHITECTURE_FACTOR_BETAS,EXTERNAL_FINANCING_DEPENDENCE_MAIN,RELIABLE_ESTIMATE,0.07757530065775495,0.04010605347915359,1.9342541568712865,0.05465876677709673,-0.0015661926025955647,0.15671679391810545,751,11,180,DK,False,VALID,0.0016084955256727277,0,0,0,0.0001968223526271606,EXTREME_CPU_REGIME|EXTREME_X_ARCH|MARKET_RETURN|ENERGY_RETURN|TREASURY_RETURN|VIX_CHANGE|GROWTH_FACTOR|USO_RETURN|MARKET_RETURN_X_ARCH_STYLE|GROWTH_FACTOR_X_ARCH_STYLE|ENERGY_RETURN_X_ARCH_STYLE|TREASURY_RETURN_X_ARCH_STYLE|USO_RETURN_X_ARCH_STYLE,13,13,30.347258194413023,1,3.067526998797869e-17,179
GROWTH_DURATION_EXPOSURE_FINAL,CPU_VIX_CONTINUOUS,0,BASELINE,GROWTH_DURATION_EXPOSURE_FINAL_MAIN,RELIABLE_ESTIMATE,-0.0016738696249662746,0.002081015824471244,-0.8043521847757119,0.4221936299801669,-0.005778594238839878,0.002430854988907329,965,13,192,DATE_CLUSTER,False,VALID,4.330626861699733e-06,0,0,0,1.0860562442184987e-07,CPU_Z|VIX_LEVEL_Z|CPU_X_VIX|CPU_X_ARCH|VIX_X_ARCH|CPU_VIX_X_ARCH|MARKET_RETURN|ENERGY_RETURN|TREASURY_RETURN|VIX_CHANGE,10,10,50.650017732853755,1,1.0734073388344778e-16,191
GROWTH_DURATION_EXPOSURE_FINAL,CPU_VIX_CONTINUOUS,0,COMMON_STYLE_CONTROLS,GROWTH_DURATION_EXPOSURE_FINAL_MAIN,RELIABLE_ESTIMATE,-0.0016548382411623122,0.0020731976240918985,-0.7982057387737765,0.4257424304952746,-0.005744141751959273,0.002434465269634649,965,13,192,DATE_CLUSTER,False,VALID,4.298148388540294e-06,0,0,0,9.953185315935849e-08,CPU_Z|VIX_LEVEL_Z|CPU_X_VIX|CPU_X_ARCH|VIX_X_ARCH|CPU_VIX_X_ARCH|MARKET_RETURN|ENERGY_RETURN|TREASURY_RETURN|VIX_CHANGE|GROWTH_FACTOR|USO_RETURN,12,12,80.02192615436368,1,1.0734073388344778e-16,191
GROWTH_DURATION_EXPOSURE_FINAL,CPU_VIX_CONTINUOUS,0,ARCHITECTURE_FACTOR_BETAS,GROWTH_DURATION_EXPOSURE_FINAL_MAIN,RELIABLE_ESTIMATE,-0.00035198789121942145,0.0009553751501883345,-0.36842897907699773,0.7129614159758663,-0.002236429060934052,0.001532453278495209,965,13,192,DATE_CLUSTER,False,VALID,9.127416775973826e-07,0,0,0,8.375251634184051e-08,CPU_Z|VIX_LEVEL_Z|CPU_X_VIX|CPU_X_ARCH|VIX_X_ARCH|CPU_VIX_X_ARCH|MARKET_RETURN|ENERGY_RETURN|TREASURY_RETURN|VIX_CHANGE|GROWTH_FACTOR|USO_RETURN|MARKET_RETURN_X_ARCH_STYLE|GROWTH_FACTOR_X_ARCH_STYLE|ENERGY_RETURN_X_ARCH_STYLE|TREASURY_RETURN_X_ARCH_STYLE|USO_RETURN_X_ARCH_STYLE,17,17,136.91204640952762,1,1.0734073388344778e-16,191
GROWTH_DURATION_EXPOSURE_FINAL,CPU_VIX_CONTINUOUS,6,BASELINE,GROWTH_DURATION_EXPOSURE_FINAL_MAIN,RELIABLE_ESTIMATE,-0.007897861584362719,0.00613598024943967,-1.287139342582457,0.1996537971296763,-0.020003352609025884,0.004207629440300446,887,13,186,DK,False,VALID,3.765025362151372e-05,0,0,0,2.7440009216007854e-06,CPU_Z|VIX_LEVEL_Z|CPU_X_VIX|CPU_X_ARCH|VIX_X_ARCH|CPU_VIX_X_ARCH|MARKET_RETURN|ENERGY_RETURN|TREASURY_RETURN|VIX_CHANGE,10,10,50.79625616725498,1,7.547513910360421e-17,185
GROWTH_DURATION_EXPOSURE_FINAL,CPU_VIX_CONTINUOUS,6,COMMON_STYLE_CONTROLS,GROWTH_DURATION_EXPOSURE_FINAL_MAIN,RELIABLE_ESTIMATE,-0.007954636525061053,0.006138484337695642,-1.295863292541557,0.19663700788676758,-0.02006506779018708,0.004155794740064977,887,13,186,DK,False,VALID,3.76809899641347e-05,0,0,0,2.5038637111735956e-06,CPU_Z|VIX_LEVEL_Z|CPU_X_VIX|CPU_X_ARCH|VIX_X_ARCH|CPU_VIX_X_ARCH|MARKET_RETURN|ENERGY_RETURN|TREASURY_RETURN|VIX_CHANGE|GROWTH_FACTOR|USO_RETURN,12,12,79.51495193224133,1,7.547513910360421e-17,185
GROWTH_DURATION_EXPOSURE_FINAL,CPU_VIX_CONTINUOUS,6,ARCHITECTURE_FACTOR_BETAS,GROWTH_DURATION_EXPOSURE_FINAL_MAIN,RELIABLE_ESTIMATE,-0.007770248789371451,0.0054537141178745705,-1.4247627619321717,0.155910561788821,-0.01852971746775226,0.0029892198890093587,887,13,186,DK,False,VALID,2.9742997679504404e-05,0,0,0,1.1894966283561168e-06,CPU_Z|VIX_LEVEL_Z|CPU_X_VIX|CPU_X_ARCH|VIX_X_ARCH|CPU_VIX_X_ARCH|MARKET_RETURN|ENERGY_RETURN|TREASURY_RETURN|VIX_CHANGE|GROWTH_FACTOR|USO_RETURN|MARKET_RETURN_X_ARCH_STYLE|GROWTH_FACTOR_X_ARCH_STYLE|ENERGY_RETURN_X_ARCH_STYLE|TREASURY_RETURN_X_ARCH_STYLE|USO_RETURN_X_ARCH_STYLE,17,17,136.55485170193748,1,7.547513910360421e-17,185
GROWTH_DURATION_EXPOSURE_FINAL,CPU_VIX_CONTINUOUS,9,BASELINE,GROWTH_DURATION_EXPOSURE_FINAL_MAIN,RELIABLE_ESTIMATE,-0.006073490830437642,0.0054581052212102415,-1.1127471135653464,0.2672846266143308,-0.016842791334831526,0.004695809673956243,848,13,183,DK,False,VALID,2.9790912605802496e-05,0,0,0,4.952639192688441e-06,CPU_Z|VIX_LEVEL_Z|CPU_X_VIX|CPU_X_ARCH|VIX_X_ARCH|CPU_VIX_X_ARCH|MARKET_RETURN|ENERGY_RETURN|TREASURY_RETURN|VIX_CHANGE,10,10,50.367756929134686,1,9.511521549412455e-17,182
GROWTH_DURATION_EXPOSURE_FINAL,CPU_VIX_CONTINUOUS,9,COMMON_STYLE_CONTROLS,GROWTH_DURATION_EXPOSURE_FINAL_MAIN,RELIABLE_ESTIMATE,-0.006020777305918737,0.005411419311878115,-1.112605946595762,0.26734511552774715,-0.016697962585973454,0.004656407974135981,848,13,183,DK,False,VALID,2.928345896896741e-05,0,0,0,4.749200977757434e-06,CPU_Z|VIX_LEVEL_Z|CPU_X_VIX|CPU_X_ARCH|VIX_X_ARCH|CPU_VIX_X_ARCH|MARKET_RETURN|ENERGY_RETURN|TREASURY_RETURN|VIX_CHANGE|GROWTH_FACTOR|USO_RETURN,12,12,76.32892960381442,1,9.511521549412455e-17,182
GROWTH_DURATION_EXPOSURE_FINAL,CPU_VIX_CONTINUOUS,9,ARCHITECTURE_FACTOR_BETAS,GROWTH_DURATION_EXPOSURE_FINAL_MAIN,RELIABLE_ESTIMATE,-0.008199921589623366,0.005876688770363522,-1.39533024634145,0.16461649254609056,-0.01979512262988634,0.0033952794506396065,848,13,183,DK,False,VALID,3.453547090371672e-05,0,0,0,2.229989778830998e-06,CPU_Z|VIX_LEVEL_Z|CPU_X_VIX|CPU_X_ARCH|VIX_X_ARCH|CPU_VIX_X_ARCH|MARKET_RETURN|ENERGY_RETURN|TREASURY_RETURN|VIX_CHANGE|GROWTH_FACTOR|USO_RETURN|MARKET_RETURN_X_ARCH_STYLE|GROWTH_FACTOR_X_ARCH_STYLE|ENERGY_RETURN_X_ARCH_STYLE|TREASURY_RETURN_X_ARCH_STYLE|USO_RETURN_X_ARCH_STYLE,17,17,131.47208576109006,1,9.511521549412455e-17,182
GROWTH_DURATION_EXPOSURE_FINAL,CPU_VIX_CONTINUOUS,12,BASELINE,GROWTH_DURATION_EXPOSURE_FINAL_MAIN,RELIABLE_ESTIMATE,-0.007743797462514387,0.006449975042047417,-1.2005933995143447,0.23149535732621163,-0.020471568261128444,0.004983973336099669,809,13,180,DK,False,VALID,4.160217804303457e-05,0,0,0,7.346159495689229e-06,CPU_Z|VIX_LEVEL_Z|CPU_X_VIX|CPU_X_ARCH|VIX_X_ARCH|CPU_VIX_X_ARCH|MARKET_RETURN|ENERGY_RETURN|TREASURY_RETURN|VIX_CHANGE,10,10,52.31308271327045,1,9.757337089103662e-17,179
GROWTH_DURATION_EXPOSURE_FINAL,CPU_VIX_CONTINUOUS,12,COMMON_STYLE_CONTROLS,GROWTH_DURATION_EXPOSURE_FINAL_MAIN,RELIABLE_ESTIMATE,-0.0077329765465471885,0.006193973750495715,-1.2484677620611977,0.2134902562776726,-0.019955578605471834,0.004489625512377459,809,13,180,DK,False,VALID,3.8365310821829954e-05,0,0,0,5.343738958615209e-06,CPU_Z|VIX_LEVEL_Z|CPU_X_VIX|CPU_X_ARCH|VIX_X_ARCH|CPU_VIX_X_ARCH|MARKET_RETURN|ENERGY_RETURN|TREASURY_RETURN|VIX_CHANGE|GROWTH_FACTOR|USO_RETURN,12,12,75.82344521744042,1,9.757337089103662e-17,179
GROWTH_DURATION_EXPOSURE_FINAL,CPU_VIX_CONTINUOUS,12,ARCHITECTURE_FACTOR_BETAS,GROWTH_DURATION_EXPOSURE_FINAL_MAIN,RELIABLE_ESTIMATE,-0.006926432123648685,0.00851276569894329,-0.8136523861461944,0.41692512382401503,-0.02372471893439279,0.009871854687095422,809,13,180,DK,False,VALID,7.246717984510547e-05,0,0,0,5.571487588807347e-06,CPU_Z|VIX_LEVEL_Z|CPU_X_VIX|CPU_X_ARCH|VIX_X_ARCH|CPU_VIX_X_ARCH|MARKET_RETURN|ENERGY_RETURN|TREASURY_RETURN|VIX_CHANGE|GROWTH_FACTOR|USO_RETURN|MARKET_RETURN_X_ARCH_STYLE|GROWTH_FACTOR_X_ARCH_STYLE|ENERGY_RETURN_X_ARCH_STYLE|TREASURY_RETURN_X_ARCH_STYLE|USO_RETURN_X_ARCH_STYLE,17,17,129.8535433967569,1,9.757337089103662e-17,179
GROWTH_DURATION_EXPOSURE_FINAL,CPU_AND_VIX_STRESS,0,BASELINE,GROWTH_DURATION_EXPOSURE_FINAL_MAIN,RELIABLE_ESTIMATE,-0.01287492024523637,0.006772394614494727,-1.901088311906783,0.058796091263410136,-0.026233211202031384,0.00048337071155864393,965,13,192,DATE_CLUSTER,False,VALID,4.586532881443718e-05,0,0,0,6.927686241215567e-07,HIGH_CPU_REGIME|HIGH_VIX_REGIME|JV_AB|JV_A_X_ARCH|JV_B_X_ARCH|JV_AB_X_ARCH|MARKET_RETURN|ENERGY_RETURN|TREASURY_RETURN|VIX_CHANGE,10,10,25.839362058115444,1,1.2313121161710608e-16,191
GROWTH_DURATION_EXPOSURE_FINAL,CPU_AND_VIX_STRESS,0,COMMON_STYLE_CONTROLS,GROWTH_DURATION_EXPOSURE_FINAL_MAIN,RELIABLE_ESTIMATE,-0.012904131646929377,0.006771404942872525,-1.9056800997423828,0.05819360715961183,-0.026260470514067248,0.0004522072202084917,965,13,192,DATE_CLUSTER,False,VALID,4.585192490035846e-05,0,0,0,5.189910779164902e-07,HIGH_CPU_REGIME|HIGH_VIX_REGIME|JV_AB|JV_A_X_ARCH|JV_B_X_ARCH|JV_AB_X_ARCH|MARKET_RETURN|ENERGY_RETURN|TREASURY_RETURN|VIX_CHANGE|GROWTH_FACTOR|USO_RETURN,12,12,40.38276232160817,1,1.2313121161710608e-16,191
GROWTH_DURATION_EXPOSURE_FINAL,CPU_AND_VIX_STRESS,0,ARCHITECTURE_FACTOR_BETAS,GROWTH_DURATION_EXPOSURE_FINAL_MAIN,RELIABLE_ESTIMATE,-0.00041840634544151786,0.003659889374660521,-0.11432212906170909,0.909102526260304,-0.007637399023712283,0.006800586332829247,965,13,192,DATE_CLUSTER,False,VALID,1.339479023475298e-05,0,0,0,3.400440900175102e-07,HIGH_CPU_REGIME|HIGH_VIX_REGIME|JV_AB|JV_A_X_ARCH|JV_B_X_ARCH|JV_AB_X_ARCH|MARKET_RETURN|ENERGY_RETURN|TREASURY_RETURN|VIX_CHANGE|GROWTH_FACTOR|USO_RETURN|MARKET_RETURN_X_ARCH_STYLE|GROWTH_FACTOR_X_ARCH_STYLE|ENERGY_RETURN_X_ARCH_STYLE|TREASURY_RETURN_X_ARCH_STYLE|USO_RETURN_X_ARCH_STYLE,17,17,68.41088632125431,1,1.2313121161710608e-16,191
GROWTH_DURATION_EXPOSURE_FINAL,EXTREME_CPU_REGIME,0,BASELINE,GROWTH_DURATION_EXPOSURE_FINAL_MAIN,RELIABLE_ESTIMATE,-0.005659487334613668,0.00393122236372897,-1.4396253406651227,0.1516103612005301,-0.013413674020391873,0.002094699351164536,965,13,192,DATE_CLUSTER,False,VALID,1.5454509273082796e-05,0,0,0,1.8773759711340137e-06,EXTREME_CPU_REGIME|EXTREME_X_ARCH|MARKET_RETURN|ENERGY_RETURN|TREASURY_RETURN|VIX_CHANGE,6,6,17.985019533721523,1,2.168673991107171e-17,191
GROWTH_DURATION_EXPOSURE_FINAL,EXTREME_CPU_REGIME,0,COMMON_STYLE_CONTROLS,GROWTH_DURATION_EXPOSURE_FINAL_MAIN,RELIABLE_ESTIMATE,-0.005656956799403746,0.003943849788854792,-1.4343743048708764,0.15310070494552638,-0.013436050601271265,0.0021221370024637736,965,13,192,DATE_CLUSTER,False,VALID,1.555395115704999e-05,0,0,0,1.5356627026332333e-06,EXTREME_CPU_REGIME|EXTREME_X_ARCH|MARKET_RETURN|ENERGY_RETURN|TREASURY_RETURN|VIX_CHANGE|GROWTH_FACTOR|USO_RETURN,8,8,28.004207558552586,1,2.168673991107171e-17,191
GROWTH_DURATION_EXPOSURE_FINAL,EXTREME_CPU_REGIME,0,ARCHITECTURE_FACTOR_BETAS,GROWTH_DURATION_EXPOSURE_FINAL_MAIN,RELIABLE_ESTIMATE,-0.0017306882059408661,0.0018234393933824627,-0.9491339345973303,0.34375187555786546,-0.005327353100031955,0.0018659766881502227,965,13,192,DATE_CLUSTER,False,VALID,3.324931221339004e-06,0,0,0,8.903262952524236e-07,EXTREME_CPU_REGIME|EXTREME_X_ARCH|MARKET_RETURN|ENERGY_RETURN|TREASURY_RETURN|VIX_CHANGE|GROWTH_FACTOR|USO_RETURN|MARKET_RETURN_X_ARCH_STYLE|GROWTH_FACTOR_X_ARCH_STYLE|ENERGY_RETURN_X_ARCH_STYLE|TREASURY_RETURN_X_ARCH_STYLE|USO_RETURN_X_ARCH_STYLE,13,13,47.057048848453434,1,2.168673991107171e-17,191
GROWTH_DURATION_EXPOSURE_FINAL,EXTREME_CPU_REGIME,6,BASELINE,GROWTH_DURATION_EXPOSURE_FINAL_MAIN,RELIABLE_ESTIMATE,-0.025654725653424446,0.014091387812643817,-1.8205960970292197,0.07028407676049285,-0.05345520116939193,0.0021457498625430393,887,13,186,DK,False,VALID,0.0001985672104863267,0,0,0,4.001237215059536e-05,EXTREME_CPU_REGIME|EXTREME_X_ARCH|MARKET_RETURN|ENERGY_RETURN|TREASURY_RETURN|VIX_CHANGE,6,6,15.985031283447142,1,5.031675940240281e-17,185
GROWTH_DURATION_EXPOSURE_FINAL,EXTREME_CPU_REGIME,6,COMMON_STYLE_CONTROLS,GROWTH_DURATION_EXPOSURE_FINAL_MAIN,RELIABLE_ESTIMATE,-0.025752262211363793,0.014165660850769986,-1.8179358155369085,0.07069153711538524,-0.05369926877206417,0.0021947443493365894,887,13,186,DK,False,VALID,0.00020066594733903742,0,0,0,3.842202821976084e-05,EXTREME_CPU_REGIME|EXTREME_X_ARCH|MARKET_RETURN|ENERGY_RETURN|TREASURY_RETURN|VIX_CHANGE|GROWTH_FACTOR|USO_RETURN,8,8,24.555635078366524,1,5.031675940240281e-17,185
GROWTH_DURATION_EXPOSURE_FINAL,EXTREME_CPU_REGIME,6,ARCHITECTURE_FACTOR_BETAS,GROWTH_DURATION_EXPOSURE_FINAL_MAIN,RELIABLE_ESTIMATE,-0.022023829649163426,0.012935119737825454,-1.7026382511760105,0.09031532011411031,-0.04754313863055863,0.0034954793322317795,887,13,186,DK,False,VALID,0.00016731732263188163,0,0,0,2.2368764386915855e-05,EXTREME_CPU_REGIME|EXTREME_X_ARCH|MARKET_RETURN|ENERGY_RETURN|TREASURY_RETURN|VIX_CHANGE|GROWTH_FACTOR|USO_RETURN|MARKET_RETURN_X_ARCH_STYLE|GROWTH_FACTOR_X_ARCH_STYLE|ENERGY_RETURN_X_ARCH_STYLE|TREASURY_RETURN_X_ARCH_STYLE|USO_RETURN_X_ARCH_STYLE,13,13,41.59600148542564,1,5.031675940240281e-17,185
GROWTH_DURATION_EXPOSURE_FINAL,EXTREME_CPU_REGIME,9,BASELINE,GROWTH_DURATION_EXPOSURE_FINAL_MAIN,RELIABLE_ESTIMATE,-0.04543829466703695,0.013596048724208507,-3.342022052784467,0.0010094187499378193,-0.07226444191945587,-0.018612147414618026,848,13,183,DK,False,VALID,0.00018485254091105176,0,0,0,5.299778115118047e-05,EXTREME_CPU_REGIME|EXTREME_X_ARCH|MARKET_RETURN|ENERGY_RETURN|TREASURY_RETURN|VIX_CHANGE,6,6,15.0571219467313,1,1.8460076234923004e-17,182
GROWTH_DURATION_EXPOSURE_FINAL,EXTREME_CPU_REGIME,9,COMMON_STYLE_CONTROLS,GROWTH_DURATION_EXPOSURE_FINAL_MAIN,RELIABLE_ESTIMATE,-0.04568483007689969,0.013613750658812259,-3.3557857214997275,0.0009633005656892968,-0.07254590473462331,-0.018823755419176063,848,13,183,DK,False,VALID,0.0001853342070003112,0,0,0,3.677084486181242e-05,EXTREME_CPU_REGIME|EXTREME_X_ARCH|MARKET_RETURN|ENERGY_RETURN|TREASURY_RETURN|VIX_CHANGE|GROWTH_FACTOR|USO_RETURN,8,8,21.830531357741304,1,1.8460076234923004e-17,182
GROWTH_DURATION_EXPOSURE_FINAL,EXTREME_CPU_REGIME,9,ARCHITECTURE_FACTOR_BETAS,GROWTH_DURATION_EXPOSURE_FINAL_MAIN,RELIABLE_ESTIMATE,-0.044164366585121316,0.013435056178810724,-3.287248374500713,0.0012141389697075378,-0.07067286200964609,-0.017655871160596536,848,13,183,DK,False,VALID,0.0001805007345278002,0,0,0,2.0855517124202173e-05,EXTREME_CPU_REGIME|EXTREME_X_ARCH|MARKET_RETURN|ENERGY_RETURN|TREASURY_RETURN|VIX_CHANGE|GROWTH_FACTOR|USO_RETURN|MARKET_RETURN_X_ARCH_STYLE|GROWTH_FACTOR_X_ARCH_STYLE|ENERGY_RETURN_X_ARCH_STYLE|TREASURY_RETURN_X_ARCH_STYLE|USO_RETURN_X_ARCH_STYLE,13,13,36.9560273889474,1,1.8460076234923004e-17,182
GROWTH_DURATION_EXPOSURE_FINAL,EXTREME_CPU_REGIME,12,BASELINE,GROWTH_DURATION_EXPOSURE_FINAL_MAIN,RELIABLE_ESTIMATE,-0.06347053680536761,0.02275758283657837,-2.7889841052605604,0.005859519466851101,-0.10837819867788517,-0.018562874932850054,809,13,180,DK,False,VALID,0.0005179075765637265,0,0,0,5.969692687517063e-05,EXTREME_CPU_REGIME|EXTREME_X_ARCH|MARKET_RETURN|ENERGY_RETURN|TREASURY_RETURN|VIX_CHANGE,6,6,13.034849295561754,1,2.6280310162635042e-17,179
GROWTH_DURATION_EXPOSURE_FINAL,EXTREME_CPU_REGIME,12,COMMON_STYLE_CONTROLS,GROWTH_DURATION_EXPOSURE_FINAL_MAIN,RELIABLE_ESTIMATE,-0.06416170242755942,0.022586498859507052,-2.8407104096415825,0.005023131932899624,-0.10873176335847894,-0.019591641496639903,809,13,180,DK,False,VALID,0.0005101499307305134,0,0,0,3.55774991668844e-05,EXTREME_CPU_REGIME|EXTREME_X_ARCH|MARKET_RETURN|ENERGY_RETURN|TREASURY_RETURN|VIX_CHANGE|GROWTH_FACTOR|USO_RETURN,8,8,18.538560943576922,1,2.6280310162635042e-17,179
GROWTH_DURATION_EXPOSURE_FINAL,EXTREME_CPU_REGIME,12,ARCHITECTURE_FACTOR_BETAS,GROWTH_DURATION_EXPOSURE_FINAL_MAIN,RELIABLE_ESTIMATE,-0.0589070563400793,0.023443973956122514,-2.5126736811058183,0.012865727718770455,-0.10516917753853385,-0.01264493514162475,809,13,180,DK,False,VALID,0.0005496199148553508,0,0,0,2.4476545143268798e-05,EXTREME_CPU_REGIME|EXTREME_X_ARCH|MARKET_RETURN|ENERGY_RETURN|TREASURY_RETURN|VIX_CHANGE|GROWTH_FACTOR|USO_RETURN|MARKET_RETURN_X_ARCH_STYLE|GROWTH_FACTOR_X_ARCH_STYLE|ENERGY_RETURN_X_ARCH_STYLE|TREASURY_RETURN_X_ARCH_STYLE|USO_RETURN_X_ARCH_STYLE,13,13,31.254225391035863,1,2.6280310162635042e-17,179
PORTFOLIO_CONCENTRATION_FINAL,CPU_VIX_CONTINUOUS,0,BASELINE,PORTFOLIO_CONCENTRATION_FINAL_MAIN,RELIABLE_ESTIMATE,-0.0033958632930821036,0.0015875200280565285,-2.139099496741079,0.03369727556762363,-0.006527186206417783,-0.0002645403797464246,1828,24,192,DATE_CLUSTER,False,VALID,2.520219839480601e-06,0,0,0,3.373462015084615e-07,CPU_Z|VIX_LEVEL_Z|CPU_X_VIX|CPU_X_ARCH|VIX_X_ARCH|CPU_VIX_X_ARCH|MARKET_RETURN|ENERGY_RETURN|TREASURY_RETURN|VIX_CHANGE,10,10,49.65159632143974,1,1.0330904621922272e-16,191
PORTFOLIO_CONCENTRATION_FINAL,CPU_VIX_CONTINUOUS,0,COMMON_STYLE_CONTROLS,PORTFOLIO_CONCENTRATION_FINAL_MAIN,RELIABLE_ESTIMATE,-0.003410011272123478,0.0015899414090638235,-2.1447402103523636,0.03323691575896222,-0.00654611026745879,-0.00027391227678816516,1828,24,192,DATE_CLUSTER,False,VALID,2.5279136842558565e-06,0,0,0,3.562575028708174e-07,CPU_Z|VIX_LEVEL_Z|CPU_X_VIX|CPU_X_ARCH|VIX_X_ARCH|CPU_VIX_X_ARCH|MARKET_RETURN|ENERGY_RETURN|TREASURY_RETURN|VIX_CHANGE|GROWTH_FACTOR|USO_RETURN,12,12,78.49247091335455,1,1.0330904621922272e-16,191
PORTFOLIO_CONCENTRATION_FINAL,CPU_VIX_CONTINUOUS,0,ARCHITECTURE_FACTOR_BETAS,PORTFOLIO_CONCENTRATION_FINAL_MAIN,RELIABLE_ESTIMATE,-0.0021056615991326185,0.0012196894533900004,-1.7263915772003688,0.0858939573576845,-0.004511452685264341,0.0003001294869991039,1828,24,192,DATE_CLUSTER,False,VALID,1.4876423627107977e-06,0,0,0,7.638243424073476e-08,CPU_Z|VIX_LEVEL_Z|CPU_X_VIX|CPU_X_ARCH|VIX_X_ARCH|CPU_VIX_X_ARCH|MARKET_RETURN|ENERGY_RETURN|TREASURY_RETURN|VIX_CHANGE|GROWTH_FACTOR|USO_RETURN|MARKET_RETURN_X_ARCH_STYLE|GROWTH_FACTOR_X_ARCH_STYLE|ENERGY_RETURN_X_ARCH_STYLE|TREASURY_RETURN_X_ARCH_STYLE|USO_RETURN_X_ARCH_STYLE,17,17,118.00638767559664,1,1.0330904621922272e-16,191
PORTFOLIO_CONCENTRATION_FINAL,CPU_VIX_CONTINUOUS,6,BASELINE,PORTFOLIO_CONCENTRATION_FINAL_MAIN,RELIABLE_ESTIMATE,-0.0058687126776814655,0.007809021858580262,-0.7515298053920982,0.45328885662081614,-0.02127489721177842,0.00953747185641549,1684,24,186,DK,False,VALID,6.0980822387784325e-05,0,0,0,3.174363088598577e-06,CPU_Z|VIX_LEVEL_Z|CPU_X_VIX|CPU_X_ARCH|VIX_X_ARCH|CPU_VIX_X_ARCH|MARKET_RETURN|ENERGY_RETURN|TREASURY_RETURN|VIX_CHANGE,10,10,49.834601109554214,1,6.507067252405163e-17,185
PORTFOLIO_CONCENTRATION_FINAL,CPU_VIX_CONTINUOUS,6,COMMON_STYLE_CONTROLS,PORTFOLIO_CONCENTRATION_FINAL_MAIN,RELIABLE_ESTIMATE,-0.00602890365438733,0.007886370477934376,-0.7644712699277654,0.4455604465766606,-0.021587686954988923,0.009529879646214264,1684,24,186,DK,False,VALID,6.219483931523487e-05,0,0,0,3.230053325303519e-06,CPU_Z|VIX_LEVEL_Z|CPU_X_VIX|CPU_X_ARCH|VIX_X_ARCH|CPU_VIX_X_ARCH|MARKET_RETURN|ENERGY_RETURN|TREASURY_RETURN|VIX_CHANGE|GROWTH_FACTOR|USO_RETURN,12,12,78.07725191439053,1,6.507067252405163e-17,185
PORTFOLIO_CONCENTRATION_FINAL,CPU_VIX_CONTINUOUS,6,ARCHITECTURE_FACTOR_BETAS,PORTFOLIO_CONCENTRATION_FINAL_MAIN,RELIABLE_ESTIMATE,-0.0025832457139161663,0.008210126472428612,-0.31464140322213874,0.7533885121033729,-0.018780757485961058,0.013614266058128724,1684,24,186,DK,False,VALID,6.740617669327308e-05,0,0,0,1.6915707236626788e-06,CPU_Z|VIX_LEVEL_Z|CPU_X_VIX|CPU_X_ARCH|VIX_X_ARCH|CPU_VIX_X_ARCH|MARKET_RETURN|ENERGY_RETURN|TREASURY_RETURN|VIX_CHANGE|GROWTH_FACTOR|USO_RETURN|MARKET_RETURN_X_ARCH_STYLE|GROWTH_FACTOR_X_ARCH_STYLE|ENERGY_RETURN_X_ARCH_STYLE|TREASURY_RETURN_X_ARCH_STYLE|USO_RETURN_X_ARCH_STYLE,17,17,117.8024365741742,1,6.507067252405163e-17,185
PORTFOLIO_CONCENTRATION_FINAL,CPU_VIX_CONTINUOUS,9,BASELINE,PORTFOLIO_CONCENTRATION_FINAL_MAIN,RELIABLE_ESTIMATE,-0.00745494918811976,0.005335479387056758,-1.3972407439535022,0.1640422773941587,-0.01798229861167537,0.0030724002354358525,1612,24,183,DK,False,VALID,2.8467340289707556e-05,0,0,0,7.669962114134914e-06,CPU_Z|VIX_LEVEL_Z|CPU_X_VIX|CPU_X_ARCH|VIX_X_ARCH|CPU_VIX_X_ARCH|MARKET_RETURN|ENERGY_RETURN|TREASURY_RETURN|VIX_CHANGE,10,10,49.27287079543157,1,7.427887915993991e-17,182
PORTFOLIO_CONCENTRATION_FINAL,CPU_VIX_CONTINUOUS,9,COMMON_STYLE_CONTROLS,PORTFOLIO_CONCENTRATION_FINAL_MAIN,RELIABLE_ESTIMATE,-0.0072922992477575475,0.00512360729781351,-1.4232744283250442,0.15636856140099117,-0.017401607225595417,0.00281700873008032,1612,24,183,DK,False,VALID,2.6251351742207856e-05,0,0,0,5.73853632644977e-06,CPU_Z|VIX_LEVEL_Z|CPU_X_VIX|CPU_X_ARCH|VIX_X_ARCH|CPU_VIX_X_ARCH|MARKET_RETURN|ENERGY_RETURN|TREASURY_RETURN|VIX_CHANGE|GROWTH_FACTOR|USO_RETURN,12,12,74.8022955678652,1,7.427887915993991e-17,182
PORTFOLIO_CONCENTRATION_FINAL,CPU_VIX_CONTINUOUS,9,ARCHITECTURE_FACTOR_BETAS,PORTFOLIO_CONCENTRATION_FINAL_MAIN,RELIABLE_ESTIMATE,-0.00888359830516408,0.005960928027953996,-1.4903045739697094,0.13787518446559965,-0.020645010483265412,0.0028778138729372554,1612,24,183,DK,False,VALID,3.5532662954447515e-05,0,0,0,2.808808455072499e-06,CPU_Z|VIX_LEVEL_Z|CPU_X_VIX|CPU_X_ARCH|VIX_X_ARCH|CPU_VIX_X_ARCH|MARKET_RETURN|ENERGY_RETURN|TREASURY_RETURN|VIX_CHANGE|GROWTH_FACTOR|USO_RETURN|MARKET_RETURN_X_ARCH_STYLE|GROWTH_FACTOR_X_ARCH_STYLE|ENERGY_RETURN_X_ARCH_STYLE|TREASURY_RETURN_X_ARCH_STYLE|USO_RETURN_X_ARCH_STYLE,17,17,113.21908161068308,1,7.427887915993991e-17,182
PORTFOLIO_CONCENTRATION_FINAL,CPU_VIX_CONTINUOUS,12,BASELINE,PORTFOLIO_CONCENTRATION_FINAL_MAIN,RELIABLE_ESTIMATE,-0.009621329386421781,0.007740710368343523,-1.242951735511156,0.21551127574200954,-0.02489611521806709,0.005653456445223528,1540,24,180,DK,False,VALID,5.991859700658092e-05,0,0,0,9.233652032723051e-06,CPU_Z|VIX_LEVEL_Z|CPU_X_VIX|CPU_X_ARCH|VIX_X_ARCH|CPU_VIX_X_ARCH|MARKET_RETURN|ENERGY_RETURN|TREASURY_RETURN|VIX_CHANGE,10,10,51.10286585786477,1,8.139232433777934e-17,179
PORTFOLIO_CONCENTRATION_FINAL,CPU_VIX_CONTINUOUS,12,COMMON_STYLE_CONTROLS,PORTFOLIO_CONCENTRATION_FINAL_MAIN,RELIABLE_ESTIMATE,-0.009358252112368327,0.007167114611453537,-1.3057210076441645,0.19332307804594215,-0.023501158320114214,0.004784654095377559,1540,24,180,DK,False,VALID,5.1367531853710776e-05,0,0,0,8.466365948486335e-06,CPU_Z|VIX_LEVEL_Z|CPU_X_VIX|CPU_X_ARCH|VIX_X_ARCH|CPU_VIX_X_ARCH|MARKET_RETURN|ENERGY_RETURN|TREASURY_RETURN|VIX_CHANGE|GROWTH_FACTOR|USO_RETURN,12,12,74.23067035931781,1,8.139232433777934e-17,179
PORTFOLIO_CONCENTRATION_FINAL,CPU_VIX_CONTINUOUS,12,ARCHITECTURE_FACTOR_BETAS,PORTFOLIO_CONCENTRATION_FINAL_MAIN,RELIABLE_ESTIMATE,-0.007896843689702683,0.007834420382312692,-1.0079678271453139,0.3148305122802857,-0.023356548001118714,0.007562860621713349,1540,24,180,DK,False,VALID,6.137814272679653e-05,0,0,0,4.058036730694854e-06,CPU_Z|VIX_LEVEL_Z|CPU_X_VIX|CPU_X_ARCH|VIX_X_ARCH|CPU_VIX_X_ARCH|MARKET_RETURN|ENERGY_RETURN|TREASURY_RETURN|VIX_CHANGE|GROWTH_FACTOR|USO_RETURN|MARKET_RETURN_X_ARCH_STYLE|GROWTH_FACTOR_X_ARCH_STYLE|ENERGY_RETURN_X_ARCH_STYLE|TREASURY_RETURN_X_ARCH_STYLE|USO_RETURN_X_ARCH_STYLE,17,17,111.74469692352947,1,8.139232433777934e-17,179
PORTFOLIO_CONCENTRATION_FINAL,CPU_AND_VIX_STRESS,0,BASELINE,PORTFOLIO_CONCENTRATION_FINAL_MAIN,RELIABLE_ESTIMATE,-0.01214263013751627,0.006739324181249134,-1.801757833715848,0.07316050860725762,-0.02543569092174922,0.0011504306467166776,1828,24,192,DATE_CLUSTER,False,VALID,4.5418490419969315e-05,0,0,0,1.2711157054242963e-06,HIGH_CPU_REGIME|HIGH_VIX_REGIME|JV_AB|JV_A_X_ARCH|JV_B_X_ARCH|JV_AB_X_ARCH|MARKET_RETURN|ENERGY_RETURN|TREASURY_RETURN|VIX_CHANGE,10,10,25.644554741818826,1,3.255358540476389e-17,191
PORTFOLIO_CONCENTRATION_FINAL,CPU_AND_VIX_STRESS,0,COMMON_STYLE_CONTROLS,PORTFOLIO_CONCENTRATION_FINAL_MAIN,RELIABLE_ESTIMATE,-0.0121669614581137,0.006732439972130749,-1.807214250476708,0.07230248203913976,-0.025446443401531023,0.0011125204853036242,1828,24,192,DATE_CLUSTER,False,VALID,4.5325747978343885e-05,0,0,0,1.3219336528783678e-06,HIGH_CPU_REGIME|HIGH_VIX_REGIME|JV_AB|JV_A_X_ARCH|JV_B_X_ARCH|JV_AB_X_ARCH|MARKET_RETURN|ENERGY_RETURN|TREASURY_RETURN|VIX_CHANGE|GROWTH_FACTOR|USO_RETURN,12,12,40.1393170009463,1,3.255358540476389e-17,191
PORTFOLIO_CONCENTRATION_FINAL,CPU_AND_VIX_STRESS,0,ARCHITECTURE_FACTOR_BETAS,PORTFOLIO_CONCENTRATION_FINAL_MAIN,RELIABLE_ESTIMATE,-0.003468933037608005,0.005161763065735356,-0.6720442208274457,0.5023676488718183,-0.013650314484955264,0.006712448409739255,1828,24,192,DATE_CLUSTER,False,VALID,2.6643797946789667e-05,0,0,0,4.379999965278717e-07,HIGH_CPU_REGIME|HIGH_VIX_REGIME|JV_AB|JV_A_X_ARCH|JV_B_X_ARCH|JV_AB_X_ARCH|MARKET_RETURN|ENERGY_RETURN|TREASURY_RETURN|VIX_CHANGE|GROWTH_FACTOR|USO_RETURN|MARKET_RETURN_X_ARCH_STYLE|GROWTH_FACTOR_X_ARCH_STYLE|ENERGY_RETURN_X_ARCH_STYLE|TREASURY_RETURN_X_ARCH_STYLE|USO_RETURN_X_ARCH_STYLE,17,17,59.443472797553696,1,3.255358540476389e-17,191
PORTFOLIO_CONCENTRATION_FINAL,EXTREME_CPU_REGIME,0,BASELINE,PORTFOLIO_CONCENTRATION_FINAL_MAIN,RELIABLE_ESTIMATE,4.612363728703599e-05,0.004506629126591077,0.010234620154315876,0.9918447792121973,-0.008843031016891668,0.00893527829146574,1828,24,192,DATE_CLUSTER,False,VALID,2.0309706084639052e-05,0,0,0,2.7125983611720455e-06,EXTREME_CPU_REGIME|EXTREME_X_ARCH|MARKET_RETURN|ENERGY_RETURN|TREASURY_RETURN|VIX_CHANGE,6,6,17.654177219914214,1,5.690804015720852e-17,191
PORTFOLIO_CONCENTRATION_FINAL,EXTREME_CPU_REGIME,0,COMMON_STYLE_CONTROLS,PORTFOLIO_CONCENTRATION_FINAL_MAIN,RELIABLE_ESTIMATE,3.847943127513638e-05,0.004503219193697591,0.008544871928284029,0.9931911798773644,-0.00884394925988351,0.008920908122433784,1828,24,192,DATE_CLUSTER,False,VALID,2.027898310648638e-05,0,0,0,2.5935406005772916e-06,EXTREME_CPU_REGIME|EXTREME_X_ARCH|MARKET_RETURN|ENERGY_RETURN|TREASURY_RETURN|VIX_CHANGE|GROWTH_FACTOR|USO_RETURN,8,8,27.584795035780523,1,5.690804015720852e-17,191
PORTFOLIO_CONCENTRATION_FINAL,EXTREME_CPU_REGIME,0,ARCHITECTURE_FACTOR_BETAS,PORTFOLIO_CONCENTRATION_FINAL_MAIN,RELIABLE_ESTIMATE,0.002182519810802419,0.0031689897841949573,0.6887115325166191,0.4918405196544521,-0.0040681920844827316,0.00843323170608757,1828,24,192,DATE_CLUSTER,False,VALID,1.0042496252332001e-05,0,0,0,1.4718029475201371e-06,EXTREME_CPU_REGIME|EXTREME_X_ARCH|MARKET_RETURN|ENERGY_RETURN|TREASURY_RETURN|VIX_CHANGE|GROWTH_FACTOR|USO_RETURN|MARKET_RETURN_X_ARCH_STYLE|GROWTH_FACTOR_X_ARCH_STYLE|ENERGY_RETURN_X_ARCH_STYLE|TREASURY_RETURN_X_ARCH_STYLE|USO_RETURN_X_ARCH_STYLE,13,13,40.528402883875344,1,5.690804015720852e-17,191
PORTFOLIO_CONCENTRATION_FINAL,EXTREME_CPU_REGIME,6,BASELINE,PORTFOLIO_CONCENTRATION_FINAL_MAIN,RELIABLE_ESTIMATE,0.024091481487767175,0.025592884994438875,0.9413351207963486,0.3477607027923023,-0.026399952154593103,0.07458291513012745,1684,24,186,DK,False,VALID,0.0006549957623385744,0,0,0,3.10983626522046e-05,EXTREME_CPU_REGIME|EXTREME_X_ARCH|MARKET_RETURN|ENERGY_RETURN|TREASURY_RETURN|VIX_CHANGE,6,6,15.695534513448836,1,5.392888563796782e-17,185
PORTFOLIO_CONCENTRATION_FINAL,EXTREME_CPU_REGIME,6,COMMON_STYLE_CONTROLS,PORTFOLIO_CONCENTRATION_FINAL_MAIN,RELIABLE_ESTIMATE,0.02405779007670384,0.025681674383172173,0.9367687526039044,0.35009879658515175,-0.0266088134822308,0.07472439363563849,1684,24,186,DK,False,VALID,0.0006595483991232818,0,0,0,3.422098399094398e-05,EXTREME_CPU_REGIME|EXTREME_X_ARCH|MARKET_RETURN|ENERGY_RETURN|TREASURY_RETURN|VIX_CHANGE|GROWTH_FACTOR|USO_RETURN,8,8,24.201067512991433,1,5.392888563796782e-17,185
PORTFOLIO_CONCENTRATION_FINAL,EXTREME_CPU_REGIME,6,ARCHITECTURE_FACTOR_BETAS,PORTFOLIO_CONCENTRATION_FINAL_MAIN,RELIABLE_ESTIMATE,0.02975707317895332,0.02548558975983736,1.1676038678864467,0.24446922947619235,-0.02052268091968998,0.08003682727759662,1684,24,186,DK,False,VALID,0.0006495152854067269,0,0,0,2.153208758107149e-05,EXTREME_CPU_REGIME|EXTREME_X_ARCH|MARKET_RETURN|ENERGY_RETURN|TREASURY_RETURN|VIX_CHANGE|GROWTH_FACTOR|USO_RETURN|MARKET_RETURN_X_ARCH_STYLE|GROWTH_FACTOR_X_ARCH_STYLE|ENERGY_RETURN_X_ARCH_STYLE|TREASURY_RETURN_X_ARCH_STYLE|USO_RETURN_X_ARCH_STYLE,13,13,35.81764031459404,1,5.392888563796782e-17,185
PORTFOLIO_CONCENTRATION_FINAL,EXTREME_CPU_REGIME,9,BASELINE,PORTFOLIO_CONCENTRATION_FINAL_MAIN,RELIABLE_ESTIMATE,0.016734695240925697,0.02155256432528891,0.776459589139928,0.43848558713521196,-0.02579032625505967,0.059259716736911064,1612,24,183,DK,False,VALID,0.0004645130289957162,0,0,0,6.833527323003174e-05,EXTREME_CPU_REGIME|EXTREME_X_ARCH|MARKET_RETURN|ENERGY_RETURN|TREASURY_RETURN|VIX_CHANGE,6,6,14.786910537699802,1,1.3292372441231714e-17,182
PORTFOLIO_CONCENTRATION_FINAL,EXTREME_CPU_REGIME,9,COMMON_STYLE_CONTROLS,PORTFOLIO_CONCENTRATION_FINAL_MAIN,RELIABLE_ESTIMATE,0.01686888524121019,0.021797968186379045,0.7738742022640026,0.4400092466749449,-0.026140338705608876,0.05987810918802926,1612,24,183,DK,False,VALID,0.000475151417054393,0,0,0,5.124670652762735e-05,EXTREME_CPU_REGIME|EXTREME_X_ARCH|MARKET_RETURN|ENERGY_RETURN|TREASURY_RETURN|VIX_CHANGE|GROWTH_FACTOR|USO_RETURN,8,8,21.5334749685603,1,1.3292372441231714e-17,182
PORTFOLIO_CONCENTRATION_FINAL,EXTREME_CPU_REGIME,9,ARCHITECTURE_FACTOR_BETAS,PORTFOLIO_CONCENTRATION_FINAL_MAIN,RELIABLE_ESTIMATE,0.015773531389659493,0.021206273733443293,0.7438143819101934,0.45794796526635806,-0.026068229653424063,0.05761529243274305,1612,24,183,DK,False,VALID,0.00044970604565772697,0,0,0,2.113563710121662e-05,EXTREME_CPU_REGIME|EXTREME_X_ARCH|MARKET_RETURN|ENERGY_RETURN|TREASURY_RETURN|VIX_CHANGE|GROWTH_FACTOR|USO_RETURN|MARKET_RETURN_X_ARCH_STYLE|GROWTH_FACTOR_X_ARCH_STYLE|ENERGY_RETURN_X_ARCH_STYLE|TREASURY_RETURN_X_ARCH_STYLE|USO_RETURN_X_ARCH_STYLE,13,13,31.853753960887904,1,1.3292372441231714e-17,182
PORTFOLIO_CONCENTRATION_FINAL,EXTREME_CPU_REGIME,12,BASELINE,PORTFOLIO_CONCENTRATION_FINAL_MAIN,RELIABLE_ESTIMATE,-0.004531560246113592,0.022022555389997228,-0.20576904749990332,0.8372051543862348,-0.04798878846426996,0.03892566797204278,1540,24,180,DK,False,VALID,0.0004849929459054959,0,0,0,0.00016541775565239721,EXTREME_CPU_REGIME|EXTREME_X_ARCH|MARKET_RETURN|ENERGY_RETURN|TREASURY_RETURN|VIX_CHANGE,6,6,12.844388223837141,1,2.3033523140762176e-17,179
PORTFOLIO_CONCENTRATION_FINAL,EXTREME_CPU_REGIME,12,COMMON_STYLE_CONTROLS,PORTFOLIO_CONCENTRATION_FINAL_MAIN,RELIABLE_ESTIMATE,-0.004260025617894514,0.022348493631639467,-0.19061802053018292,0.8490408876307751,-0.048360429539380245,0.03984037830359122,1540,24,180,DK,False,VALID,0.0004994551676034298,0,0,0,0.00017334589390812825,EXTREME_CPU_REGIME|EXTREME_X_ARCH|MARKET_RETURN|ENERGY_RETURN|TREASURY_RETURN|VIX_CHANGE|GROWTH_FACTOR|USO_RETURN,8,8,18.365039861226784,1,2.3033523140762176e-17,179
PORTFOLIO_CONCENTRATION_FINAL,EXTREME_CPU_REGIME,12,ARCHITECTURE_FACTOR_BETAS,PORTFOLIO_CONCENTRATION_FINAL_MAIN,RELIABLE_ESTIMATE,0.004791846584284304,0.025147338870136184,0.19055084154351135,0.8490934453346475,-0.044831533854808335,0.05441522702337694,1540,24,180,DK,False,VALID,0.0006323886522494621,0,0,0,6.65868269879418e-05,EXTREME_CPU_REGIME|EXTREME_X_ARCH|MARKET_RETURN|ENERGY_RETURN|TREASURY_RETURN|VIX_CHANGE|GROWTH_FACTOR|USO_RETURN|MARKET_RETURN_X_ARCH_STYLE|GROWTH_FACTOR_X_ARCH_STYLE|ENERGY_RETURN_X_ARCH_STYLE|TREASURY_RETURN_X_ARCH_STYLE|USO_RETURN_X_ARCH_STYLE,13,13,27.050382797050105,1,2.3033523140762176e-17,179
